HIERARCHY
ROOT Hips
{
	OFFSET 0.000000 0.000000 0.000000
	CHANNELS 6 Xposition Yposition Zposition Zrotation Yrotation Xrotation 
	JOINT LeftUpLeg
	{
		OFFSET 1.363060 -1.794630 0.839290
		CHANNELS 3 Zrotation Yrotation Xrotation
		JOINT LeftLeg
		{
			OFFSET 2.448110 -6.726130 0.000000
			CHANNELS 3 Zrotation Yrotation Xrotation
			JOINT LeftFoot
			{
				OFFSET 2.562200 -7.039590 0.000000
				CHANNELS 3 Zrotation Yrotation Xrotation
				JOINT LeftToeBase
				{
					OFFSET 0.157640 -0.433110 2.322550
					CHANNELS 3 Zrotation Yrotation Xrotation
				}
			}
		}
	}
	JOINT RightUpLeg
	{
		OFFSET -1.305520 -1.794630 0.839290
		CHANNELS 3 Zrotation Yrotation Xrotation
		JOINT RightLeg
		{
			OFFSET -2.542530 -6.985550 0.000000
			CHANNELS 3 Zrotation Yrotation Xrotation
			JOINT RightFoot
			{
				OFFSET -2.568260 -7.056230 0.000000
				CHANNELS 3 Zrotation Yrotation Xrotation
				JOINT RightToeBase
				{
					OFFSET -0.164730 -0.452590 2.363150
					CHANNELS 3 Zrotation Yrotation Xrotation
				}
			}
		}
	}
	JOINT Spine
	{
		OFFSET 0.028270 2.035590 -0.193380
		CHANNELS 3 Zrotation Yrotation Xrotation
		JOINT Spine1
		{
			OFFSET 0.056720 2.048850 -0.042750
			CHANNELS 3 Zrotation Yrotation Xrotation
			JOINT Neck1
			{
				OFFSET -0.054170 1.746240 0.172020
				CHANNELS 3 Zrotation Yrotation Xrotation
				JOINT Head
				{
					OFFSET 0.104070 1.761360 -0.123970
					CHANNELS 3 Zrotation Yrotation Xrotation
				}
			}
			JOINT LeftArm
			{
				OFFSET 3.362410 1.200890 -0.311210
				CHANNELS 3 Zrotation Yrotation Xrotation
				JOINT LeftForeArm
				{
					OFFSET 4.983000 -0.000000 -0.000000
					CHANNELS 3 Zrotation Yrotation Xrotation
					JOINT LeftHand
					{
						OFFSET 3.483560 -0.000000 -0.000000
						CHANNELS 3 Zrotation Yrotation Xrotation
						JOINT LeftHandIndex1
						{
							OFFSET 0.715260 -0.000000 -0.000000
							CHANNELS 3 Zrotation Yrotation Xrotation
						}
					}
				}
			}
			JOINT RightArm
			{
				OFFSET -3.136600 1.374050 -0.404650
				CHANNELS 3 Zrotation Yrotation Xrotation
				JOINT RightForeArm
				{
					OFFSET -5.241900 -0.000000 -0.000000
					CHANNELS 3 Zrotation Yrotation Xrotation
					JOINT RightHand
					{
						OFFSET -3.444170 -0.000000 -0.000000
						CHANNELS 3 Zrotation Yrotation Xrotation
						JOINT RightHandIndex1
						{
							OFFSET -0.622530 -0.000000 -0.000000
							CHANNELS 3 Zrotation Yrotation Xrotation
						}
					}
				}
			}
		}
	}
}
MOTION
Frames: 180
Frame Time: 0.016667
0.008363 16.695906 0.369128 1.773755 6.842174 30.133164 -15.861726 -8.256928 -2.605466 1.563938 10.993262 28.041857 4.480627 13.057568 54.433634 0.136398 -2.380601 -6.558701 17.941836 3.195865 -66.993788 -9.036106 -19.160028 54.415393 3.978448 -11.958647 7.140820 -3.351097 11.242799 -33.103199 6.671748 -10.578495 13.276451 3.878334 -2.963839 -7.824573 0.162598 8.016139 -17.911524 -0.236901 0.922600 0.127601 -75.905386 -0.554465 61.828944 139.179289 -42.817971 -104.125390 -0.424673 0.095598 -0.555054 16.582362 -8.667365 -2.674112 72.438779 -41.196864 36.155461 -40.082356 47.491836 -26.145960 2.626650 1.594957 -10.356310 -19.869660 4.449943 -1.171826 
0.024533 16.433037 0.908329 1.966684 8.720479 30.260313 -15.194110 -9.772520 0.307263 -0.032530 9.376604 22.537674 6.790693 13.700122 60.375061 0.156002 -2.544701 -7.013603 17.890453 2.414082 -69.462255 -8.730967 -19.176345 53.631191 3.458111 -10.978130 8.347012 -3.416495 11.340501 -33.437198 6.779449 -12.127963 11.617869 4.008509 -3.430141 -8.246816 0.762068 8.082815 -16.431205 -0.057199 1.132000 0.773398 -75.328645 -2.651765 61.447844 142.936553 -39.257949 -107.040258 -0.434033 0.153855 1.574720 17.756553 -9.787116 -3.253154 69.809881 -45.738611 39.484231 -43.496291 49.553710 -29.440048 2.563015 1.344379 -7.967435 -19.244891 6.932287 -2.166502 
0.045384 16.301601 1.532534 1.967423 8.859721 30.265152 -15.194109 -9.772520 0.307263 -0.032530 9.376603 22.537673 6.790693 13.700121 60.375062 0.156001 -2.544701 -7.013603 17.890453 2.414082 -69.462256 -8.730966 -19.176345 53.631192 3.458111 -10.978128 8.347013 -3.416495 11.340501 -33.437199 6.779449 -12.127962 11.617871 4.008509 -3.430140 -8.246819 0.762068 8.082815 -16.431204 -0.057200 1.132000 0.773399 -75.328645 -2.651764 61.447844 142.936551 -39.257950 -107.040255 -0.434034 0.153854 1.574721 17.756553 -9.787115 -3.253156 69.809879 -45.738612 39.484231 -43.496291 49.553711 -29.440049 2.563014 1.344379 -7.967436 -19.244891 6.932287 -2.166503 
0.067778 16.267082 2.213662 1.775387 7.267803 30.146452 -15.861726 -8.256929 -2.605466 1.563938 10.993262 28.041858 4.480628 13.057568 54.433633 0.136399 -2.380601 -6.558702 17.941837 3.195864 -66.993787 -9.036106 -19.160028 54.415394 3.978447 -11.958647 7.140819 -3.351097 11.242800 -33.103199 6.671748 -10.578495 13.276450 3.878334 -2.963839 -7.824573 0.162598 8.016139 -17.911525 -0.236900 0.922600 0.127602 -75.905383 -0.554465 61.828943 139.179288 -42.817969 -104.125389 -0.424673 0.095598 -0.555053 16.582359 -8.667364 -2.674112 72.438782 -41.196863 36.155458 -40.082357 47.491836 -26.145961 2.626650 1.594957 -10.356310 -19.869660 4.449943 -1.171826 
0.086645 16.296867 2.919495 0.666889 6.155351 29.740687 -15.305428 -7.170203 -6.547452 3.598954 12.756810 34.448800 3.624788 11.298692 51.666695 0.183301 -2.757398 -7.603897 18.656302 4.077096 -63.632019 -9.069154 -18.974599 54.813815 3.872509 -11.629404 6.167818 -3.718099 11.775499 -34.942201 7.700274 -9.219874 15.109811 3.597916 -2.521850 -7.952678 -0.452241 8.040548 -18.770661 -0.400400 0.785900 -0.501597 -77.217602 1.566010 60.662193 132.235266 -47.808915 -98.869767 -0.494529 0.062045 -2.736399 16.720587 -8.245788 -2.571687 74.438277 -35.998354 33.744743 -36.811910 45.272041 -23.005624 2.752757 1.591132 -11.408661 -20.616023 3.690009 -0.950649 
0.098427 16.338009 3.639136 -0.181613 5.201352 29.357477 -14.717303 -6.706440 -10.994266 6.039624 14.628234 42.008345 2.493379 9.773860 47.293316 0.109900 -2.137800 -5.886701 19.252661 4.734355 -60.284553 -9.050717 -18.722357 55.006333 3.800820 -11.399782 5.225321 -4.091797 12.281600 -36.735598 8.486285 -7.918949 16.827758 3.432274 -2.123271 -8.075585 -1.044938 7.877116 -19.491253 -0.516000 0.621500 -1.042601 -78.735067 3.295144 59.086587 122.852377 -52.525435 -91.618330 -0.589752 -0.019391 -4.965315 16.718313 -8.015528 -2.488926 76.085280 -30.617145 31.629493 -33.681902 42.941174 -20.101854 2.910026 1.538599 -11.740602 -21.397180 3.142659 -0.814582 
0.102327 16.371037 4.373337 -0.906220 4.529405 28.939744 -13.769220 -6.759433 -16.144541 8.704262 16.378799 50.031214 1.556503 8.418643 42.731795 0.037699 -1.253900 -3.447701 19.882496 5.090508 -56.861750 -8.987352 -18.418110 55.073344 3.695742 -11.119963 4.185429 -4.543798 12.850800 -38.812699 9.231295 -6.632190 18.354770 3.326303 -1.739471 -8.322896 -1.572077 7.415903 -19.865783 -0.569501 0.427900 -1.470099 -80.578873 4.521968 57.035128 108.568506 -56.604008 -80.509225 -0.757340 -0.158858 -6.787142 17.218420 -8.275641 -2.623574 77.419087 -24.919347 30.069798 -30.815134 40.533025 -17.497687 3.093384 1.410069 -11.675503 -22.207254 3.045223 -0.910653 
0.102424 16.398228 5.113495 -1.376798 3.943202 28.480610 -12.652505 -7.141603 -21.882560 11.372964 17.887222 58.199330 0.776056 7.069377 37.560177 0.001301 -0.232301 -0.638401 20.469326 5.063292 -53.331070 -8.899302 -18.073123 55.018627 3.641337 -10.968627 3.084838 -4.954299 13.332200 -40.624901 9.765586 -5.191796 19.653448 3.225823 -1.318833 -8.701593 -2.022921 6.614187 -19.903923 -0.595300 0.185400 -1.772000 -82.507316 5.337468 55.377610 89.116003 -57.739682 -64.960723 -1.003935 -0.331056 -8.135176 18.097589 -8.764012 -2.902929 78.436661 -19.084744 29.185530 -28.518488 38.290124 -15.428895 3.284754 1.308778 -12.038867 -23.051845 2.928870 -1.005565 
0.102054 16.391468 5.865281 -1.691861 3.253113 27.906541 -11.422649 -7.533829 -28.172793 13.912260 19.101466 66.227754 0.284481 5.504907 32.027865 0.010202 0.652900 1.794200 20.940214 4.819911 -49.910658 -8.897081 -17.773526 55.192365 3.592148 -10.846972 1.905299 -5.302696 13.716800 -42.114701 10.159082 -3.457960 20.728933 3.009615 -0.824159 -9.052467 -2.397763 5.567482 -19.695519 -0.647400 -0.101500 -1.996100 -84.144057 5.881677 53.813179 68.824123 -55.010482 -47.299473 -1.238710 -0.297966 -9.195664 19.560512 -8.970144 -3.300339 79.229447 -13.290960 28.930329 -27.252721 36.683553 -14.228322 3.453272 1.246542 -12.773914 -23.909208 2.737332 -1.056068 
0.102847 16.351276 6.636170 -1.972382 2.315255 27.183034 -10.135485 -7.580300 -34.774700 16.134326 19.981318 73.429833 0.179893 3.695829 26.866354 0.033197 1.176400 3.234401 21.299898 4.448390 -46.278598 -8.889768 -17.484899 55.375664 3.441555 -10.554655 0.725948 -5.599597 14.028798 -43.352897 10.476928 -1.416172 21.599925 2.587373 -0.256359 -9.232734 -2.665003 4.467797 -19.376552 -0.732399 -0.386900 -2.144401 -85.004788 6.547801 50.927208 51.714133 -50.359941 -32.257845 -1.521722 -0.130506 -9.919556 21.380009 -8.984346 -3.795403 79.959936 -7.713910 29.243604 -27.431661 36.191351 -14.169898 3.545762 1.151024 -13.167657 -24.665384 2.757372 -1.207065 
0.104010 16.281132 7.434928 -2.239998 1.052319 26.318889 -8.928252 -7.163278 -41.503489 17.920914 20.565161 79.297072 0.405864 1.712482 22.594687 0.039801 1.288300 3.542400 21.472301 4.029886 -42.232750 -8.785643 -17.167240 55.290459 3.173726 -10.073250 -0.373955 -5.870801 14.302002 -44.461101 10.642318 0.787016 22.285663 1.919637 0.342988 -9.252507 -2.715204 3.527340 -18.999294 -0.810201 -0.609800 -2.186301 -84.512774 8.116439 47.451684 39.628386 -45.312496 -22.473357 -1.895616 -0.004917 -9.906938 23.209942 -9.041160 -4.332353 80.760652 -2.583267 30.449617 -29.440966 37.143782 -15.532005 3.505544 1.012662 -13.119136 -25.106398 3.110899 -1.505486 
0.104499 16.191505 8.272084 -2.401028 -0.507494 25.403647 -7.974071 -6.418557 -48.191072 19.153943 20.931042 83.394411 0.844039 -0.351601 19.521821 0.025705 1.035599 2.846698 21.352434 3.581207 -37.686868 -8.489550 -16.771363 54.603561 2.887154 -9.597153 -1.285972 -6.139598 14.562300 -45.539599 10.499951 2.979173 22.721780 1.049338 0.933621 -9.151316 -2.508753 2.829060 -18.624026 -0.855000 -0.748000 -2.114603 -82.191530 11.379346 44.958761 32.849867 -41.822543 -17.589775 -2.230217 0.048764 -9.012085 24.660406 -9.211026 -4.800557 81.620104 1.950140 32.910061 -33.589219 39.548163 -18.643154 3.310930 0.916870 -13.205413 -24.929761 3.571504 -1.764572 
0.103991 16.100201 9.156217 -2.399501 -2.270174 24.627355 -7.342031 -5.599156 -54.701958 19.716187 21.175364 85.364978 1.398913 -2.457285 17.595885 0.005700 0.486599 1.336999 20.894521 3.125257 -32.719748 -7.913457 -16.241927 53.001048 2.671186 -9.280858 -1.725610 -6.393901 14.799501 -46.542998 9.996522 5.113715 22.715304 0.065555 1.516603 -8.992402 -2.112325 2.275623 -18.253330 -0.884399 -0.836600 -1.966701 -77.842098 16.685817 45.189760 30.783907 -41.195026 -16.469398 -2.352348 0.020501 -7.518205 25.216517 -9.799713 -5.175026 82.316522 5.643313 36.506046 -40.238084 43.127025 -24.040382 2.999994 0.911080 -13.562775 -23.983465 3.921658 -1.820346 
0.103118 16.018570 10.092072 -2.246971 -3.999093 24.055421 -6.916678 -5.030891 -60.799246 19.570628 21.379260 85.121551 2.003667 -4.527057 16.541336 0.002600 -0.328600 -0.902900 20.158973 2.592790 -27.447109 -7.039805 -15.542031 50.391078 2.567502 -9.181431 -1.390501 -6.615300 14.999201 -47.403801 9.246217 7.237761 22.133296 -0.901290 2.114146 -8.699584 -1.634671 1.571101 -17.886329 -0.909599 -0.966300 -1.816502 -71.441883 23.434841 49.036584 32.627123 -43.307758 -18.348336 -2.218721 -0.106372 -5.611257 24.816567 -10.898906 -5.448243 82.473297 8.331688 40.436405 -49.779134 47.337345 -32.452976 2.649460 0.979914 -13.701351 -22.348971 4.122933 -1.675317 
0.103468 15.950227 11.082119 -2.028872 -5.461998 23.665989 -6.480962 -4.919711 -66.204985 18.726468 21.563821 82.748170 2.606085 -6.410609 16.156671 0.042498 -1.331000 -3.659900 19.265218 1.942862 -21.940975 -5.897906 -14.642047 46.813244 2.570196 -9.293056 0.067030 -6.809796 15.169602 -48.151199 8.450721 9.466009 21.001882 -1.748684 2.770892 -8.198513 -1.165270 0.438764 -17.543633 -0.891600 -1.201700 -1.665898 -63.042138 30.365474 56.044842 37.422612 -46.983368 -22.768281 -1.932028 -0.352119 -3.464807 23.786201 -12.397456 -5.620831 81.743478 10.055347 43.463063 -62.226744 51.525296 -44.248045 2.347751 1.081023 -13.223792 -20.330083 4.368089 -1.496937 
0.107193 15.898371 12.127422 -1.823582 -6.501087 23.351547 -5.919388 -5.286092 -70.545081 17.175001 21.670519 78.332012 3.161453 -7.896138 16.383345 0.136900 -2.384799 -6.570497 18.307600 1.191274 -16.131042 -4.520677 -13.496090 42.291028 2.588022 -9.539938 3.042583 -6.989502 15.323001 -48.834600 7.756218 11.812869 19.516630 -2.410518 3.505838 -7.386444 -0.772784 -1.132252 -17.348139 -0.799899 -1.535300 -1.459701 -53.065699 36.207557 65.040865 43.989429 -50.811132 -29.054349 -1.658145 -0.730266 -1.901953 22.702984 -13.954949 -5.699807 79.952279 11.182002 44.511550 -76.964148 55.271303 -58.371557 2.148151 1.113025 -12.583920 -18.465306 4.785666 -1.449477 
0.118001 15.868717 13.223486 -1.666801 -7.040762 22.999035 -5.270140 -6.030753 -73.495192 14.918740 21.568865 72.040682 3.661851 -8.838296 17.160202 0.278600 -3.394700 -9.379502 17.348386 0.479641 -9.945432 -2.975398 -12.069635 36.939951 2.411703 -9.769151 7.913183 -7.160298 15.465401 -49.477903 7.204702 14.091371 17.908301 -2.809311 4.276535 -6.238605 -0.536843 -2.882262 -17.379817 -0.667500 -1.912100 -1.180800 -42.717596 40.486989 74.463648 51.088941 -53.829197 -36.110923 -1.463528 -1.168254 -1.805816 21.852584 -15.447670 -5.787056 77.193584 12.137335 43.992631 -92.880413 57.548940 -72.058133 2.012334 0.891372 -12.266203 -17.245891 5.449632 -1.659557 
0.138023 15.859674 14.368040 -1.699140 -7.220360 22.621722 -4.551098 -6.871742 -75.107376 12.053056 21.080349 64.234499 4.087687 -9.062432 18.520218 0.437801 -4.245900 -11.769599 16.498616 0.265125 -3.390628 -1.268239 -10.292332 30.832566 1.469582 -9.321957 15.299814 -7.137799 15.446901 -49.393700 6.871115 16.125031 16.354209 -2.934674 5.021581 -5.050676 -0.508048 -4.541681 -17.449322 -0.557600 -2.282700 -0.898400 -33.452929 43.793171 82.686454 57.698395 -55.893051 -42.871684 -1.328961 -1.560242 -3.282423 20.976882 -17.090268 -5.964571 73.833961 12.968236 43.775606 -107.218877 56.931482 -82.942311 1.914609 0.523207 -11.944188 -16.744527 6.336885 -2.052046 
0.167724 15.880678 15.554533 -2.037218 -7.212382 22.202421 -3.860876 -7.500474 -75.272509 8.750448 20.032722 55.313926 4.398210 -8.319382 20.565911 0.588700 -4.912499 -13.659102 15.916672 0.937790 3.529620 0.576941 -8.053108 23.863149 -0.241357 -8.658493 25.690083 -6.666200 15.044200 -47.600301 6.859384 17.759305 15.035766 -2.899839 5.671678 -4.036421 -0.610118 -6.002196 -17.459716 -0.472800 -2.626399 -0.689599 -26.245091 46.939105 88.398183 63.341697 -57.446208 -48.805520 -1.241477 -1.847759 -5.508698 19.694058 -18.745049 -6.062265 70.409323 13.658584 44.193500 -117.729229 54.491766 -90.624578 1.854310 0.236217 -11.058197 -16.694981 7.028324 -2.376625 
0.205204 15.927160 16.772556 -2.760120 -7.352686 21.848654 -3.253656 -7.570837 -74.388217 5.452098 18.422558 46.202696 4.575198 -6.619594 23.155658 0.716899 -5.410700 -15.083799 15.619054 2.352551 10.459133 2.115346 -5.569206 16.002485 -1.779174 -10.701456 38.072492 -5.725400 14.156902 -43.869602 7.132742 19.157345 13.920351 -2.920984 6.270874 -3.268212 -0.619462 -7.307575 -17.349468 -0.364901 -2.939901 -0.556101 -21.316086 50.347662 91.194036 68.120885 -58.882065 -53.860050 -1.187379 -2.017966 -7.281036 18.130659 -19.703365 -5.832608 67.524878 14.203348 44.914076 -124.936280 51.715102 -95.834730 1.800729 0.081405 -9.466553 -16.711255 6.875564 -2.364509 
0.245969 15.988827 18.007088 -3.902189 -7.873676 21.766242 -2.773117 -6.869982 -73.094856 2.692414 16.507487 38.069358 4.677269 -4.474024 25.851762 0.808300 -5.737500 -16.024700 15.115823 2.874829 16.976651 3.166653 -2.927293 6.969507 -4.117610 -15.398051 50.216128 -4.480897 12.774201 -38.528998 7.590459 20.581496 12.793891 -3.150186 6.907766 -2.680239 -0.376829 -8.497778 -17.153727 -0.202700 -3.219400 -0.405301 -18.705875 53.938582 91.168782 72.284431 -60.334589 -58.094145 -1.153668 -2.080316 -8.224405 16.867165 -19.650731 -5.390210 65.642942 14.635472 45.933253 -129.827379 49.243030 -99.287052 1.752733 0.021850 -7.630144 -16.581338 5.931200 -2.033606 
0.285202 16.056196 19.240868 -5.158718 -8.157944 21.712322 -2.636388 -6.038089 -71.603146 0.843079 14.695101 31.992426 4.770558 -2.644536 28.098030 0.904402 -6.060500 -16.960100 14.774956 3.024891 21.438783 3.614966 -1.141620 1.511592 -7.102820 -18.271576 58.355954 -2.878798 10.496201 -30.598900 8.243403 21.771635 11.808600 -3.563282 7.435347 -2.184220 0.089645 -9.528762 -16.990914 -0.030200 -3.456499 -0.207400 -18.828997 57.257217 88.273428 75.928899 -61.818983 -61.469126 -1.134801 -2.062872 -9.043151 16.231378 -18.909331 -4.983757 64.975265 14.939939 47.213266 -132.919955 47.417048 -101.367393 1.747430 -0.003279 -6.207464 -16.612770 4.907996 -1.695807 
0.318082 16.126139 20.459175 -6.137118 -8.184521 21.687739 -3.019883 -5.343947 -70.133130 -0.067175 13.484752 28.536974 4.792780 -1.397203 29.623782 1.031200 -6.459300 -18.123200 15.109841 3.488124 22.916077 3.606723 -1.294013 1.695962 -8.496565 -19.520675 61.728415 -1.648999 8.093101 -22.997101 8.637992 22.738594 10.931274 -3.986569 7.806183 -1.792556 0.644032 -10.297638 -17.020502 0.107800 -3.640400 -0.043700 -22.684864 59.875292 81.848162 79.018515 -63.461729 -63.923646 -1.137674 -2.004579 -10.603570 16.043885 -17.921505 -4.688607 65.567545 15.102310 48.780833 -134.311731 46.559620 -102.177538 1.816619 -0.028434 -5.601776 -17.255585 4.319644 -1.572280 
0.336754 16.198479 21.650650 -6.873245 -8.027896 21.536814 -3.761888 -4.710138 -68.706670 -0.142404 13.201339 27.825095 4.531512 -0.214160 31.051864 1.091100 -6.638400 -18.648299 15.608002 3.287132 22.059736 3.089529 -3.250314 5.736499 -7.634360 -22.526824 60.782920 -1.018597 6.420804 -18.010305 8.790191 23.340481 10.418858 -4.339716 7.975524 -1.815311 1.211156 -10.735083 -17.157651 0.231799 -3.760700 -0.027201 -30.928310 61.476718 71.304554 81.285230 -65.505304 -65.383701 -1.190712 -1.944999 -12.985707 15.855828 -16.951589 -4.434702 67.511677 14.954553 50.793719 -133.877545 46.914242 -101.654932 1.950675 -0.058407 -5.622324 -18.488761 4.165549 -1.658071 
0.335048 16.270575 22.810381 -7.207621 -6.993646 20.624339 -4.808182 -4.635995 -66.936647 0.500599 13.759843 29.700634 4.134376 0.513190 32.082057 1.027999 -6.449399 -18.094000 16.298506 1.309837 17.984300 0.666400 -7.363333 15.706288 -3.964014 -26.234761 54.918489 -0.859401 5.911799 -16.528699 8.976638 22.727441 10.881258 -4.584127 7.610666 -2.816952 1.753685 -10.869482 -16.933649 0.391700 -3.818800 -0.180401 -42.724258 61.773325 58.211919 82.496763 -67.296145 -65.808221 -1.275167 -1.860366 -15.388446 15.374823 -15.902639 -4.103764 70.853850 13.970806 53.286473 -131.408873 48.483814 -99.660523 2.090786 -0.088820 -5.603295 -19.665160 4.197563 -1.808698 
0.314240 16.340099 23.939905 -7.014999 -5.213766 19.306095 -6.145859 -5.058135 -65.081923 1.588600 14.779301 33.353104 3.871562 0.201333 32.312188 0.752701 -5.541199 -15.458799 17.311906 -0.673026 14.310610 -2.544946 -10.597575 25.625179 -0.037270 -28.110302 47.573369 -1.063303 6.555898 -18.406199 8.782371 20.954490 11.879902 -4.713588 6.825594 -4.482706 2.313330 -10.764376 -16.480566 0.567700 -3.827800 -0.451200 -55.927572 59.811335 46.885595 82.880328 -66.542520 -65.199251 -1.251729 -1.618796 -16.948870 15.012887 -14.626530 -3.750693 75.206627 12.017489 55.339420 -126.728517 50.986298 -96.035216 2.177251 -0.114822 -4.956916 -20.162145 4.218161 -1.874762 
0.284713 16.408451 25.044464 -5.867498 -2.824577 17.703810 -8.109392 -6.177653 -62.705537 2.769458 15.755247 37.554009 3.780363 -0.952175 31.287361 0.350000 -3.801300 -10.518397 18.008193 -1.876412 9.851116 -6.168649 -13.459907 37.349863 2.524244 -26.837328 40.645630 -1.175002 6.880098 -19.360503 7.719936 18.517256 13.183716 -4.771531 5.931816 -5.480769 2.929516 -10.457633 -16.816561 0.698100 -3.800700 -0.756201 -66.930084 54.019853 40.379322 82.125484 -63.787977 -63.514323 -1.174631 -1.313733 -17.364394 15.174318 -13.615947 -3.588044 79.761992 9.829978 55.346224 -119.543524 53.970720 -90.510218 2.226754 -0.108741 -3.769302 -20.283699 4.275087 -1.885662 
0.264205 16.482109 26.123152 -3.914791 -0.390859 16.158201 -10.712440 -7.614735 -59.466559 3.749441 16.375430 41.172527 3.742667 -2.116454 28.894199 0.072298 -1.734700 -4.773099 17.515233 -2.384172 4.157350 -9.985697 -15.890808 50.590455 3.219880 -22.792224 35.180064 -1.167398 6.858602 -19.297204 5.655685 15.838069 14.420860 -4.581349 5.024494 -5.995685 3.491436 -10.085955 -17.498539 0.821300 -3.760500 -0.989600 -74.389012 45.266937 38.031863 80.022737 -61.291365 -60.824533 -1.189347 -1.064150 -17.002750 15.743888 -13.548987 -3.791188 83.759849 7.331842 53.730709 -109.225002 56.738122 -82.630028 2.304658 0.024453 -3.060806 -20.763430 4.307239 -1.856316 
0.261233 16.563759 27.167484 -1.869597 1.785549 14.967879 -13.364971 -8.999512 -55.515414 4.441702 16.601536 43.703586 3.683851 -2.757684 25.887986 0.002200 -0.306100 -0.840899 15.845081 -2.295790 -2.842922 -13.857428 -17.721545 64.542868 2.632720 -16.997737 30.710784 -1.213300 6.987300 -19.677802 3.383567 13.248087 15.341878 -4.238885 4.146571 -6.467760 3.913336 -9.835881 -17.993959 1.006900 -3.722300 -1.010700 -79.161545 34.446109 39.036715 77.266300 -59.212006 -57.582823 -1.231861 -0.813078 -16.413168 16.314551 -14.354061 -4.273322 86.476247 4.462577 51.535639 -95.324594 58.009175 -71.935011 2.450406 0.373502 -4.218508 -21.982767 4.114990 -1.708374 
0.270588 16.656971 28.170197 -0.498734 3.898756 14.117044 -15.289253 -10.175050 -51.194515 4.891752 16.558376 45.231022 3.681636 -3.100633 22.634002 0.002201 0.301101 0.827204 13.740165 -1.941190 -11.028482 -17.693054 -18.836601 78.315723 1.602370 -11.130293 26.423262 -1.241400 7.065000 -19.908100 1.873261 10.753304 15.983653 -3.917571 3.312542 -7.091517 4.242187 -9.711453 -18.225891 1.270999 -3.670701 -0.741501 -82.275218 22.181562 42.303595 75.094546 -57.523852 -54.939916 -1.234425 -0.569834 -15.549587 16.447059 -15.326677 -4.686498 87.558452 1.368591 49.444918 -79.989084 56.645911 -59.244342 2.608528 0.740384 -7.357221 -23.674941 4.039497 -1.676723 
0.277479 16.763468 29.134617 0.151709 6.215445 13.483200 -16.429679 -11.083580 -46.743004 5.079382 16.307531 45.842997 3.890798 -3.593917 19.679758 0.002398 0.313901 0.862401 11.433032 -1.846549 -20.270600 -21.335294 -19.212843 91.010515 0.684951 -6.497479 22.168694 -1.185299 6.909303 -19.446804 1.168122 8.148605 16.445912 -3.506749 2.475682 -7.753917 4.484582 -9.510793 -18.461649 1.564400 -3.576900 -0.224300 -84.682470 9.103225 46.487223 74.780654 -56.337142 -54.187044 -1.196797 -0.375209 -14.275653 16.207103 -16.007091 -4.867901 86.929373 -1.939458 46.717452 -66.876844 53.963071 -47.479990 2.773440 0.824495 -9.816375 -25.331252 4.648515 -2.168320 
0.269227 16.884283 30.073500 0.407919 8.972585 12.968276 -17.092620 -11.657988 -42.169661 4.938401 15.832223 45.514408 4.459453 -4.626332 17.613189 0.004698 0.444200 1.220398 8.857066 -2.566404 -30.306722 -24.513305 -19.019164 101.757539 0.087279 -3.439340 18.110048 -1.081999 6.611400 -18.569000 0.818447 5.236224 16.805083 -2.790012 1.584534 -8.312973 4.639220 -8.991890 -18.869406 1.778400 -3.418000 0.328700 -86.935362 -3.958557 50.494383 77.278668 -55.726867 -56.305192 -1.169199 -0.270112 -13.317301 15.927792 -16.389778 -4.917072 84.877044 -5.776970 43.157211 -57.910300 51.597616 -39.481234 2.956264 0.627729 -9.111663 -26.748076 6.194848 -3.300122 
0.245526 17.024046 31.004723 0.525254 12.158264 12.566545 -17.454316 -11.796115 -37.491378 4.453975 15.125857 44.223851 5.352307 -6.132900 16.583392 0.015498 0.804399 2.210798 6.110027 -4.092006 -40.744541 -26.967102 -18.582240 109.804121 -0.270939 -1.541127 14.735429 -0.993802 6.344499 -17.787399 0.489138 1.983715 17.083836 -1.691516 0.638921 -8.719021 4.723748 -8.053595 -19.417144 1.879400 -3.180000 0.732100 -89.215684 -16.131749 53.546790 82.842524 -55.586864 -61.579790 -1.184695 -0.276046 -13.336235 15.680986 -16.511527 -4.881002 81.845099 -10.239419 39.388770 -53.320436 50.301143 -35.768745 3.096881 0.312560 -5.767738 -28.102891 8.063061 -4.687985 
0.216975 17.195694 31.946236 0.491081 15.470751 12.367780 -17.369093 -11.517683 -32.774279 3.623407 14.182451 41.889363 6.345713 -7.595094 16.734183 0.031197 1.139999 3.133996 3.521535 -5.605597 -51.192248 -28.511202 -18.246150 114.631607 -0.508899 -0.350970 12.709439 -0.980603 6.303299 -17.667098 0.249876 -1.496124 17.132416 -0.332634 -0.325362 -8.915712 4.728082 -6.716205 -19.959932 1.882700 -2.853500 0.957400 -91.223611 -26.847433 55.090859 91.154984 -55.614787 -69.550718 -1.220913 -0.374465 -14.265830 15.514955 -16.305175 -4.758562 78.080297 -14.833677 36.172911 -51.797466 50.019693 -35.021681 3.173423 0.121867 -2.786973 -29.048558 9.534572 -5.765861 
0.199046 17.421600 32.912956 0.094231 18.499979 12.351718 -16.553864 -11.048706 -27.927825 2.443885 12.942029 38.353496 7.067214 -8.105454 18.391915 0.021600 0.948399 2.606699 1.314022 -5.935191 -61.010389 -29.061422 -18.295657 115.979712 -0.581510 0.022598 12.167279 -1.065399 6.562000 -18.424203 0.427518 -5.016213 16.834466 1.057862 -1.274296 -8.906865 4.663458 -5.099418 -20.354445 1.817000 -2.447200 1.095900 -92.018842 -35.886132 54.838163 101.370786 -55.080978 -78.961196 -1.217414 -0.525889 -15.957024 15.773782 -15.577454 -4.586601 73.657086 -18.907005 34.212367 -51.342085 50.125031 -35.312289 3.215321 0.146951 -2.203197 -29.148581 10.642675 -6.400587 
0.203419 17.726074 33.914062 -0.732299 20.739019 12.378804 -15.042449 -10.736632 -22.705482 1.002973 11.336046 33.596618 7.052302 -6.631314 21.970354 0.001400 -0.243801 -0.669702 -0.803353 -4.559894 -69.236806 -28.655847 -18.885880 113.829427 -0.405302 -0.616923 12.525435 -1.200000 6.950399 -19.568399 1.127671 -8.188745 16.214654 2.373541 -2.130501 -8.735845 4.454097 -3.465394 -20.536530 1.744100 -2.010900 1.233800 -90.429983 -43.282735 52.840249 111.603472 -52.972726 -87.983392 -1.168126 -0.736964 -18.550654 16.797369 -14.565290 -4.496477 68.593069 -22.119395 33.727152 -50.092080 49.944293 -34.867593 3.241607 0.248248 -2.471206 -28.742452 11.384329 -6.666945 
0.233028 18.120548 34.951851 -1.840540 21.935521 12.333717 -13.246241 -10.866349 -17.032452 -0.389813 9.470696 27.966208 5.959223 -2.536849 27.522150 0.165900 -2.623900 -7.233202 -3.009417 -2.006474 -75.225325 -27.362750 -19.917108 108.482234 0.027597 -2.123334 13.036199 -1.345200 7.343100 -20.735800 2.240745 -10.712545 15.422829 3.550226 -2.834705 -8.552670 4.020646 -2.033143 -20.449148 1.665600 -1.600400 1.378700 -85.520975 -49.095584 48.870047 119.436902 -49.183782 -95.037020 -1.098137 -1.095378 -22.023413 18.341479 -13.925463 -4.565966 63.128807 -24.586898 34.481115 -47.112917 49.095576 -32.793897 3.241771 0.274010 -1.306819 -28.115830 11.572398 -6.540078 
0.282476 18.599506 36.024845 -3.072223 22.141682 12.191620 -11.631241 -11.171687 -11.300218 -1.350697 7.709179 22.062800 4.105677 3.898741 34.611056 0.700400 -5.349501 -14.908204 -5.076552 1.053683 -79.003954 -25.216304 -21.097474 100.493201 0.647984 -4.144776 13.502778 -1.491900 7.716099 -21.854999 3.628095 -12.552795 14.603063 4.558600 -3.388612 -8.674197 3.384431 -0.874245 -19.883438 1.564400 -1.239800 1.527600 -77.227159 -52.939962 42.746617 123.652331 -44.736179 -99.443483 -0.997193 -1.617618 -24.889088 19.872799 -14.091012 -4.798613 57.620225 -26.575017 36.215943 -42.354473 47.413338 -29.079646 3.212814 0.217212 1.526628 -27.192998 11.072591 -5.948340 
0.340742 19.145344 37.126995 -4.219363 21.728478 11.977199 -10.444892 -10.951945 -6.210544 -1.700535 6.532732 16.588117 2.441322 12.097555 42.380697 1.220001 -7.006099 -19.733397 -6.691237 3.907126 -80.888072 -22.280347 -22.063698 90.537769 1.332723 -6.312005 14.117183 -1.648500 8.092001 -22.993902 5.078601 -14.062490 13.802526 5.388984 -3.887550 -9.379819 2.716370 0.075793 -18.578514 1.451800 -0.916600 1.747800 -66.954581 -54.037302 34.517956 125.243237 -41.538942 -101.619867 -0.856268 -2.091308 -25.500054 20.869431 -14.435173 -4.922290 52.371052 -28.146799 38.814059 -36.342299 44.869532 -24.291165 3.189884 0.156801 4.368527 -25.798957 10.228588 -5.111495 
0.395451 19.733349 38.248024 -5.059895 21.237574 11.795499 -9.609721 -9.497207 -2.449754 -1.528526 6.238219 12.417172 1.543049 21.714979 48.640245 0.947301 -6.198601 -17.361702 -7.654615 5.946466 -81.317236 -18.742279 -22.464502 79.387974 2.043545 -8.608307 15.016249 -1.793900 8.422800 -24.005901 6.446294 -15.424988 12.899858 5.949616 -4.389568 -10.096683 2.096017 0.887568 -17.134713 1.359200 -0.621199 2.102500 -57.506182 -52.812998 25.746975 125.767476 -40.878080 -102.437772 -0.689193 -2.291808 -23.910525 21.145177 -14.354593 -4.758604 48.018979 -28.985132 41.198422 -29.890214 41.593016 -19.254842 3.229123 0.119968 5.576443 -23.995754 9.819079 -4.529233 
0.437295 20.332096 39.374619 -5.368700 21.028858 11.768899 -9.009241 -7.039052 -0.041778 -1.282241 6.348250 10.126433 1.456433 29.738259 52.040849 0.293601 -3.484601 -9.630999 -7.996428 6.857446 -80.767245 -14.938479 -22.044322 67.841094 2.825131 -11.227107 16.171846 -1.864700 8.578500 -24.485400 7.487605 -16.703747 11.790015 6.182218 -4.909253 -10.273095 1.601961 1.595775 -16.123896 1.282200 -0.361501 2.553800 -50.531793 -50.228537 18.871719 125.816035 -41.855997 -102.541311 -0.520430 -2.299826 -21.525142 20.895743 -14.154433 -4.501145 45.047066 -29.099243 42.231520 -23.733583 37.848974 -14.669239 3.361575 0.073105 5.162248 -22.124892 10.086510 -4.356693 
0.459890 20.928371 40.495804 -5.026324 21.356454 11.894456 -8.677815 -4.456548 1.630391 -1.224172 6.298692 9.574757 2.712082 31.937432 54.776357 0.010597 -0.665902 -1.829903 -7.794719 6.575979 -79.286361 -11.189307 -20.730868 56.343414 3.731502 -14.293062 17.517568 -1.844600 8.534600 -24.349898 7.944533 -18.042081 10.544323 6.192067 -5.460246 -9.842878 1.288649 2.172431 -15.636707 1.192501 -0.162501 2.977200 -46.111872 -46.942314 14.760350 125.624374 -43.337112 -102.295207 -0.366226 -2.244906 -19.530071 20.553046 -14.073994 -4.325244 43.443770 -28.859954 41.365175 -18.309471 33.955069 -10.893232 3.570035 0.001529 4.159785 -20.382639 10.612065 -4.349307 
0.463191 21.504448 41.609119 -4.004197 22.296877 11.936015 -8.754296 -3.129680 3.596719 -1.354102 6.138937 10.356800 4.901626 28.519760 57.742718 0.018798 0.885699 2.434398 -7.382620 5.273967 -76.859151 -7.844328 -18.668207 45.360723 4.727457 -17.710054 19.186448 -1.793899 8.422800 -24.005902 7.573515 -19.448420 9.560665 6.148460 -6.017598 -9.051206 1.138147 2.471900 -15.460595 1.057000 -0.066399 3.261800 -43.810716 -43.406608 13.123126 125.230333 -44.827377 -101.824993 -0.248206 -2.172827 -18.201160 20.454597 -14.179746 -4.314092 43.028081 -28.784670 38.305210 -13.796104 30.206499 -8.003042 3.820685 -0.016718 3.262982 -18.843983 10.667958 -4.141635 
0.453916 22.037283 42.718460 -2.353103 23.613404 11.627482 -9.346735 -3.172619 6.215924 -1.485858 6.271036 12.231770 6.611633 23.532969 59.923511 0.070994 1.719103 4.730003 -7.216188 3.395443 -73.533026 -5.194950 -16.194162 35.369058 5.715164 -21.316320 21.349724 -1.792500 8.419701 -23.996300 6.218431 -20.743947 9.248238 6.199210 -6.521143 -8.155820 1.035086 2.374012 -15.344366 0.919901 -0.088501 3.408401 -43.130424 -39.808321 13.212495 124.595664 -46.259631 -101.155034 -0.175922 -2.089338 -17.270724 20.524689 -14.293562 -4.373945 43.534309 -29.230336 32.931093 -10.227401 26.827622 -5.920777 4.113428 0.131734 2.493909 -17.803061 9.789719 -3.590885 
0.440635 22.510738 43.830200 -0.279943 24.891566 10.967980 -10.353165 -3.550255 9.140730 -1.499623 6.822611 15.028825 7.629518 18.561451 61.219721 0.137402 2.388603 6.581006 -7.521474 1.507414 -69.674225 -3.351030 -13.715725 26.772201 6.572743 -24.913734 23.942944 -1.869800 8.589300 -24.519000 4.041335 -21.672115 9.569917 6.427092 -6.903871 -7.298339 0.824992 1.910602 -15.112022 0.842800 -0.199500 3.498900 -43.489781 -36.130765 14.120691 123.622830 -47.742164 -100.249740 -0.147674 -1.999064 -16.524000 20.604293 -14.300843 -4.418683 44.550776 -30.233096 25.628690 -7.598060 24.001672 -4.520089 4.447171 0.506753 1.409066 -17.513172 8.106222 -2.780644 
0.429011 22.919132 44.950951 1.873568 25.873007 10.096481 -11.460433 -3.634208 12.020704 -1.328815 7.709853 18.513384 8.023289 13.836687 61.556960 0.192902 2.828498 7.801597 -8.158459 -0.007392 -65.807266 -2.217077 -11.566247 19.859499 7.232400 -28.267047 26.565691 -1.982399 8.829400 -25.262998 1.531179 -22.160659 10.169597 6.797103 -7.152018 -6.561861 0.430227 1.294658 -14.654667 0.782300 -0.341201 3.568900 -44.258179 -32.296259 15.094732 122.226704 -49.366071 -99.078867 -0.150593 -1.920772 -16.019815 20.561406 -14.125769 -4.375926 45.572751 -31.581476 17.483166 -5.822842 21.834385 -3.641200 4.775838 1.077458 -0.448723 -17.894460 6.146488 -1.858389 
0.420181 23.266026 46.084648 3.718338 26.499567 9.100142 -12.224605 -3.214439 14.602050 -0.870736 8.829315 22.425219 7.996261 9.947284 61.191919 0.192201 2.823700 7.788300 -8.700163 -1.045471 -62.335578 -1.564224 -9.903513 14.696278 7.696507 -31.120047 28.807944 -2.065001 9.000100 -25.795601 -0.738479 -22.294090 10.668480 7.185291 -7.293279 -5.948738 -0.115477 0.725391 -13.984432 0.698700 -0.466899 3.641501 -44.929147 -28.348421 15.765854 120.410931 -51.104738 -97.664636 -0.171389 -1.873440 -15.942699 20.376201 -13.880594 -4.271836 46.162324 -33.057461 9.893749 -4.705772 20.334123 -3.129593 5.006027 1.743668 -3.106318 -18.458204 4.459638 -0.983815 
0.412906 23.558479 47.231377 4.967509 26.847160 7.990699 -12.269820 -2.320908 16.743592 -0.010830 10.101859 26.562550 7.747605 7.562250 60.540183 0.192201 2.823101 7.786602 -8.738614 -1.716943 -59.430653 -1.170165 -8.722711 11.122507 8.035441 -33.321466 30.447794 -2.039002 8.946900 -25.629502 -2.360131 -22.206558 10.864212 7.443086 -7.364806 -5.440350 -0.684992 0.272738 -13.180960 0.583501 -0.563201 3.762200 -45.196494 -24.376750 16.117439 118.370763 -52.815827 -96.151569 -0.195133 -1.860692 -16.256393 20.097071 -13.858603 -4.219644 46.086253 -34.565380 3.915978 -3.968258 19.365232 -2.846021 5.087232 2.370550 -5.998213 -18.703444 3.341075 -0.319620 
0.404760 23.801579 48.388947 5.584113 27.083729 6.806036 -11.535300 -1.304221 18.438385 1.225231 11.426277 30.817621 7.369751 6.584092 59.699255 0.167699 2.638500 7.273801 -8.110529 -2.283666 -57.091473 -0.911076 -7.938847 8.850719 8.341151 -34.938170 31.509206 -1.913397 8.683400 -24.809799 -3.247246 -22.080174 10.721958 7.497274 -7.416394 -5.002156 -1.143809 -0.048751 -12.361119 0.484500 -0.623399 3.990100 -44.900140 -20.448262 16.173359 116.459902 -54.345248 -94.802253 -0.202948 -1.875307 -16.577087 19.741792 -14.253963 -4.283243 45.304683 -36.052975 -0.057881 -3.392563 18.755583 -2.698500 5.047694 2.847009 -8.291611 -18.404133 2.771510 0.077225 
0.393008 23.996979 49.553719 5.688598 27.381878 5.651199 -10.182077 -0.569907 19.692398 2.720178 12.718383 35.100533 6.966205 6.560099 58.846751 0.112904 2.166401 5.965704 -6.961403 -2.934512 -55.218588 -0.746556 -7.463929 7.550598 8.707334 -36.252696 32.118057 -1.736398 8.293902 -23.610201 -3.552055 -22.108415 10.257627 7.357769 -7.504474 -4.577885 -1.368746 -0.249761 -11.415213 0.392000 -0.637802 3.974000 -43.920693 -16.491943 15.852928 115.063872 -55.632157 -93.905880 -0.174164 -1.913469 -16.363528 19.374571 -14.935819 -4.410009 43.913592 -37.413323 -2.171166 -2.880391 18.370088 -2.628630 4.988792 3.101911 -9.398960 -17.739160 2.715132 0.188882 
0.375727 24.144283 50.721439 5.499082 27.852630 4.644071 -8.495705 -0.375656 20.511620 4.349411 13.930246 39.291808 6.653550 7.124508 58.297556 0.073501 1.749201 4.813002 -5.782028 -3.582124 -53.564013 -0.682343 -7.224733 6.871073 9.283557 -37.688832 32.274074 -1.522299 7.790799 -22.080498 -3.545982 -22.397920 9.511533 7.051370 -7.646289 -4.196583 -1.299869 -0.207834 -10.652125 0.311200 -0.602503 4.276500 -42.222103 -12.369516 15.124937 114.427372 -56.719206 -93.647760 -0.094025 -1.983008 -15.385884 19.063741 -15.610142 -4.497757 42.077840 -38.569984 -2.917540 -2.423713 18.120960 -2.604405 4.989829 3.150415 -9.352074 -17.004324 3.083913 0.068911 
0.352384 24.241623 51.888428 5.218671 28.507260 3.831635 -6.748074 -0.767832 20.958174 5.998831 15.032046 43.280875 6.505112 7.977777 58.222361 0.068498 1.688700 4.646000 -5.033385 -3.997318 -51.841565 -0.715957 -7.146197 6.497307 10.105919 -39.497734 32.074115 -1.282299 7.176101 -20.238099 -3.479014 -22.914275 8.579160 6.674175 -7.835040 -3.831413 -1.020503 -0.036786 -9.934426 0.211400 -0.536098 4.556000 -39.928155 -8.049053 13.994736 114.590495 -57.665809 -94.039063 0.039345 -2.096292 -14.040224 18.817345 -16.063005 -4.478732 39.922305 -39.388259 -2.915877 -2.056260 17.950589 -2.622437 5.040149 3.106436 -8.855320 -16.364403 3.586637 -0.124732 
0.323976 24.286736 53.051754 5.010325 29.265956 3.168490 -5.138106 -1.613327 21.168073 7.574161 16.006613 47.007418 6.509088 8.867813 58.505725 0.092700 1.963400 5.404600 -4.949146 -3.975531 -49.826897 -0.818617 -7.150912 6.202313 11.068607 -41.642934 31.716489 -1.017999 6.419103 -18.005500 -3.567882 -23.507579 7.622119 6.328472 -8.027859 -3.519104 -0.675650 0.143549 -9.224639 0.127300 -0.466699 4.806700 -37.254233 -3.594435 12.619818 115.351016 -58.538579 -94.891155 0.212415 -2.255157 -13.059993 18.609946 -16.290063 -4.364569 37.509103 -39.853156 -2.615356 -1.810282 17.840124 -2.701542 5.070294 3.121868 -8.754938 -15.803990 3.830997 -0.199181 
0.292275 24.277483 54.210178 4.978207 29.996472 2.578335 -3.798007 -2.711786 21.292416 8.991727 16.846274 50.461170 6.569383 9.516430 58.817875 0.128700 2.312399 6.369699 -5.506641 -3.421557 -47.441088 -0.947908 -7.174045 5.867201 11.999615 -43.897216 31.412601 -0.755402 5.551100 -15.487499 -3.968707 -23.995729 6.808884 6.091003 -8.174861 -3.307424 -0.368468 0.222862 -8.472791 0.094300 -0.421401 5.040200 -34.371441 0.862014 11.196416 116.324551 -59.434099 -95.900789 0.402996 -2.454313 -12.895762 18.383271 -16.373437 -4.186179 34.859358 -40.009321 -2.149132 -1.717980 17.815378 -2.861977 5.044489 3.282882 -9.487104 -15.344460 3.631858 -0.072294 
0.259857 24.212353 55.362801 5.125405 30.577771 1.990388 -2.740466 -3.866309 21.425052 10.193795 17.552137 53.651847 6.588566 9.644303 58.896348 0.145299 2.456398 6.768698 -6.442969 -2.391722 -44.768070 -1.060222 -7.172916 5.460557 12.725279 -45.999153 31.363414 -0.542798 4.720099 -13.111800 -4.723313 -24.233583 6.227594 5.982048 -8.241333 -3.209144 -0.113879 0.129330 -7.655312 0.116200 -0.420599 5.266200 -31.339526 5.174854 9.870864 117.081225 -60.492154 -96.777125 0.588059 -2.691925 -13.416723 18.085297 -16.398720 -3.967403 31.992733 -39.938614 -1.380879 -1.797958 17.916388 -3.105474 4.999842 3.544634 -10.789155 -15.100817 3.173464 0.165399 
0.230740 24.090645 56.508125 5.433919 30.939201 1.403638 -1.946787 -4.927013 21.556605 11.181946 18.140122 56.608659 6.507121 9.191142 58.615471 0.150199 2.497301 6.882301 -7.453588 -1.075226 -42.011073 -1.126918 -7.125809 5.002499 13.083945 -47.706830 31.753592 -0.408402 4.102700 -11.365698 -5.765624 -24.158314 5.842351 5.966704 -8.215412 -3.207470 0.096056 -0.145821 -6.792067 0.168800 -0.471000 5.489301 -28.151424 9.227043 8.732118 117.283922 -61.852947 -97.330764 0.747403 -2.975585 -14.163221 17.671070 -16.392127 -3.707847 28.909558 -39.695527 -0.034766 -2.048519 18.159785 -3.427686 4.990865 3.796562 -12.066728 -15.089802 2.761772 0.376026 
0.207939 23.912842 57.645714 5.896473 31.088943 0.884533 -1.428182 -5.836647 21.612996 11.999718 18.635337 59.396594 6.293949 8.268381 57.894951 0.156703 2.550696 7.030195 -8.279954 0.191555 -39.417170 -1.138542 -7.029458 4.535838 12.887067 -48.809446 32.824826 -0.357595 3.841601 -10.631300 -6.956076 -23.816422 5.523901 5.992212 -8.111983 -3.274962 0.216508 -0.555786 -5.919584 0.258800 -0.561299 5.724800 -24.806039 12.974994 7.841455 116.799723 -63.580944 -97.514925 0.865792 -3.309577 -14.856227 17.136270 -16.436082 -3.436229 25.564419 -39.257450 2.083190 -2.437579 18.488226 -3.819800 5.029212 3.958499 -12.934387 -15.138701 2.546893 0.486467 
0.192761 23.680300 58.775574 6.413818 31.040362 0.442097 -1.090968 -6.558659 21.491279 12.708843 19.054709 62.112037 5.962832 6.994589 56.721885 0.161998 2.593502 7.149002 -8.762363 1.225198 -37.119538 -1.100747 -6.898798 4.111872 12.244639 -49.378130 34.390337 -0.352901 3.816900 -10.562198 -8.085399 -23.251724 5.133403 6.007830 -7.940568 -3.391105 0.197163 -1.052123 -5.033181 0.371200 -0.681400 5.960400 -21.301253 16.397566 7.277049 115.656870 -65.654532 -97.376615 0.932155 -3.688898 -15.525208 16.514602 -16.596058 -3.187852 21.973362 -38.572608 4.813064 -2.894828 18.766703 -4.249939 5.088273 4.001293 -13.349321 -15.008324 2.551940 0.474603 
0.185518 23.394751 59.897812 6.837679 30.790689 0.035623 -0.773835 -7.056014 21.106345 13.365350 19.407116 64.854205 5.545198 5.457463 55.079239 0.158899 2.568498 7.079797 -8.780732 1.951632 -35.155434 -1.035118 -6.766783 3.787383 11.563911 -49.824434 35.904673 -0.351996 3.812100 -10.548701 -8.934601 -22.488616 4.595131 5.958587 -7.703229 -3.536663 0.005120 -1.573899 -4.147114 0.495100 -0.816799 6.179801 -17.682938 19.498373 7.088466 114.002896 -67.976261 -97.020417 0.938808 -4.095986 -16.219896 15.813889 -16.859216 -2.969808 18.244027 -37.640020 7.995625 -3.418120 19.000737 -4.728642 5.124929 3.985545 -13.592686 -14.651582 2.628984 0.415826 
0.186621 23.057896 61.012115 7.086595 30.343473 -0.398879 -0.392752 -7.331638 20.451623 14.019139 19.705605 67.702526 5.069151 3.795536 52.909257 0.151500 2.508499 6.913198 -8.247369 2.262563 -33.530896 -0.980839 -6.692065 3.643767 11.255415 -50.728029 36.901780 -0.320099 3.636901 -10.057301 -9.395279 -21.529009 3.924995 5.816444 -7.401002 -3.657345 -0.368333 -2.074360 -3.339175 0.640201 -0.954300 6.383401 -14.102093 22.299364 7.218813 112.024767 -70.405447 -96.567700 0.878103 -4.501846 -16.813709 14.932796 -17.169538 -2.753923 14.566199 -36.499589 11.385927 -4.039502 19.258302 -5.276622 5.143868 3.961165 -13.794552 -14.234437 2.718402 0.353863 
0.196335 22.670979 62.116158 7.251622 29.751511 -0.865778 -0.068553 -7.435650 19.542341 14.698969 19.968884 70.736909 4.564994 2.022347 50.131596 0.133597 2.356202 6.491203 -7.176599 1.912797 -32.264493 -0.987551 -6.739320 3.798795 11.355706 -52.364323 37.409033 -0.216697 2.996800 -8.269799 -9.570691 -20.388107 3.214052 5.573074 -7.042559 -3.698804 -0.867200 -2.521574 -2.690075 0.780500 -1.083199 6.551799 -10.800093 24.808303 7.532578 109.792443 -72.814293 -96.071311 0.733122 -4.864431 -17.046745 13.818046 -17.469056 -2.525113 11.150204 -35.231455 14.706224 -4.782791 19.603040 -5.909048 5.166717 3.966856 -13.882085 -13.967495 2.741185 0.338175 
0.212250 22.234947 63.207462 7.488895 29.094210 -1.304397 0.025580 -7.421475 18.294346 15.463413 20.211321 74.061609 4.067223 0.215516 46.690874 0.098798 2.026701 5.579401 -5.669997 0.662281 -31.395960 -1.085726 -6.949234 4.371252 11.235809 -54.245572 38.242262 -0.076799 1.787898 -4.919800 -9.643076 -19.075864 2.559591 5.258453 -6.634632 -3.646489 -1.416725 -2.945837 -2.222876 0.900800 -1.208800 6.664900 -8.071142 27.046604 7.878031 107.310924 -75.062565 -95.529684 0.485063 -5.125386 -16.650009 12.579603 -17.788788 -2.324826 8.174387 -33.980619 17.711616 -5.649395 20.073657 -6.631910 5.206545 3.995043 -13.788743 -13.943247 2.745640 0.349213 
0.229883 21.750059 64.282547 7.808091 28.413680 -1.707361 -0.051950 -7.272455 16.529760 16.390285 20.428885 77.792592 3.628205 -1.564686 42.624813 0.054301 1.504299 4.137697 -3.988625 -1.170046 -30.743985 -1.274352 -7.324690 5.395500 10.002217 -55.463041 40.467112 -0.001402 0.239900 -0.659201 -9.684588 -17.564723 2.037287 4.915288 -6.170093 -3.501501 -1.948227 -3.396531 -1.937511 0.969801 -1.342998 6.712602 -6.222669 29.040235 8.150549 104.621930 -76.967785 -94.920180 0.132585 -5.226278 -15.387483 11.517602 -18.130938 -2.216111 5.795784 -32.839821 20.070760 -6.542929 20.591792 -7.378048 5.264538 3.983517 -13.496669 -14.075130 2.916642 0.292437 
0.243761 21.216663 65.338654 8.080577 27.736866 -2.115484 -0.037157 -6.946508 14.024674 17.548723 20.600206 82.014845 3.297349 -3.288720 38.027139 0.018698 0.882897 2.426595 -2.479055 -2.774366 -29.883429 -1.518402 -7.806492 6.800457 7.114871 -55.152219 44.608395 -0.029501 -1.108099 3.046402 -9.621842 -15.839530 1.750623 4.571122 -5.642736 -3.278284 -2.414150 -3.901531 -1.912620 0.998300 -1.492599 6.729499 -5.562983 30.863560 8.395240 102.179383 -78.172293 -94.313601 -0.259613 -5.135828 -13.188859 10.845664 -18.402044 -2.205816 4.142095 -31.951160 21.857138 -7.485769 21.231972 -8.159475 5.307585 3.911285 -13.124596 -14.295799 3.314065 0.131229 
0.247944 20.637768 66.371292 8.150690 27.142443 -2.611065 0.358757 -6.424531 10.605912 18.969018 20.683931 86.717074 3.100081 -4.915461 33.043591 0.002900 0.344799 0.947499 -1.559272 -3.071218 -28.414746 -1.786481 -8.306475 8.535703 3.371318 -52.726414 49.448930 -0.029499 -1.108800 3.048200 -9.350477 -13.943562 1.835119 4.248795 -5.060617 -3.040882 -2.804546 -4.489907 -2.199575 1.017600 -1.662200 6.756299 -6.359386 32.565877 8.700072 100.699287 -78.403709 -93.822611 -0.570321 -4.886169 -10.347779 10.552496 -18.555056 -2.252647 3.338407 -31.258485 22.841882 -8.328089 21.857219 -8.832431 5.345016 3.740608 -12.426397 -14.558469 3.904092 -0.132754 
0.238955 20.028229 67.364807 7.770779 26.723352 -3.283996 1.432118 -5.668006 6.055782 20.624920 20.626793 91.737249 3.033165 -6.380025 27.913878 0.000403 -0.123299 -0.338900 -0.857710 -1.958267 -26.562374 -2.047153 -8.824125 10.947934 -0.077281 -46.564542 53.389806 -0.049803 1.440398 -3.961301 -8.681400 -11.983786 2.415532 3.975977 -4.442811 -2.952193 -3.100757 -5.160445 -2.750486 1.045700 -1.846400 6.770000 -8.771011 34.212401 9.213675 101.206041 -77.572550 -93.649911 -0.635929 -4.534853 -7.604182 10.605847 -18.568876 -2.318274 3.533486 -30.549378 22.695036 -8.828441 22.253301 -9.164358 5.402364 3.493184 -11.277499 -14.872555 4.469301 -0.410767 
0.226205 19.411987 68.282562 6.472050 26.544208 -4.311735 3.488515 -4.598828 0.090472 22.449828 20.397225 96.818686 3.084671 -7.721670 22.929318 0.008100 -0.582200 -1.599699 0.683521 -0.304482 -24.961541 -2.181077 -9.407429 14.892713 -1.452291 -35.639277 53.607986 -0.848399 5.874701 -16.421398 -7.126748 -10.021664 3.695414 3.683348 -3.787840 -3.286854 -3.272670 -5.959885 -3.437943 1.047600 -2.059600 6.631099 -12.993890 35.815109 10.230455 104.296345 -75.518182 -93.983249 -0.386818 -4.063430 -5.742651 11.008775 -18.396872 -2.415426 4.999925 -29.623148 20.913458 -8.768773 22.237247 -8.959966 5.482234 3.235904 -9.879728 -15.199371 4.741522 -0.582047 
0.220700 18.809021 69.092682 3.261775 26.171817 -6.337621 7.015192 -2.856908 -7.095452 24.384052 20.038988 101.590003 3.264285 -9.121696 18.105789 0.022105 -0.958799 -2.635599 4.333456 0.976280 -24.399562 -2.457215 -10.495002 21.097924 0.510057 -26.767558 46.847171 -1.758802 8.344500 -23.765499 -3.304120 -7.970717 6.132983 2.963236 -3.040873 -4.310781 -3.274294 -6.795484 -4.202682 0.962500 -2.286700 6.329701 -19.662009 37.389033 11.642607 109.090945 -72.217492 -94.685290 -0.012435 -3.349421 -4.852429 11.694068 -17.904282 -2.594859 8.009711 -28.057263 16.957354 -8.083886 21.660031 -8.176340 5.577010 3.022117 -8.551538 -15.466808 4.544015 -0.562946 
0.225727 18.249340 69.790100 -1.243780 25.212694 -8.950310 10.323191 -0.670505 -15.258719 26.074332 19.755426 105.152622 3.438229 -10.205601 13.799185 0.041098 -1.308900 -3.599201 9.495200 1.829673 -25.025320 -3.318634 -12.183730 29.318003 3.302465 -21.553881 35.219219 -1.500100 7.736299 -21.915899 2.328378 -5.984174 9.599862 1.960968 -2.277118 -5.725490 -3.163638 -7.544260 -5.342620 0.826300 -2.488200 6.000501 -29.826629 38.529609 12.179939 112.974440 -68.723082 -94.819992 0.140018 -2.417559 -4.323244 12.632584 -17.062959 -2.914459 12.565994 -25.138686 10.547813 -6.947362 20.444294 -6.930977 5.665346 2.800966 -7.305631 -15.665307 3.931433 -0.390768 
0.234818 17.706520 70.410507 -5.185896 23.807342 -11.273290 10.762661 0.465034 -23.946342 26.954567 19.672312 106.816421 3.451482 -10.381426 10.586474 0.062699 -1.616002 -4.445499 14.166498 2.530700 -26.472936 -4.710588 -13.923462 37.884682 4.175037 -17.223682 25.173783 -1.094400 6.648100 -18.676901 7.493624 -4.210280 13.686257 1.413162 -1.563715 -7.052389 -3.121855 -8.210816 -6.903611 0.762500 -2.660300 5.629100 -43.469240 37.957133 11.336493 112.417502 -66.442715 -92.614842 -0.119685 -1.551547 -4.010720 13.787349 -16.066912 -3.353439 18.063844 -20.374145 2.642033 -5.753881 18.564162 -5.483669 5.680955 2.440731 -5.951362 -15.727118 3.045553 -0.171327 
0.244704 17.229183 70.997353 -7.322990 22.451720 -12.814271 6.926664 -1.237378 -31.858787 26.203287 19.908446 104.772733 3.091919 -8.629788 9.687734 0.090498 -1.940601 -5.341599 17.015464 2.966164 -27.728751 -6.355994 -15.297263 45.177026 3.852442 -13.880174 18.769778 -1.270202 7.143399 -20.140796 10.327703 -2.494208 17.759607 1.795782 -0.831993 -7.844586 -3.099138 -8.818183 -8.590579 0.750500 -2.828601 5.150601 -57.981356 34.279572 10.729873 104.093785 -65.349932 -86.066083 -0.763510 -1.094669 -5.296348 14.929852 -15.294767 -3.806259 23.839405 -14.149753 -4.536934 -4.947943 16.417337 -4.230639 5.494199 1.889841 -4.082415 -15.384153 1.886925 0.084079 
0.266190 16.826965 71.576836 -7.876751 21.397678 -13.544039 1.548003 -5.331100 -38.109142 24.101225 20.490569 98.810673 2.537984 -6.233352 10.486311 0.118405 -2.217901 -6.108401 18.322598 2.887843 -28.363290 -7.866220 -16.258118 50.981552 3.272381 -11.275843 13.500234 -1.640800 8.073901 -22.938702 11.055325 -0.678165 21.085271 2.666972 -0.081454 -8.163849 -2.878198 -9.382054 -9.860080 0.773001 -2.998500 4.618900 -70.015875 28.304456 13.019156 89.375428 -62.730388 -74.665123 -1.454130 -1.098153 -9.767952 16.141661 -15.020868 -4.295733 29.574437 -7.427793 -7.658061 -4.700493 14.881253 -3.427972 5.061475 1.276441 -1.887761 -14.476068 0.733633 0.291551 
0.306835 16.491447 72.160484 -8.207291 20.049765 -13.799648 -2.272064 -9.237013 -42.634578 21.065137 21.115821 89.483989 2.210167 -4.628712 12.199536 0.141999 -2.428901 -6.692499 19.504591 2.827552 -28.668668 -9.163695 -16.964448 55.759140 2.631740 -9.215751 8.695316 -1.950600 8.762302 -25.054701 11.732086 1.352840 23.452719 2.995224 0.664337 -8.440137 -2.293109 -10.062050 -10.484920 0.873100 -3.185100 4.272000 -78.516496 22.354444 17.354715 75.714691 -58.392582 -61.363041 -1.690003 -1.089597 -16.300861 17.380102 -15.059993 -4.832126 35.393641 -1.041608 -3.418316 -5.252949 14.926579 -3.162216 4.434651 0.808290 -0.629779 -13.160049 0.150526 0.293638 
0.360826 16.230988 72.752640 -8.615973 17.871354 -13.539072 -4.200940 -11.336922 -45.644909 16.997952 21.213465 77.234263 2.391976 -4.188073 15.156902 0.157799 -2.559500 -7.054600 20.967513 3.219142 -28.601908 -10.129813 -17.433306 59.421432 1.741101 -7.094815 4.593648 -2.015100 8.897600 -25.475401 12.849710 3.775319 24.928031 2.483382 1.457626 -8.518002 -1.312393 -10.856634 -11.029566 1.104400 -3.380899 4.185700 -84.002382 17.845031 21.536050 66.377635 -55.197534 -50.670070 -1.703116 -0.875357 -21.131945 18.247490 -15.200228 -5.296427 41.514188 4.794323 8.034418 -7.436913 17.216128 -3.617569 3.673077 0.514294 -0.752557 -11.907984 0.520535 0.048340 
0.419345 16.064777 73.359619 -8.513565 15.159423 -12.674877 -5.357544 -11.783673 -47.031296 11.887183 20.110112 62.848912 3.160321 -4.569729 19.861689 0.181499 -2.743900 -7.566400 22.021739 3.801484 -28.067221 -10.766376 -17.679767 61.814722 0.666076 -4.896257 1.441416 -1.974000 8.811601 -25.207799 13.398714 6.496463 25.693587 1.622349 2.299174 -8.401042 -0.236750 -11.694166 -11.726128 1.465100 -3.582800 4.171900 -87.189744 15.261210 26.302049 61.596377 -53.639841 -44.654913 -1.670063 -0.647404 -21.970902 18.575764 -15.170544 -5.467648 47.798622 10.019877 21.849509 -11.930452 21.593436 -5.169273 2.841574 0.283323 -0.762493 -11.113661 1.723076 -0.327151 
0.481360 15.973387 73.990250 -7.946960 12.486413 -11.664305 -5.819045 -11.825992 -46.868914 6.550828 17.593409 48.356187 4.287801 -4.783145 25.994293 0.242002 -3.165900 -8.741001 22.492410 4.131189 -27.182758 -11.290964 -17.813905 63.566782 -0.451688 -2.768162 -1.078942 -1.913501 8.683501 -24.810301 13.064506 9.011220 26.045350 0.884433 3.069100 -8.306547 0.626880 -12.285112 -12.312626 1.723800 -3.739400 4.034600 -88.611153 14.496941 31.976873 60.995556 -53.491338 -42.973456 -1.575528 -0.483118 -19.862872 18.486840 -14.713225 -5.277198 54.118944 14.432725 33.907523 -18.564457 27.467474 -8.277092 2.042432 0.155253 -0.058758 -10.571904 3.190295 -0.648855 
0.552857 15.915512 74.647102 -7.437444 10.214528 -10.810196 -4.895999 -12.821668 -45.662368 2.419502 14.469962 36.131700 5.017362 -3.107974 31.944925 0.322998 -3.652800 -10.101700 22.778944 4.059707 -26.261451 -11.940407 -17.952161 65.491551 -1.413133 -1.002158 -3.275642 -1.926900 8.712200 -24.899099 12.361271 10.855654 25.929984 0.458580 3.637285 -8.153220 1.131170 -12.395954 -12.663274 1.772200 -3.788200 3.851301 -88.754851 14.848960 37.895941 63.642000 -54.340935 -44.497566 -1.442561 -0.412391 -17.784931 17.961989 -14.063397 -4.861618 60.301666 17.785153 43.690733 -26.960637 34.180311 -13.365535 1.409365 0.125942 0.889205 -9.967994 4.725373 -0.890415 
0.638902 15.859827 75.325203 -7.208136 8.476503 -10.262288 -2.959116 -14.883302 -43.938632 0.344743 12.025829 27.621514 4.571272 1.360761 36.071660 0.400600 -4.063500 -11.255300 23.033959 3.610370 -25.430779 -12.809215 -18.167383 68.004420 -2.144383 0.384976 -4.927119 -2.084000 9.039001 -25.917401 11.760509 11.878239 25.427662 0.269069 3.952539 -7.826099 1.343958 -12.089857 -12.830196 1.675799 -3.734000 3.732100 -87.987884 15.574023 43.456384 68.506809 -55.673613 -48.144943 -1.285149 -0.437989 -17.656173 16.721092 -13.318863 -4.233491 66.160563 20.042765 51.862994 -36.785210 40.741938 -20.560378 1.012681 0.088355 2.169067 -9.270858 6.401378 -1.109965 
0.740207 15.794559 76.014664 -7.123946 7.119583 -10.039767 -1.447647 -16.600867 -42.199994 -0.212105 10.796209 23.025905 3.474869 6.346527 38.651090 0.424200 -4.180200 -11.584200 23.085913 3.022861 -24.638619 -13.858550 -18.452815 71.067270 -2.726880 1.709128 -5.541819 -2.379902 9.616101 -27.742402 11.347052 12.351523 24.692663 0.186310 4.084900 -7.362232 1.435330 -11.624210 -12.785205 1.549100 -3.630900 3.721100 -86.596017 16.274012 48.369020 74.541272 -57.023534 -52.870621 -1.102866 -0.500793 -18.677741 14.927675 -12.427922 -3.471952 71.644636 21.274618 58.730661 -47.513121 46.257403 -29.437528 0.862140 0.004715 3.931766 -8.733102 8.002641 -1.319940 
0.851984 15.722052 76.704681 -7.115607 5.959384 -10.172081 -1.173145 -16.795927 -40.841124 -0.150527 10.480906 21.540139 3.063733 9.276513 41.904481 0.513099 -4.591500 -12.746900 22.870597 2.529842 -23.712956 -14.965409 -18.730900 74.365163 -3.293439 3.358038 -4.816595 -2.697800 10.188900 -29.590699 11.143834 12.469809 23.963090 0.074701 4.098842 -6.956586 1.595188 -11.150906 -12.476456 1.447600 -3.513200 3.811000 -84.913235 16.790737 52.406999 80.652056 -58.052311 -57.652958 -0.891600 -0.533512 -18.945529 12.786172 -11.491269 -2.695700 76.785860 21.558688 64.392647 -58.522066 50.478510 -39.184207 0.926304 -0.101973 5.704750 -8.711679 9.185196 -1.545463 
0.966297 15.647093 77.383118 -6.942004 5.125022 -10.543922 -1.969737 -15.846702 -40.097100 0.131881 10.784670 22.282162 3.702431 9.570799 46.140659 0.559103 -4.789298 -13.308600 22.131199 2.195678 -22.671538 -16.000459 -18.937826 77.530356 -3.960305 5.640076 -2.748637 -2.870997 10.483200 -30.556198 10.763323 12.184325 23.374689 -0.026590 3.991648 -6.812709 1.899714 -10.667886 -11.957413 1.377900 -3.382300 3.974000 -83.240606 17.003951 55.480463 85.918580 -58.628218 -61.717655 -0.678145 -0.515424 -17.404653 10.733101 -10.780884 -2.074453 81.483866 20.952933 68.855294 -69.391315 53.629822 -48.991998 1.124201 -0.220297 7.159938 -9.414257 9.876847 -1.839806 
1.079289 15.578305 78.041016 -6.526808 4.801417 -10.968791 -3.163376 -14.858578 -40.137725 0.577123 11.608078 24.848163 4.629660 7.568750 49.320455 0.478999 -4.438199 -12.312800 20.875603 2.029735 -21.660304 -16.822127 -19.056843 80.245198 -4.700015 8.615372 0.580096 -2.736899 10.256401 -29.811099 10.006271 11.462356 22.895523 -0.018616 3.752691 -6.885569 2.266721 -10.195380 -11.435891 1.341600 -3.250400 4.135500 -81.807212 16.686962 57.615351 89.666330 -58.817123 -64.579481 -0.486803 -0.445687 -14.176285 9.048771 -10.791783 -1.717338 85.340404 19.574883 72.050028 -80.135205 55.940860 -58.396924 1.345704 -0.364688 8.210065 -10.684507 10.314151 -2.226961 
1.193049 15.521835 78.673630 -6.089322 4.885884 -11.360822 -4.258590 -14.335530 -40.829097 1.358450 12.878959 28.935880 4.909190 4.850389 49.567067 0.301100 -3.527901 -9.752001 19.525867 2.092083 -20.741436 -17.328173 -19.123683 82.370438 -5.266312 11.818333 5.005141 -2.224100 9.318001 -26.795301 9.210754 10.468907 22.455988 0.054556 3.422628 -6.942599 2.596655 -9.790094 -11.091584 1.335500 -3.137099 4.264700 -80.786300 15.694647 58.875527 91.505524 -58.787974 -65.989101 -0.346962 -0.350078 -10.154548 8.111177 -11.483406 -1.622688 87.920052 17.612266 74.077070 -90.704128 57.287678 -67.020328 1.513347 -0.559013 8.938036 -12.324910 10.698806 -2.719496 
1.312514 15.482644 79.274841 -5.916709 4.938181 -11.774622 -4.942013 -14.093567 -41.524753 2.388901 14.239555 33.822255 4.717581 1.929978 46.946810 0.182598 -2.752200 -7.589498 18.608503 2.540102 -19.817516 -17.499130 -19.185844 83.908119 -5.405016 14.418597 10.465381 -1.451300 7.615101 -21.550999 8.916465 9.534448 22.060493 0.023942 3.097249 -6.795375 2.868224 -9.470488 -10.958893 1.356500 -3.046700 4.406100 -80.220319 14.130611 59.315840 91.298551 -58.678736 -65.867532 -0.277798 -0.266100 -6.376651 7.980609 -12.320651 -1.711522 89.040581 15.350906 75.241949 -100.227439 57.451498 -74.277326 1.624229 -0.785111 9.135401 -14.099125 11.167922 -3.315036 
1.438285 15.475227 79.839615 -5.925672 4.637242 -12.194136 -5.367153 -13.755663 -41.672696 3.472757 15.344275 38.308789 4.485426 -0.390665 43.402096 0.123199 -2.262698 -6.232399 18.103002 3.322323 -18.939324 -17.422849 -19.261490 84.889946 -5.091147 15.586852 17.045475 -0.689499 5.308600 -14.790902 9.110815 8.837618 21.695636 -0.178883 2.842846 -6.501057 3.112761 -9.183984 -10.918924 1.382900 -2.963700 4.607000 -80.156197 12.231639 58.890680 88.958759 -58.490997 -64.132878 -0.279854 -0.218516 -3.572181 8.301832 -12.824509 -1.860691 88.859755 13.058523 75.696518 -107.378609 56.815869 -79.555803 1.721095 -0.973862 8.433280 -15.738124 11.816908 -3.978730 
1.566461 15.509335 80.364532 -5.688876 4.073765 -12.425927 -6.046517 -13.227320 -41.204250 4.418397 16.046209 41.608116 4.191236 -1.331580 40.198181 0.093900 -1.976001 -5.439403 17.415207 4.150602 -18.499000 -17.358565 -19.350849 85.534594 -4.515591 14.778191 24.644073 -0.205299 2.917599 -8.049500 9.121810 8.322872 21.228798 -0.377366 2.655990 -6.265340 3.325052 -8.845550 -10.807353 1.414400 -2.861599 4.881600 -80.513931 10.390964 57.650791 85.060052 -58.128865 -61.167981 -0.340302 -0.213238 -1.971793 8.880079 -12.711767 -1.982795 87.738838 10.883653 75.367801 -111.464341 56.160715 -82.570742 1.807221 -1.058849 6.789103 -16.913180 12.526360 -4.563317 
1.693415 15.583777 80.847771 -5.096712 3.543760 -12.358902 -7.124219 -12.730565 -40.404153 5.109776 16.407819 43.755116 3.805278 -1.240015 37.448166 0.077401 -1.794701 -4.938701 16.251214 4.630996 -18.857171 -17.648360 -19.450171 86.131550 -3.948565 11.904092 32.325060 -0.034999 1.207001 -3.318598 8.638598 7.756160 20.598543 -0.425873 2.474020 -6.245009 3.474452 -8.373425 -10.550861 1.442100 -2.718900 5.164700 -81.160505 8.941629 55.708708 80.621222 -57.559063 -57.725772 -0.437752 -0.227630 -1.344715 9.725853 -12.205004 -2.096271 86.022221 8.885619 74.243315 -112.468520 56.004793 -83.359203 1.863117 -1.014486 4.671981 -17.478702 12.961917 -4.867751 
1.813394 15.692791 81.291199 -4.405914 3.105928 -12.047583 -8.317926 -12.341823 -39.508684 5.539727 16.542754 45.025526 3.431070 -0.786482 35.289135 0.062200 -1.608699 -4.425498 14.886930 4.605564 -20.056780 -18.339443 -19.545916 86.823478 -3.585131 8.193532 37.270074 -0.042201 1.325701 -3.645401 7.959770 7.017541 19.872789 -0.365989 2.261046 -6.399638 3.554336 -7.701572 -10.233557 1.432399 -2.522500 5.414001 -81.961701 8.014445 53.246322 76.571170 -56.888342 -54.560577 -0.566475 -0.238609 -1.375035 11.000449 -11.648238 -2.280186 83.983810 7.142228 72.461277 -110.568462 56.450004 -82.043741 1.883231 -0.851391 2.703626 -17.518180 12.828657 -4.780859 
1.922776 15.832104 81.697304 -3.943094 2.797307 -11.602423 -9.280022 -12.033391 -38.542347 5.730844 16.516212 45.585542 3.159590 -0.364719 33.693887 0.051500 -1.463900 -4.026298 13.875099 3.964453 -21.856729 -18.949027 -19.623185 87.386740 -3.224731 5.375009 37.654384 -0.246899 3.197200 -8.828199 7.452765 6.054544 19.127696 -0.248219 1.994638 -6.584581 3.578436 -6.831417 -10.020949 1.386800 -2.275600 5.663100 -82.753844 7.522547 50.528795 73.295949 -56.240761 -52.023518 -0.721671 -0.240352 -1.714153 12.716886 -11.194280 -2.558577 81.891693 5.758073 70.219138 -105.767861 57.277109 -78.609502 1.879590 -0.597885 1.202305 -17.141595 12.158203 -4.357855 
2.021020 15.998856 82.068726 -3.673873 2.585054 -11.081555 -10.035172 -11.702984 -37.469434 5.704965 16.347496 45.522966 3.001991 -0.042134 32.622043 0.039599 -1.283899 -3.530300 13.363326 2.805193 -23.946358 -19.232546 -19.681938 87.352857 -2.572507 3.159923 33.818819 -0.765700 5.587799 -15.592899 7.118388 4.971845 18.432992 -0.098035 1.697956 -6.743224 3.550368 -5.857430 -9.973443 1.322001 -2.003799 5.928600 -83.426206 7.275332 47.854644 70.555601 -55.625505 -49.914861 -0.884873 -0.238287 -2.173409 14.610007 -10.849101 -2.879247 79.975942 4.744485 67.783200 -97.949355 57.936186 -72.903955 1.874707 -0.278652 0.093688 -16.482892 11.106415 -3.728131 
2.110333 16.188725 82.408432 -3.504646 2.396640 -10.520666 -10.652069 -11.323928 -36.278154 5.503190 16.058101 44.935737 2.920636 0.256359 31.985510 0.029500 -1.108800 -3.048402 13.363609 1.409235 -26.063258 -19.202979 -19.726683 86.306907 -1.585794 0.513981 27.882650 -1.440700 7.588301 -21.470303 6.910232 3.925466 17.826656 0.052618 1.413201 -6.888627 3.475943 -4.931105 -10.037046 1.199499 -1.751300 6.166100 -83.917115 7.082886 45.519715 67.891737 -54.968205 -47.804924 -1.042792 -0.246636 -2.767416 16.461106 -10.383970 -3.133095 78.393339 4.038616 65.424165 -87.469794 57.602615 -64.904609 1.852864 0.081366 -0.885648 -15.602299 9.539362 -2.912004 
2.192439 16.395157 82.720634 -3.370440 2.146768 -9.973257 -11.182146 -10.944166 -34.950235 5.195701 15.683673 43.963088 2.829298 0.718264 31.657651 0.021401 -0.944499 -2.596000 13.786989 0.110772 -27.989842 -18.752278 -19.753862 84.030437 -0.486940 -2.275584 22.462456 -1.940100 8.740099 -24.985602 6.806662 3.041259 17.366605 0.176499 1.174153 -7.051455 3.365244 -4.138651 -10.140936 1.042001 -1.539000 6.354299 -84.216509 6.797385 43.670917 64.909992 -54.172237 -45.321088 -1.187154 -0.271142 -3.543652 18.098154 -9.663904 -3.226269 77.209503 3.577461 63.002530 -75.694737 55.862273 -55.146236 1.759926 0.433222 -1.832397 -14.570458 7.095392 -1.880488 
2.266042 16.611652 83.012283 -3.199330 1.752228 -9.446361 -11.678256 -10.594327 -33.519403 4.839775 15.256757 42.729073 2.659478 1.469869 31.527188 0.016299 -0.824699 -2.266498 14.439078 -0.820116 -29.591430 -17.820912 -19.729906 80.556863 0.449557 -4.569184 18.849736 -2.134899 9.141700 -26.239601 6.735830 2.415890 17.040893 0.260902 1.004916 -7.226620 3.248448 -3.521166 -10.249455 0.861600 -1.377500 6.477300 -84.297407 6.383827 42.325219 61.527314 -53.202070 -42.393843 -1.307446 -0.313358 -4.469721 19.287865 -8.673406 -3.091885 76.426640 3.308081 59.851779 -64.122148 53.121223 -44.875702 1.621350 0.747671 -2.364878 -13.415566 3.844446 -0.742275 
2.329716 16.833454 83.290283 -2.972944 1.308914 -8.896766 -12.165299 -10.377373 -32.037027 4.463254 14.801016 41.323559 2.392988 2.499623 31.511506 0.013200 -0.743099 -2.042299 15.165836 -1.411809 -30.802853 -16.427067 -19.589011 76.039199 1.029803 -5.944111 16.761964 -2.281700 9.429799 -27.149301 6.598097 2.020019 16.722375 0.380817 0.893698 -7.331545 3.099865 -3.065009 -10.414715 0.735800 -1.257700 6.606099 -84.166758 5.842264 41.477517 57.894348 -52.081660 -39.176139 -1.409533 -0.369263 -5.346996 20.077326 -7.418676 -2.740400 75.941141 3.181940 55.616515 -53.653136 49.806486 -35.477007 1.541456 1.001266 -1.873965 -12.363063 0.712481 0.192263 
2.382716 17.055965 83.559616 -2.722471 0.887765 -8.304258 -12.627112 -10.314468 -30.561188 4.087321 14.337693 39.827970 2.044526 3.727428 31.555821 0.010901 -0.672799 -1.848998 15.881239 -1.723492 -31.569647 -14.618688 -19.255444 70.664578 1.130460 -6.230050 15.827762 -2.456597 9.758599 -28.198601 6.391995 1.797488 16.324973 0.576185 0.823885 -7.338736 2.894029 -2.732374 -10.620893 0.670299 -1.168199 6.755901 -83.870732 5.233545 41.079782 54.202643 -50.856082 -35.870889 -1.500078 -0.431049 -5.960541 20.543987 -5.983661 -2.227958 75.594975 3.091554 50.465598 -44.789585 46.173407 -27.775591 1.575836 1.128171 -0.321695 -11.835311 -1.294251 0.724858 
2.424278 17.273882 83.823700 -2.499459 0.545931 -7.650929 -13.024304 -10.379892 -29.177296 3.729345 13.888299 38.329926 1.656549 5.016487 31.616305 0.008599 -0.598800 -1.645398 16.537644 -1.791470 -31.909315 -12.513482 -18.668735 64.701668 0.845440 -5.774123 15.645054 -2.763799 10.302500 -29.962099 6.171015 1.678121 15.794608 0.849591 0.776424 -7.256670 2.619147 -2.476585 -10.823435 0.622301 -1.099200 6.896899 -83.471997 4.634887 41.059200 50.647336 -49.585770 -32.684852 -1.574368 -0.483426 -6.294562 20.669115 -4.676935 -1.705110 75.209329 2.957226 44.848862 -37.646888 42.494149 -21.889598 1.729474 1.131770 1.162582 -12.124366 -2.161396 0.971949 
2.453676 17.481716 84.084534 -2.336813 0.366321 -6.960836 -13.340937 -10.546136 -27.913471 3.394380 13.467090 36.905093 1.288110 6.206819 31.665832 0.006401 -0.515200 -1.415599 17.079943 -1.655273 -31.811538 -10.268037 -17.809842 58.456516 0.352737 -5.067687 16.038466 -3.095799 10.848498 -31.770700 5.954237 1.553256 15.122115 1.189177 0.721357 -7.104981 2.298812 -2.251226 -10.950637 0.559500 -1.039601 6.989700 -83.009953 4.111202 41.305703 47.346448 -48.319261 -29.749844 -1.634408 -0.515752 -6.449745 20.567865 -3.718313 -1.304631 74.721896 2.730157 39.202920 -32.006994 38.994602 -17.511948 1.984063 1.122210 1.309994 -13.040911 -2.610544 1.162861 
2.470866 17.675888 84.343048 -2.204992 0.367188 -6.269573 -13.608619 -10.747835 -26.754846 3.072758 13.074851 35.584670 0.990007 7.181855 31.699267 0.004899 -0.452401 -1.243002 17.416095 -1.263984 -31.238676 -8.047249 -16.710624 52.223168 -0.153166 -4.568316 17.068724 -3.312999 11.185299 -32.907400 5.700881 1.367271 14.317323 1.564177 0.642816 -6.887737 1.982362 -2.035428 -10.952939 0.476899 -0.983000 7.015299 -82.486097 3.754903 41.724786 44.474271 -47.147925 -27.233543 -1.677481 -0.539292 -6.564048 20.275465 -3.075560 -1.024679 74.129287 2.420332 33.858232 -27.509214 35.770486 -14.224253 2.306454 1.177862 0.016892 -14.223068 -3.075735 1.410905 
2.477218 17.855165 84.600449 -2.070383 0.597508 -5.611917 -13.869395 -10.983122 -25.657208 2.745283 12.704108 34.368543 0.804891 7.854145 31.724393 0.003400 -0.376700 -1.035097 17.471408 -0.622335 -30.188454 -6.000564 -15.447442 46.272766 -0.534180 -4.560158 18.891225 -3.395301 11.308999 -33.329402 5.379125 1.038328 13.393372 1.926369 0.519214 -6.599798 1.719044 -1.825971 -10.816215 0.388600 -0.926200 6.987599 -81.888884 3.607757 42.221428 42.115877 -46.143028 -25.208759 -1.704343 -0.575799 -6.651858 19.824886 -2.516133 -0.768298 73.474387 2.063814 28.890854 -23.782904 32.789642 -11.658360 2.617249 1.233248 -1.199780 -15.194425 -3.398276 1.615929 
2.475070 18.019321 84.856522 -1.909319 1.036850 -4.995674 -14.147634 -11.226346 -24.608694 2.401997 12.353073 33.265053 0.762709 8.165565 31.738851 0.001699 -0.264000 -0.725300 17.254148 0.220660 -28.745377 -4.255289 -14.138433 40.888251 -0.754054 -5.094477 21.550963 -3.229701 11.057901 -32.475501 4.989815 0.553850 12.344479 2.225994 0.349321 -6.238016 1.532859 -1.633760 -10.549508 0.317599 -0.869700 6.950600 -81.217046 3.654615 42.697285 40.191107 -45.299952 -23.598365 -1.701653 -0.635911 -6.578320 19.080286 -1.911234 -0.478467 72.789202 1.662878 24.286729 -20.558244 29.982345 -9.566725 2.850444 1.161216 -0.673112 -15.628476 -3.352987 1.632498 
2.466861 18.166351 85.109619 -1.724493 1.681826 -4.409346 -14.432814 -11.469371 -23.662303 2.043859 12.032101 32.312935 0.901300 8.032919 31.740728 0.000002 -0.034400 -0.094500 16.891276 1.071389 -27.110475 -2.944394 -12.949536 36.400049 -0.720348 -6.280993 24.488114 -2.732399 10.248600 -29.785700 4.567913 -0.085989 11.199437 2.445548 0.139930 -5.864299 1.407696 -1.471814 -10.171946 0.278300 -0.816699 6.957400 -80.516314 3.875647 43.068871 38.556304 -44.568767 -22.271596 -1.646992 -0.695192 -6.221463 17.907013 -1.521589 -0.270519 72.054647 1.161700 20.127210 -17.708026 27.328743 -7.829795 2.987615 0.957819 1.888130 -15.474082 -3.167822 1.531213 
2.454766 18.293530 85.356583 -1.537570 2.498387 -3.847071 -14.694618 -11.682061 -22.873127 1.682883 11.755608 31.553714 1.237929 7.421941 31.736242 0.001699 0.262702 0.721903 16.551022 1.698837 -25.465809 -2.104385 -12.025899 33.044084 -0.418591 -7.913687 26.681054 -2.042100 8.953300 -25.649201 4.157024 -0.829380 10.000263 2.605096 -0.090451 -5.504206 1.305271 -1.367617 -9.727807 0.265401 -0.777600 7.032100 -79.860164 4.194534 43.301672 37.117156 -43.910681 -21.139587 -1.551859 -0.723157 -5.555980 16.539321 -1.546640 -0.226472 71.265756 0.517291 16.476768 -15.206491 24.873640 -6.406260 3.054925 0.733274 5.396472 -14.928598 -3.171849 1.470931 
2.440759 18.400661 85.594223 -1.403733 3.432938 -3.312094 -14.871800 -11.830258 -22.251041 1.330879 11.521633 30.965553 1.749187 6.404828 31.754116 0.008300 0.589599 1.620300 16.356059 2.051823 -23.899025 -1.590917 -11.373101 30.738962 -0.019279 -9.370492 27.580753 -1.400301 7.485598 -21.162297 3.826793 -1.596351 8.833374 2.734035 -0.317976 -5.225322 1.180325 -1.346252 -9.237184 0.258000 -0.763300 7.167100 -79.331879 4.581935 43.401594 35.860842 -43.323094 -20.177307 -1.445809 -0.711629 -4.660293 15.299387 -1.925359 -0.307484 70.410500 -0.313415 13.491996 -13.037372 22.659656 -5.255482 3.114209 0.590416 8.324996 -14.311342 -3.437492 1.511118 
2.426485 18.491154 85.819290 -1.342141 4.435921 -2.820338 -14.951308 -11.915964 -21.745134 0.995233 11.317622 30.491147 2.368876 5.142571 31.802642 0.018600 0.879601 2.417503 16.327091 2.131284 -22.498165 -1.275168 -10.913475 29.123968 0.517530 -10.739463 27.464643 -1.021200 6.428800 -18.033901 3.609605 -2.320271 7.778705 2.851295 -0.526412 -5.058861 1.006523 -1.411038 -8.722303 0.224000 -0.779000 7.338399 -79.003672 4.986023 43.349672 34.751605 -42.784520 -19.342724 -1.350763 -0.672345 -3.576310 14.330798 -2.423530 -0.423815 69.544233 -1.333431 11.121957 -11.203784 20.735682 -4.349708 3.183311 0.571717 9.917990 -13.690288 -3.895557 1.628356 
2.414435 18.570934 86.030273 -1.469696 5.404443 -2.384381 -14.806425 -11.967807 -21.304515 0.692625 11.129115 30.054615 3.020963 3.838448 31.912631 0.033402 1.180400 3.245297 16.545476 2.126394 -21.344667 -1.065593 -10.573634 27.881865 1.206916 -12.216031 26.971006 -0.866401 5.934999 -16.595799 3.650441 -2.914779 6.905674 2.941924 -0.695702 -5.037174 0.773210 -1.531050 -8.201262 0.141500 -0.819300 7.538099 -78.929447 5.358325 43.079543 33.709896 -42.239830 -18.564783 -1.269685 -0.632526 -2.246074 13.528163 -2.720067 -0.474661 68.755652 -2.510474 9.098996 -9.698156 19.121101 -3.658489 3.241795 0.655972 10.320622 -13.028944 -4.417723 1.763702 
2.405962 18.645470 86.227943 -1.801922 6.207069 -1.988185 -14.427082 -12.022179 -20.897437 0.446165 10.957250 29.630973 3.602789 2.721804 32.039004 0.055701 1.523100 4.189398 16.996027 2.125224 -20.485304 -0.927190 -10.320022 26.859139 2.024701 -13.900941 26.542212 -0.794801 5.690700 -15.889498 3.995609 -3.294749 6.199035 2.985855 -0.806545 -5.121524 0.481810 -1.657245 -7.717390 0.011400 -0.871400 7.779600 -79.149208 5.637896 42.496378 32.634182 -41.618548 -17.763966 -1.202970 -0.599690 -0.654917 12.823006 -2.735058 -0.447685 68.122116 -3.777292 7.062271 -8.504822 17.813261 -3.151309 3.261004 0.809568 10.124727 -12.256159 -4.992115 1.893016 
2.400573 18.716825 86.415108 -2.244513 6.731021 -1.585266 -13.909069 -12.075326 -20.527743 0.265238 10.805703 29.215902 4.037942 1.950629 32.125315 0.083300 1.861800 5.123900 17.564798 2.187716 -19.869400 -0.827753 -10.132321 26.035280 2.840802 -15.529041 26.134045 -0.750699 5.533999 -15.438097 4.523080 -3.395039 5.574325 3.002273 -0.845628 -5.212868 0.157957 -1.752056 -7.309162 -0.143800 -0.922400 8.057400 -79.645084 5.766090 41.536810 31.454245 -40.873299 -16.893250 -1.152216 -0.569574 1.065882 12.203784 -2.561687 -0.379502 67.699415 -5.047474 4.755806 -7.597177 16.787261 -2.794170 3.249474 0.993973 9.858081 -11.474787 -5.643963 2.024865 
2.396437 18.783867 86.595253 -2.560258 6.989074 -1.125008 -13.505569 -12.110963 -20.196484 0.129355 10.668990 28.812345 4.299725 1.544386 32.108044 0.110301 2.141400 5.896700 17.982174 2.360834 -19.389107 -0.708930 -9.964134 25.382029 3.349409 -16.490334 25.757277 -0.689901 5.310199 -14.795399 4.908632 -3.245016 4.950325 3.027034 -0.820982 -5.244111 -0.136841 -1.820970 -6.970360 -0.302100 -0.969000 8.348300 -80.325174 5.740215 40.213282 30.150216 -39.991664 -15.947138 -1.121262 -0.539358 2.646597 11.690823 -2.327193 -0.307981 67.548077 -6.270442 2.137391 -6.945323 16.010323 -2.552629 3.246402 1.178368 9.748225 -10.914491 -6.378232 2.189417 
2.390908 18.844915 86.769333 -2.543679 7.105051 -0.598599 -13.442871 -12.120037 -19.883206 -0.000195 10.534607 28.413161 4.420477 1.397958 31.980316 0.128900 2.313900 6.374100 18.044358 2.552065 -19.001176 -0.607249 -9.815177 24.846201 3.645616 -17.034598 25.472092 -0.632398 5.088201 -14.160401 4.858927 -2.968172 4.294244 3.088437 -0.761640 -5.185076 -0.348039 -1.885307 -6.665933 -0.429900 -1.011001 8.630300 -81.079753 5.613247 38.582357 28.771224 -39.008203 -14.970198 -1.114428 -0.521240 3.864513 11.275081 -2.008322 -0.224237 67.721510 -7.414695 -0.684615 -6.518782 15.452106 -2.396212 3.287111 1.334079 9.810885 -10.774459 -7.118819 2.407016 
2.382891 18.899075 86.937180 -2.263537 7.242550 -0.054551 -13.651477 -12.128336 -19.581118 -0.146260 10.392314 28.015431 4.499206 1.301454 31.821379 0.141800 2.426500 6.685898 17.829445 2.728387 -18.676253 -0.544371 -9.698781 24.429015 3.866893 -17.413015 25.176729 -0.585897 4.900899 -13.626198 4.421986 -2.723427 3.661432 3.177896 -0.708700 -5.077064 -0.454444 -1.959329 -6.374891 -0.522300 -1.050300 8.889500 -81.828893 5.464394 36.734946 27.424712 -37.998696 -14.040589 -1.137812 -0.538878 4.638066 10.936891 -1.425536 -0.081582 68.241794 -8.451912 -3.523997 -6.292048 15.091169 -2.303537 3.384916 1.448072 9.940406 -11.123029 -7.793149 2.691733 
2.372747 18.946341 87.098160 -1.959433 7.478826 0.434483 -13.884321 -12.160281 -19.283954 -0.294659 10.256137 27.655959 4.613011 1.111366 31.678648 0.152299 2.515100 6.931502 17.589435 2.885255 -18.347529 -0.509209 -9.615554 24.112825 4.127085 -17.801240 24.726130 -0.550900 4.754798 -13.210397 3.901919 -2.587641 3.124406 3.251365 -0.684656 -4.957500 -0.487552 -2.035261 -6.103287 -0.554700 -1.085700 9.144600 -82.545654 5.336503 34.794349 26.158076 -36.999809 -13.183520 -1.195787 -0.600375 4.925811 10.701069 -0.527546 0.132155 69.057317 -9.340937 -6.186798 -6.223623 14.895630 -2.256960 3.525812 1.524735 9.973939 -11.866028 -8.352142 3.031133 
2.362052 18.986824 87.252518 -1.828706 7.810174 0.842138 -13.932233 -12.229605 -19.005846 -0.421058 10.143416 27.371334 4.791611 0.784257 31.565083 0.162400 2.596600 7.157601 17.528445 3.017234 -17.984353 -0.467909 -9.544591 23.843936 4.430984 -18.200266 24.103849 -0.526104 4.648198 -12.907897 3.563477 -2.560742 2.706988 3.271203 -0.690125 -4.856446 -0.474729 -2.105427 -5.841063 -0.553600 -1.118000 9.381800 -83.201009 5.256501 32.903062 24.985862 -36.034824 -12.402511 -1.284840 -0.687151 4.752651 10.643452 0.508139 0.378803 70.085225 -10.052253 -8.540917 -6.268842 14.828245 -2.243476 3.674499 1.578502 9.811214 -12.780559 -8.774720 3.379386 
2.352295 19.021191 87.401047 -1.900407 8.192015 1.185596 -13.769180 -12.341218 -18.761000 -0.510767 10.063956 27.179651 5.009965 0.371762 31.439196 0.172101 2.672399 7.368000 17.675922 3.081491 -17.616073 -0.404959 -9.469399 23.575353 4.738110 -18.574819 23.418504 -0.518302 4.614399 -12.811899 3.470137 -2.611685 2.369357 3.224691 -0.716815 -4.761902 -0.435119 -2.139480 -5.587801 -0.538501 -1.140900 9.606400 -83.766510 5.223271 31.177443 23.910931 -35.120435 -11.695688 -1.388953 -0.783096 4.238324 10.728099 1.510923 0.627211 71.240082 -10.545942 -10.545178 -6.380449 14.837948 -2.249808 3.793604 1.615849 9.467128 -13.620271 -9.034247 3.666092 
2.344206 19.050219 87.544846 -2.094832 8.546845 1.513616 -13.478353 -12.478859 -18.569096 -0.561799 10.014798 27.063284 5.214165 -0.015439 31.272514 0.180401 2.735501 7.543202 17.951006 3.093669 -17.292681 -0.325422 -9.387587 23.299922 5.015559 -18.896875 22.762967 -0.529100 4.661400 -12.945299 3.539014 -2.685860 2.057114 3.123455 -0.748405 -4.672714 -0.375161 -2.121475 -5.325128 -0.532600 -1.150800 9.813699 -84.214615 5.241520 29.710947 22.937271 -34.275321 -11.063578 -1.491461 -0.873583 3.561083 10.891668 2.352567 0.849048 72.456972 -10.828659 -12.116062 -6.531783 14.902601 -2.270147 3.858983 1.640318 8.954067 -14.220603 -9.106209 3.831825 
2.337529 19.074799 87.684525 -2.306495 8.826656 1.864816 -13.172448 -12.619445 -18.430981 -0.584333 9.984549 26.987736 5.365685 -0.298253 31.061886 0.187800 2.791200 7.697901 18.244892 3.073027 -17.049184 -0.244345 -9.307722 23.043123 5.244240 -19.141936 22.170718 -0.556300 4.777599 -13.275200 3.638493 -2.745695 1.734542 3.007372 -0.773746 -4.585618 -0.306657 -2.053433 -5.048343 -0.550400 -1.148500 10.004500 -84.546450 5.339108 28.611429 22.109251 -33.552401 -10.529604 -1.595543 -0.975031 2.764412 11.119243 3.198790 1.087856 73.687290 -10.937708 -13.151909 -6.709983 15.017388 -2.301810 3.867224 1.644177 8.326382 -14.543982 -8.954386 3.844550 
2.331312 19.095762 87.820221 -2.452376 9.005541 2.245083 -12.940114 -12.738002 -18.330909 -0.589382 9.965238 26.930454 5.445912 -0.440968 30.809280 0.193899 2.835500 7.821001 18.472149 3.052168 -16.880187 -0.174686 -9.238591 22.829700 5.429555 -19.315024 21.624603 -0.598401 4.951899 -13.771400 3.654499 -2.769337 1.420403 2.919352 -0.785827 -4.514539 -0.246509 -1.935452 -4.769942 -0.571200 -1.133700 10.193701 -84.785690 5.494566 27.835284 21.367087 -32.906540 -10.053302 -1.685956 -1.064609 2.048846 11.335236 3.891119 1.295751 74.891196 -10.906286 -13.585779 -6.901019 15.167708 -2.339775 3.827070 1.622489 7.671395 -14.609754 -8.597328 3.713559 
2.325120 19.113529 87.951729 -2.513650 9.074197 2.639403 -12.800348 -12.815213 -18.251946 -0.582857 9.954483 26.884544 5.458497 -0.451715 30.521267 0.198100 2.865999 7.905897 18.615665 3.071987 -16.754631 -0.121155 -9.185628 22.673453 5.589571 -19.436876 21.084453 -0.649098 5.153799 -14.347698 3.545947 -2.739729 1.148311 2.879142 -0.779174 -4.472442 -0.198081 -1.790125 -4.498694 -0.590499 -1.111900 10.376400 -84.944413 5.693095 27.301583 20.665314 -32.299627 -9.606280 -1.743174 -1.108579 1.686261 11.439680 4.206904 1.396217 76.051040 -10.763486 -13.410888 -7.099485 15.344653 -2.381240 3.754218 1.571429 7.128103 -14.479856 -8.090533 3.479151 
2.319329 19.128307 88.079086 -2.524511 9.046216 3.033567 -12.714963 -12.850616 -18.192408 -0.564500 9.952942 26.852442 5.417985 -0.358268 30.208644 0.198799 2.871399 7.920898 18.710851 3.149769 -16.653153 -0.080539 -9.148796 22.574069 5.736520 -19.522723 20.525724 -0.704103 5.363098 -14.947199 3.353817 -2.656274 0.932010 2.879184 -0.754198 -4.457444 -0.164822 -1.621186 -4.253887 -0.595300 -1.083500 10.549100 -85.039723 5.920893 26.918519 19.976795 -31.704637 -9.172750 -1.756682 -1.083415 1.853307 11.377846 4.009500 1.338650 77.161595 -10.520215 -12.716101 -7.307858 15.544972 -2.427215 3.663388 1.485921 6.857941 -14.224879 -7.486477 3.183447 
2.315301 19.140089 88.202515 -2.508439 8.940720 3.427289 -12.662839 -12.869914 -18.150880 -0.530579 9.964138 26.845167 5.325502 -0.169146 29.855375 0.193600 2.833599 7.815798 18.774337 3.273740 -16.571316 -0.047455 -9.124055 22.521107 5.857433 -19.554623 19.962395 -0.760602 5.569700 -15.540999 3.126063 -2.522154 0.765866 2.889034 -0.712376 -4.461914 -0.133799 -1.444582 -4.047773 -0.593500 -1.051200 10.691501 -85.080565 6.157222 26.575283 19.275061 -31.093415 -8.741063 -1.706397 -0.980892 2.671692 11.009224 3.223532 1.095535 78.225765 -10.197654 -11.502642 -7.540824 15.788788 -2.483683 3.572893 1.372586 6.782115 -13.973119 -6.808707 2.866703 
2.314533 19.148817 88.323288 -2.489491 8.776660 3.822073 -12.625586 -12.905756 -18.121440 -0.479298 9.987196 26.862095 5.176229 0.121787 29.453310 0.182001 2.747700 7.576999 18.822066 3.399260 -16.528678 -0.018219 -9.110176 22.513465 5.924455 -19.491896 19.422241 -0.822303 5.786001 -16.164801 2.918411 -2.340917 0.628707 2.880700 -0.655727 -4.471483 -0.097147 -1.269850 -3.882632 -0.600700 -1.015900 10.782301 -85.092912 6.398260 26.295114 18.597069 -30.496947 -8.333288 -1.619269 -0.857926 3.853843 10.435445 2.283588 0.813331 79.239235 -9.802560 -9.818957 -7.804811 16.081102 -2.553339 3.496040 1.244530 6.788346 -13.814888 -6.101510 2.562215 
2.317368 19.154461 88.442024 -2.455379 8.573326 4.217805 -12.626409 -12.986430 -18.083358 -0.409126 10.024475 26.912404 4.957342 0.526961 28.962569 0.164699 2.614400 7.207099 18.833048 3.468480 -16.531321 0.009361 -9.104558 22.542883 5.905708 -19.291841 18.943842 -0.893800 6.025899 -16.859496 2.734255 -2.128717 0.506863 2.841292 -0.589816 -4.473417 -0.049533 -1.098714 -3.762303 -0.611300 -0.977200 10.824200 -85.099396 6.629908 26.060595 17.940432 -29.909621 -7.946393 -1.515968 -0.738293 5.162028 9.769283 1.356498 0.554611 80.200190 -9.330455 -7.781798 -8.095711 16.407517 -2.634481 3.435534 1.115981 6.828825 -13.759682 -5.431625 2.291513 
2.323447 19.157116 88.559189 -2.447103 8.317890 4.605092 -12.618191 -13.094049 -18.037197 -0.318766 10.075445 26.991067 4.676007 1.037620 28.394733 0.144499 2.450000 6.750997 18.854429 3.517853 -16.560206 0.038038 -9.105763 22.599803 5.830969 -19.003251 18.503760 -0.976098 6.289500 -17.626800 2.609946 -1.878686 0.413681 2.774627 -0.512880 -4.481681 0.006633 -0.921589 -3.678742 -0.619300 -0.933300 10.828601 -85.112752 6.861149 25.926475 17.344762 -29.367391 -7.598446 -1.427012 -0.647456 6.290216 9.175077 0.643997 0.372600 81.104497 -8.772485 -5.495904 -8.406529 16.748559 -2.723438 3.387772 1.000811 6.847994 -13.772756 -4.857026 2.066590 
2.332056 19.157053 88.675186 -2.468450 8.012525 4.978919 -12.595872 -13.190531 -17.992136 -0.215659 10.138171 27.097356 4.364981 1.588659 27.772030 0.125900 2.287601 6.301201 18.893356 3.570653 -16.592823 0.065777 -9.111142 22.666641 5.746040 -18.707325 18.084789 -1.069800 6.575100 -18.462500 2.541151 -1.593127 0.359649 2.687594 -0.424774 -4.504464 0.065718 -0.744001 -3.629324 -0.624100 -0.886800 10.809800 -85.134669 7.093861 25.933691 16.823671 -28.884662 -7.292257 -1.369006 -0.578790 7.033553 8.781990 0.100569 0.247031 81.951757 -8.124656 -3.060871 -8.736637 17.096637 -2.820229 3.342792 0.909961 6.810480 -13.783252 -4.414379 1.890042 
2.343474 19.154852 88.790924 -2.510747 7.664673 5.340329 -12.563275 -13.236099 -17.962199 -0.110083 10.208941 27.227727 4.067703 2.098504 27.125483 0.111200 2.150300 5.921103 18.947213 3.651772 -16.609085 0.089922 -9.117607 22.727899 5.696715 -18.481802 17.666335 -1.176001 6.883001 -19.369098 2.503193 -1.281365 0.347428 2.595560 -0.327688 -4.533934 0.132080 -0.569321 -3.620459 -0.634500 -0.838400 10.775400 -85.161058 7.306385 26.056280 16.373799 -28.459948 -7.025224 -1.333462 -0.530158 7.425385 8.515733 -0.302566 0.160168 82.743105 -7.388869 -0.474763 -9.099863 17.468981 -2.931079 3.297320 0.850391 6.586204 -13.775960 -4.087451 1.755382 
2.358300 19.151081 88.909019 -2.580627 7.309566 5.703153 -12.513388 -13.227129 -17.951044 -0.012306 10.278798 27.365492 3.819422 2.508059 26.491623 0.101701 2.056300 5.661200 19.024646 3.712664 -16.625576 0.110733 -9.124331 22.781819 5.681964 -18.323007 17.242537 -1.303400 7.232400 -20.405801 2.522060 -0.964243 0.341346 2.484535 -0.228857 -4.549090 0.198906 -0.396528 -3.647935 -0.649600 -0.789000 10.729999 -85.193467 7.483774 26.226222 15.974964 -28.074821 -6.787782 -1.303483 -0.493282 7.628051 8.268598 -0.641549 0.090977 83.472284 -6.590010 2.284181 -9.507315 17.888488 -3.062953 3.250793 0.820198 6.133701 -13.756112 -3.842076 1.651396 
2.375744 19.146360 89.029205 -2.624643 6.984733 6.071299 -12.512357 -13.174862 -17.933598 0.067051 10.342879 27.506084 3.632485 2.789475 25.865795 0.097000 2.008401 5.528900 19.064009 3.691270 -16.642801 0.125932 -9.132572 22.832519 5.667745 -18.175646 16.829281 -1.449000 7.609200 -21.533101 2.546757 -0.665160 0.305414 2.349169 -0.135754 -4.524622 0.264297 -0.250126 -3.702629 -0.665400 -0.745600 10.676800 -85.227160 7.620219 26.413565 15.605624 -27.709822 -6.567936 -1.278140 -0.469091 7.768238 8.022232 -0.881766 0.044827 84.150609 -5.787652 5.203995 -9.990916 18.407498 -3.233847 3.199406 0.814329 5.531771 -13.723312 -3.657410 1.571440 
2.395588 19.141109 89.151184 -2.633145 6.651931 6.449296 -12.555401 -13.081591 -17.921440 0.128586 10.395981 27.625763 3.481428 3.005238 25.289912 0.096199 2.000600 5.507400 19.056329 3.705753 -16.648100 0.133907 -9.143011 22.885565 5.675758 -18.068245 16.404961 -1.595299 7.966700 -22.612901 2.538898 -0.355390 0.277614 2.215354 -0.038954 -4.500698 0.321219 -0.138998 -3.773126 -0.673300 -0.710900 10.614701 -85.260297 7.710649 26.576148 15.250671 -27.348356 -6.358526 -1.252940 -0.445247 7.984211 7.778799 -1.086707 0.007162 84.765562 -4.976790 8.244679 -10.532591 18.993762 -3.435614 3.144539 0.811757 4.912135 -13.690426 -3.470795 1.492428 
2.418150 19.135704 89.275436 -2.599110 6.307213 6.843217 -12.651857 -12.967447 -17.913760 0.173028 10.436271 27.717016 3.347414 3.192211 24.772745 0.099699 2.036401 5.606299 18.987053 3.778637 -16.648965 0.134603 -9.156120 22.944943 5.689346 -17.975743 15.994936 -1.729403 8.278101 -23.561903 2.494324 -0.027911 0.263707 2.083338 0.063793 -4.497594 0.360460 -0.080623 -3.855663 -0.663200 -0.691000 10.550000 -85.298453 7.763528 26.712182 14.909799 -26.988846 -6.158688 -1.228321 -0.420543 8.312028 7.546952 -1.255135 -0.022468 85.301236 -4.171547 11.368793 -11.129436 19.643213 -3.669600 3.083943 0.805725 4.327104 -13.647317 -3.258577 1.404727 
2.443793 19.130053 89.402435 -2.525955 5.972994 7.267106 -12.797320 -12.868794 -17.912225 0.204949 10.465742 27.786616 3.219790 3.365012 24.285619 0.107301 2.112100 5.815601 18.858590 3.876496 -16.669723 0.130170 -9.169198 23.005100 5.686392 -17.869664 15.640107 -1.849500 8.545200 -24.382799 2.431719 0.297703 0.236577 1.949360 0.166279 -4.507614 0.388272 -0.062404 -3.946323 -0.646200 -0.681700 10.478401 -85.347056 7.807865 26.843322 14.629636 -26.685948 -5.994270 -1.202143 -0.401328 8.704268 7.314701 -1.369100 -0.040666 85.748534 -3.406905 14.546876 -11.818796 20.406743 -3.958201 3.011002 0.799282 3.770905 -13.571695 -3.014653 1.305970 
2.473477 19.124058 89.534546 -2.465021 5.659540 7.724106 -12.936131 -12.798705 -17.921558 0.230189 10.486254 27.836362 3.104016 3.517873 23.815081 0.117600 2.211299 6.089798 18.726553 4.003432 -16.713300 0.123816 -9.180491 23.059113 5.689727 -17.786407 15.328318 -1.960199 8.782601 -25.117699 2.413174 0.621544 0.185321 1.805199 0.267269 -4.534663 0.399098 -0.049935 -4.048760 -0.623800 -0.675400 10.413900 -85.401774 7.862756 27.015794 14.438487 -26.475180 -5.880047 -1.174095 -0.368046 9.056145 7.154783 -1.599061 -0.079627 86.087500 -2.739906 17.811282 -12.649650 21.348310 -4.332325 2.927383 0.796685 3.135879 -13.496235 -2.715819 1.192412 
2.506165 19.117500 89.670761 -2.404074 5.414151 8.206944 -13.090075 -12.762494 -17.920035 0.247729 10.503019 27.886298 3.021722 3.601180 23.315695 0.128701 2.312501 6.370200 18.580738 4.073003 -16.772930 0.114541 -9.190515 23.103028 5.698481 -17.724867 15.048056 -2.072598 9.015700 -25.844500 2.446401 0.918505 0.081929 1.634264 0.358591 -4.548138 0.399100 -0.043432 -4.163844 -0.611500 -0.671800 10.354700 -85.444933 7.949030 27.292347 14.363780 -26.395081 -5.830497 -1.144717 -0.318715 9.291956 7.091173 -1.985425 -0.146477 86.318294 -2.239953 21.094469 -13.688156 22.548331 -4.837904 2.834577 0.800981 2.344926 -13.457177 -2.339818 1.060992 
2.541662 19.110050 89.811783 -2.369988 5.192191 8.697071 -13.214423 -12.706362 -17.929835 0.259833 10.517630 27.930003 2.985885 3.607539 22.826512 0.137500 2.390401 6.585801 18.459713 4.217171 -16.803981 0.101589 -9.199601 23.138296 5.783832 -17.786475 14.718679 -2.181400 9.234199 -26.530800 2.524630 1.223171 0.001291 1.458067 0.451709 -4.590110 0.402148 -0.041800 -4.297087 -0.616100 -0.670000 10.296700 -85.456253 8.065795 27.715245 14.425647 -26.466205 -5.853815 -1.116458 -0.273924 9.346162 7.079828 -2.390592 -0.216091 86.431339 -1.895747 24.364879 -14.938555 23.981313 -5.486902 2.740558 0.820750 1.377909 -13.471312 -1.959126 0.936790 
2.579960 19.101376 89.957909 -2.347247 5.020850 9.187125 -13.328853 -12.618039 -17.941331 0.263633 10.531025 27.975573 3.015774 3.500930 22.353241 0.144398 2.449300 6.749001 18.349677 4.376433 -16.807545 0.083402 -9.211816 23.178814 5.925737 -17.932164 14.322764 -2.290301 9.446301 -27.201701 2.642083 1.512340 -0.068318 1.266729 0.539566 -4.652535 0.413281 -0.061519 -4.438463 -0.620500 -0.673800 10.234200 -85.431395 8.235109 28.286091 14.639962 -26.706652 -5.958854 -1.087875 -0.250887 9.194719 7.060288 -2.714523 -0.268548 86.442651 -1.717096 27.478117 -16.408885 25.632121 -6.299294 2.647965 0.857719 0.316661 -13.535287 -1.630794 0.837471 
2.620815 19.090977 90.108948 -2.330033 4.916776 9.677322 -13.438176 -12.498289 -17.958480 0.257522 10.542238 28.024390 3.124980 3.258686 21.916745 0.151002 2.503799 6.900099 18.246535 4.514476 -16.806261 0.056258 -9.233563 23.246619 6.103038 -18.126778 13.868970 -2.398199 9.650500 -27.852100 2.794856 1.763261 -0.129207 1.062394 0.615148 -4.718539 0.437205 -0.102827 -4.596893 -0.617000 -0.681600 10.154701 -85.374147 8.460833 28.999842 15.046920 -27.154809 -6.168357 -1.055401 -0.277941 8.825777 6.930521 -2.773868 -0.266148 86.379361 -1.677302 30.291243 -18.100228 27.467598 -7.292009 2.552007 0.905243 -0.675638 -13.601716 -1.384166 0.768641 
2.663831 19.077938 90.264420 -2.300214 4.880053 10.161515 -13.558421 -12.345035 -17.983041 0.242419 10.552527 28.083216 3.314914 2.876205 21.516978 0.158901 2.568501 7.079702 18.137999 4.614799 -16.824526 0.010567 -9.277459 23.379799 6.301801 -18.350983 13.380862 -2.500200 9.838300 -28.454799 2.957884 1.964510 -0.169756 0.861135 0.675243 -4.777321 0.467828 -0.157510 -4.788460 -0.602600 -0.690900 10.053000 -85.290069 8.696467 29.839330 15.617951 -27.770840 -6.469861 -1.016659 -0.332096 8.237207 6.727198 -2.722317 -0.239447 86.241991 -1.752646 32.782057 -19.998489 29.437806 -8.472056 2.450116 0.951113 -1.510395 -13.636411 -1.182938 0.714791 
2.708456 19.061186 90.423431 -2.221692 4.904520 10.639120 -13.730366 -12.161465 -18.012010 0.218443 10.562287 28.159993 3.580369 2.354425 21.125886 0.168500 2.644500 7.290599 17.988267 4.650063 -16.908057 -0.068445 -9.361409 23.632910 6.488058 -18.557103 12.911447 -2.584899 9.990699 -28.946799 3.089650 2.119969 -0.171704 0.674638 0.721203 -4.836775 0.490047 -0.218721 -5.027098 -0.573000 -0.700400 9.934601 -85.179610 8.954412 30.808777 16.382773 -28.578916 -6.886707 -0.965247 -0.396258 7.436150 6.464162 -2.697515 -0.212824 86.025948 -1.940150 34.967216 -22.086524 31.491461 -9.840537 2.348189 0.975106 -2.201004 -13.673254 -0.897267 0.631788 
2.753519 19.039408 90.585373 -2.053752 4.974087 11.108353 -13.996009 -11.934638 -18.040477 0.183469 10.568812 28.253356 3.921087 1.687330 20.707270 0.178000 2.718000 7.494501 17.763092 4.594512 -17.117249 -0.202008 -9.510912 24.082033 6.634155 -18.705512 12.501873 -2.642000 10.091600 -29.273902 3.131360 2.223923 -0.117726 0.521146 0.752061 -4.921588 0.506371 -0.285445 -5.289333 -0.528100 -0.709100 9.785799 -85.037344 9.259754 31.892523 17.357888 -29.586012 -7.436639 -0.899519 -0.465308 6.434181 6.137455 -2.733559 -0.191174 85.725760 -2.261607 36.910031 -24.360162 33.592443 -11.404451 2.248078 0.975534 -2.775286 -13.705621 -0.493076 0.508570 
2.797510 19.011724 90.749565 -1.750445 5.075923 11.578161 -14.400620 -11.651456 -18.063753 0.135058 10.567772 28.356243 4.330898 0.880338 20.225911 0.186999 2.784900 7.680498 17.424539 4.432101 -17.514933 -0.412232 -9.750978 24.805518 6.706579 -18.742508 12.181430 -2.649200 10.104199 -29.314999 3.006528 2.242846 -0.018098 0.417704 0.759068 -5.063353 0.538955 -0.334097 -5.512846 -0.474000 -0.709300 9.577299 -84.845524 9.666671 33.061095 18.557731 -30.796154 -8.139186 -0.827959 -0.538943 5.221206 5.795313 -2.804898 -0.172259 85.386560 -2.751157 38.622546 -26.805787 35.697744 -13.161315 2.155538 0.948104 -3.230171 -13.761611 0.075063 0.331170 
2.839143 18.978420 90.915833 -1.314540 5.194100 12.056013 -14.937497 -11.296026 -18.086340 0.073132 10.555197 28.453597 4.810835 -0.063586 19.675325 0.197199 2.859299 7.887196 16.985091 4.201997 -18.135697 -0.720351 -10.103840 25.873680 6.718187 -18.682860 11.926286 -2.591699 10.002700 -28.985597 2.705507 2.185548 0.145645 0.364444 0.743660 -5.222212 0.588120 -0.375058 -5.780519 -0.409300 -0.703400 9.319300 -84.600878 10.094208 34.325036 19.986171 -32.179071 -9.002088 -0.762059 -0.618783 3.819650 5.501562 -2.833461 -0.148925 85.059969 -3.313753 40.056929 -29.377547 37.738624 -15.082630 2.071149 0.896934 -3.561426 -13.817064 0.786241 0.106353 
2.877868 18.940914 91.084641 -0.785867 5.321082 12.529241 -15.559229 -10.863303 -18.101379 0.000986 10.528718 28.529899 5.347491 -1.110271 19.094135 0.207800 2.935100 8.097999 16.501951 3.924947 -18.987323 -1.147103 -10.588819 27.349858 6.710657 -18.583473 11.666725 -2.490598 9.820697 -28.398099 2.275088 2.049819 0.387819 0.346311 0.703701 -5.372067 0.661593 -0.397392 -6.128066 -0.338600 -0.688800 9.015700 -84.300531 10.450294 35.683264 21.576311 -33.639004 -9.987267 -0.715327 -0.698917 2.301308 5.351057 -2.783501 -0.123139 84.810914 -3.884952 41.173232 -31.987345 39.637509 -17.102741 1.993313 0.831386 -3.749646 -13.826427 1.573823 -0.142447 
2.914051 18.901585 91.257401 -0.238590 5.454442 12.979541 -16.194079 -10.393341 -18.073523 -0.074440 10.487141 28.569460 5.894268 -2.167033 18.519922 0.214599 2.982600 8.230300 16.050833 3.626241 -20.063374 -1.711027 -11.218290 29.284537 6.722492 -18.498897 11.336107 -2.384098 9.623999 -27.767398 1.818970 1.863059 0.737601 0.326677 0.645364 -5.504617 0.748836 -0.425724 -6.586501 -0.263500 -0.674700 8.678100 -83.959941 10.694225 37.117012 23.322422 -35.144432 -11.095940 -0.687983 -0.771142 0.852989 5.380835 -2.677629 -0.100016 84.688826 -4.414105 41.933142 -34.498067 41.312191 -19.106431 1.929522 0.754850 -3.888199 -13.825695 2.431331 -0.412960 
2.948611 18.862511 91.436394 0.258256 5.582788 13.393187 -16.777006 -9.955647 -17.954963 -0.145207 10.430788 28.562973 6.386222 -3.110486 17.964298 0.215201 2.986501 8.241202 15.688538 3.330027 -21.359608 -2.424058 -11.985674 31.676703 6.781638 -18.486459 10.946222 -2.304699 9.473901 -27.289300 1.431821 1.630640 1.179364 0.288477 0.568502 -5.605873 0.835244 -0.443452 -7.136605 -0.177100 -0.658400 8.310500 -83.617624 10.783122 38.538995 25.136799 -36.605555 -12.276423 -0.674477 -0.829521 -0.324770 5.551385 -2.538671 -0.080033 84.710986 -4.890411 42.362093 -36.738853 42.693211 -20.938536 1.888527 0.676887 -4.110717 -13.870879 3.311713 -0.693201 
2.982449 18.824568 91.624153 0.651883 5.708139 13.770285 -17.261668 -9.625693 -17.703327 -0.203185 10.363091 28.509671 6.751757 -3.805589 17.411686 0.208300 2.938300 8.107098 15.445422 3.043159 -22.865101 -3.282319 -12.856448 34.440954 6.924707 -18.636366 10.565090 -2.269198 9.405600 -27.072600 1.178914 1.332221 1.668206 0.229967 0.467359 -5.677343 0.915530 -0.407878 -7.719123 -0.081600 -0.629400 7.911300 -83.305836 10.727611 39.868693 26.934186 -37.959448 -13.475483 -0.666621 -0.867708 -1.175331 5.796785 -2.443959 -0.069826 84.871670 -5.348194 42.510085 -38.541824 43.737260 -22.437510 1.876828 0.607159 -4.538095 -14.018833 4.161655 -0.973782 
3.015534 18.788189 91.822952 0.932406 5.838673 14.122226 -17.635813 -9.396611 -17.330453 -0.251743 10.283376 28.407042 6.995307 -4.255270 16.882684 0.195099 2.844100 7.844999 15.310999 2.785631 -24.563970 -4.246373 -13.768392 37.418366 7.130884 -18.928132 10.213146 -2.250895 9.370302 -26.960699 1.078979 0.971385 2.176330 0.156491 0.344030 -5.710177 0.977187 -0.301580 -8.349546 0.015500 -0.584900 7.505901 -83.046956 10.499313 41.099755 28.644834 -39.163150 -14.640604 -0.657684 -0.872889 -1.792929 6.079316 -2.558125 -0.091405 85.129705 -5.778171 42.408707 -39.765664 44.416470 -23.465251 1.891691 0.561296 -5.208866 -14.257608 4.847160 -1.216122 
3.047182 18.753429 92.034637 1.134659 6.000977 14.475805 -17.919900 -9.244312 -16.868373 -0.301640 10.185930 28.244799 7.164177 -4.546125 16.395964 0.180800 2.738500 7.551398 15.237713 2.574162 -26.443130 -5.225403 -14.646122 40.419081 7.247286 -19.059297 9.787879 -2.233398 9.336202 -26.852800 1.079976 0.527506 2.666413 0.103688 0.194925 -5.722735 1.015861 -0.119258 -8.992239 0.103500 -0.524000 7.101299 -82.849623 10.138397 42.256680 30.273319 -40.240777 -15.768971 -0.646844 -0.844078 -2.290804 6.397311 -2.938661 -0.156206 85.430810 -6.215359 42.106670 -40.363425 44.745656 -23.969681 1.924550 0.552796 -6.052350 -14.542350 5.229935 -1.370865 
3.076534 18.720646 92.260239 1.304282 6.214654 14.863008 -18.144083 -9.132372 -16.355640 -0.366044 10.062294 28.005463 7.314706 -4.781684 15.982423 0.164900 2.616401 7.212503 15.166415 2.422171 -28.491905 -6.122792 -15.427671 43.236246 7.157904 -18.788724 9.262404 -2.220998 9.312000 -26.776301 1.110618 -0.011586 3.111952 0.097217 0.018703 -5.752666 1.046454 0.114942 -9.600839 0.174000 -0.453400 6.700400 -82.716056 9.719050 43.348495 31.896043 -41.259491 -16.913692 -0.635602 -0.793334 -2.666517 6.752593 -3.490206 -0.254350 85.729486 -6.704336 41.665358 -40.357495 44.756845 -23.964034 1.970170 0.582147 -6.988414 -14.861367 5.288756 -1.425054 
3.102833 18.689518 92.500046 1.474941 6.478843 15.303196 -18.330120 -9.058794 -15.807863 -0.450542 9.908854 27.680555 7.458117 -4.985062 15.653387 0.146000 2.462200 6.784802 15.058984 2.324035 -30.692036 -6.875825 -16.080781 45.685216 6.857031 -18.106837 8.739084 -2.223598 9.317002 -26.792101 1.115172 -0.653188 3.503088 0.161760 -0.185197 -5.829048 1.086152 0.381811 -10.149875 0.227800 -0.377500 6.311100 -82.654391 9.304165 44.349020 33.608425 -42.284652 -18.148385 -0.624926 -0.735448 -2.878123 7.134300 -4.070951 -0.366794 85.982019 -7.271843 41.160544 -39.812832 44.486171 -23.502106 2.031764 0.635601 -7.982600 -15.266500 5.153505 -1.422331 
3.126341 18.658661 92.753708 1.657424 6.771985 15.796742 -18.492904 -9.025318 -15.227957 -0.551097 9.732149 27.286441 7.578553 -5.133936 15.400818 0.126800 2.295500 6.322902 14.902112 2.263902 -33.008914 -7.464522 -16.599880 47.636503 6.436427 -17.213428 8.388375 -2.254198 9.376499 -26.980399 1.061002 -1.382834 3.852460 0.313830 -0.411690 -5.955800 1.146282 0.676390 -10.646904 0.273900 -0.296800 5.946599 -82.658105 8.919009 45.251531 35.512535 -43.369503 -19.555447 -0.615899 -0.691107 -2.999790 7.501800 -4.496327 -0.460588 86.162537 -7.914276 40.607781 -38.818218 43.968686 -22.667253 2.104906 0.694660 -8.938197 -15.724048 4.976846 -1.408179 
3.147669 18.626381 93.020874 1.821901 7.069178 16.307341 -18.619136 -9.004972 -14.599059 -0.663255 9.539373 26.841839 7.658808 -5.200895 15.257905 0.115800 2.193499 6.040798 14.725236 2.223021 -35.390966 -7.890292 -16.995245 49.048532 6.007016 -16.330783 8.264583 -2.317898 9.499099 -27.369297 0.999662 -2.150948 4.225289 0.517726 -0.645607 -6.151781 1.230234 0.980054 -11.113743 0.310601 -0.217100 5.606800 -82.695072 8.571710 46.105886 37.696230 -44.542216 -21.210939 -0.609353 -0.659144 -3.214863 7.860552 -4.826537 -0.542825 86.261417 -8.614458 39.956448 -37.453991 43.226679 -21.539584 2.181487 0.743553 -9.719529 -16.154091 4.848001 -1.406853 
3.167227 18.591278 93.301414 1.958416 7.327470 16.816863 -18.717858 -8.976022 -13.914419 -0.785288 9.335483 26.359627 7.703575 -5.198056 15.219843 0.121100 2.243500 6.178999 14.524616 2.235046 -37.809330 -8.150654 -17.283952 49.956877 5.556944 -15.420684 8.279907 -2.393396 9.641502 -27.823400 0.948373 -2.897012 4.651916 0.764622 -0.870965 -6.341288 1.309277 1.280451 -11.662291 0.339800 -0.144400 5.297500 -82.741664 8.167061 46.964145 40.213207 -45.799205 -23.166986 -0.607721 -0.630789 -3.627131 8.249756 -5.167735 -0.633917 86.261445 -9.272326 39.141319 -35.800988 42.279104 -20.201343 2.256242 0.773317 -10.215410 -16.500046 4.788726 -1.423589 
3.185117 18.552319 93.595047 2.066523 7.518045 17.322845 -18.802220 -8.936982 -13.167773 -0.914113 9.123714 25.846411 7.715094 -5.131287 15.239256 0.142400 2.432399 6.702198 14.283739 2.341914 -40.253928 -8.265855 -17.489906 50.442776 5.098512 -14.496223 8.332552 -2.489199 9.818200 -28.390001 0.903052 -3.602508 5.110421 1.033279 -1.084024 -6.514085 1.386417 1.601767 -12.254730 0.372400 -0.070800 4.996100 -82.747934 7.715496 47.835842 43.085132 -47.121605 -25.461498 -0.610036 -0.597475 -4.184200 8.687664 -5.633720 -0.757219 86.182670 -9.926934 38.135609 -33.979054 41.179852 -18.761910 2.323146 0.790290 -10.410149 -16.711240 4.730469 -1.427790 
3.201744 18.508146 93.900803 2.152956 7.625925 17.829026 -18.886380 -8.922733 -12.351764 -1.042198 8.910275 25.312940 7.654103 -4.934822 15.239558 0.167301 2.634700 7.263300 13.985105 2.561170 -42.735393 -8.273050 -17.641087 50.618296 4.655804 -13.599610 8.347973 -2.589700 9.999201 -28.974299 0.850515 -4.250711 5.581232 1.316024 -1.281738 -6.648362 1.459939 1.936077 -12.895978 0.413800 0.001200 4.697699 -82.688237 7.175617 48.720555 46.291053 -48.464494 -28.093810 -0.614473 -0.560374 -4.742754 9.154098 -6.206304 -0.910917 86.034850 -10.596891 36.946827 -32.116347 39.997260 -17.330043 2.381096 0.813459 -10.557590 -16.778391 4.618402 -1.396418 
3.216787 18.456753 94.217194 2.244774 7.669702 18.330778 -18.998693 -8.918072 -11.460672 -1.157963 8.713051 24.794382 7.529572 -4.631234 15.086365 0.176000 2.702200 7.450603 13.621154 2.828705 -45.258952 -8.215987 -17.760904 50.593916 4.266095 -12.803500 8.286777 -2.682599 10.162499 -29.504700 0.776415 -4.847179 6.072063 1.598789 -1.466323 -6.748593 1.528574 2.260872 -13.571251 0.460400 0.064300 4.388899 -82.540481 6.533383 49.626085 49.849727 -49.803386 -31.092671 -0.621492 -0.526654 -5.236854 9.633929 -6.811036 -1.081187 85.824234 -11.328074 35.600224 -30.376340 38.842742 -16.035100 2.424141 0.875209 -10.971566 -16.673903 4.332454 -1.277720 
3.228937 18.396633 94.543884 2.336038 7.658513 18.801793 -19.120613 -8.858090 -10.506524 -1.261939 8.537593 24.302816 7.386911 -4.300575 14.805363 0.168399 2.643800 7.288698 13.228505 3.115031 -47.807481 -8.133573 -17.864889 50.461363 3.990282 -12.229572 8.149784 -2.766198 10.306600 -29.975300 0.677033 -5.390616 6.636438 1.885814 -1.635574 -6.842013 1.574710 2.592772 -14.289803 0.541699 0.126300 4.090000 -82.291607 5.793079 50.534172 53.854321 -51.137136 -34.554013 -0.632370 -0.498409 -5.695307 10.132027 -7.457017 -1.271464 85.546280 -12.167469 34.179728 -28.931571 37.857120 -15.001000 2.456294 0.985720 -11.852556 -16.495575 3.897106 -1.090772 
3.236898 18.326591 94.883308 2.449800 7.618797 19.253535 -19.244216 -8.712915 -9.514451 -1.364714 8.376812 23.825335 7.308536 -4.085380 14.465745 0.153799 2.527100 6.964802 12.815270 3.398797 -50.382257 -8.053612 -17.963270 50.288298 3.850545 -11.924379 7.972232 -2.819499 10.396902 -30.271800 0.517913 -5.893416 7.278616 2.206622 -1.793451 -6.885413 1.576778 2.916937 -15.135666 0.656300 0.180100 3.815999 -81.940907 4.911814 51.413541 58.456497 -52.473212 -38.623938 -0.653256 -0.481888 -6.178713 10.693996 -8.072675 -1.474796 85.185822 -13.120184 32.790905 -27.961253 37.207504 -14.350595 2.489239 1.119427 -12.979719 -16.444221 3.446925 -0.903935 
3.240422 18.246082 95.239014 2.584780 7.601764 19.725154 -19.331667 -8.499634 -8.504510 -1.479020 8.212805 23.326455 7.375533 -4.115251 14.167723 0.141700 2.426199 6.685098 12.408732 3.648996 -52.991406 -7.986856 -18.059683 50.120474 3.818426 -11.833275 7.774754 -2.853700 10.454402 -30.461202 0.317124 -6.396592 7.912864 2.549429 -1.952100 -6.875354 1.571979 3.218068 -16.051775 0.771800 0.217300 3.540500 -81.467303 3.968415 52.189504 63.891786 -53.832739 -43.526722 -0.682694 -0.488020 -6.731586 11.274936 -8.544529 -1.658887 84.755763 -14.323652 31.573818 -27.666381 37.093692 -14.223440 2.531517 1.230941 -13.832836 -16.684876 3.147338 -0.787790 
3.240676 18.155499 95.613129 2.730177 7.660134 20.255902 -19.352925 -8.291421 -7.470668 -1.609813 8.032026 22.776233 7.581512 -4.372460 13.966421 0.133300 2.353001 6.482303 12.030679 3.835116 -55.625034 -7.935437 -18.154685 49.985074 3.831440 -11.837126 7.617448 -2.883601 10.504300 -30.625601 0.138171 -6.917549 8.472450 2.869520 -2.113115 -6.844499 1.547236 3.465788 -17.065650 0.915100 0.214000 3.480401 -80.882134 3.046616 52.775503 70.440911 -55.214037 -49.497928 -0.710434 -0.528055 -7.383090 11.749728 -8.660495 -1.748476 84.270402 -15.916658 30.675924 -28.241586 37.682907 -14.765011 2.575630 1.292215 -14.147683 -17.207294 3.108724 -0.783155 
3.238676 18.054874 96.005333 2.883043 7.861839 20.838178 -19.288103 -8.105673 -6.407264 -1.751670 7.840682 22.194834 7.965393 -4.924321 13.857982 0.129401 2.319099 6.388498 11.721038 3.864658 -58.236352 -7.901181 -18.243111 49.915409 3.785043 -11.732463 7.595661 -2.911401 10.550199 -30.777600 0.057582 -7.512429 8.921455 3.129989 -2.296800 -6.752812 1.624693 3.644756 -17.913626 0.916200 0.182000 3.082799 -80.267757 2.195290 52.979722 78.444654 -56.558974 -56.735270 -0.725214 -0.556586 -8.087341 12.177246 -8.804406 -1.841341 83.711918 -17.925134 30.250540 -29.856704 39.051765 -16.127379 2.595170 1.318044 -14.215176 -17.809670 3.331479 -0.883538 
3.235610 17.944336 96.415054 3.008622 8.221342 21.444462 -19.106254 -7.981312 -5.322913 -1.884713 7.660227 21.644493 8.446680 -5.642606 13.829868 0.128000 2.306400 6.353102 11.540426 3.729338 -60.746801 -7.895170 -18.328913 49.970634 3.620019 -11.395716 7.751616 -2.992900 10.683502 -31.219801 0.134738 -8.183415 9.305109 3.307615 -2.494379 -6.706964 1.751558 3.811851 -18.634124 0.869300 0.135500 2.639101 -79.692105 1.508077 52.803714 88.041457 -57.593143 -65.073887 -0.699416 -0.535171 -8.746675 12.439155 -9.029069 -1.939005 83.083999 -20.381621 30.329084 -32.609589 41.124766 -18.438143 2.568439 1.339074 -14.544871 -18.252979 3.778064 -1.065899 
3.232284 17.824005 96.843758 3.075583 8.707798 22.085088 -18.804801 -8.000088 -4.270278 -1.981693 7.525882 21.227868 8.912610 -6.351917 13.826775 0.122300 2.254199 6.208700 11.535692 3.463121 -63.110327 -7.954123 -18.433526 50.262951 3.328341 -10.804155 8.141708 -3.150600 10.934998 -32.060898 0.415574 -8.904625 9.595487 3.410800 -2.698064 -6.689216 1.885186 3.994514 -19.266102 0.802800 0.088000 2.187599 -79.221535 0.954630 52.571980 98.804973 -57.717745 -73.866268 -0.622681 -0.434223 -9.258343 12.503118 -9.383450 -2.052997 82.380976 -23.139753 30.803012 -36.487959 43.680199 -21.766172 2.496167 1.370925 -15.301087 -18.400835 4.377947 -1.291056 
3.229994 17.693382 97.296722 3.016423 9.295889 22.740662 -18.349517 -8.249506 -3.209302 -2.040128 7.439635 20.950269 9.173495 -6.721596 13.944573 0.100199 2.041600 5.620801 11.781669 3.129460 -65.223141 -8.123532 -18.586749 50.914273 2.961125 -10.056755 8.848200 -3.392299 11.304602 -33.314001 0.969938 -9.662518 9.766883 3.461443 -2.904917 -6.693186 1.994988 4.218127 -19.811959 0.727200 0.052500 1.761800 -78.877084 0.518469 52.718126 109.456288 -56.457280 -82.177171 -0.529891 -0.292493 -9.509579 12.444374 -9.671905 -2.138870 81.604200 -26.036362 31.504724 -41.292775 46.399547 -26.023273 2.416337 1.396402 -16.105180 -18.405619 5.126980 -1.565104 
3.228446 17.562004 97.779053 2.768369 9.963344 23.376182 -17.714539 -8.793554 -2.049269 -2.080946 7.379383 20.758462 9.223194 -6.733785 14.349219 0.061001 1.593500 4.383499 12.381047 2.750803 -66.860161 -8.434276 -18.804328 51.982339 2.582115 -9.296823 10.080420 -3.504299 11.469899 -33.881401 1.856906 -10.419299 9.789721 3.469537 -3.108742 -6.691793 2.057829 4.470905 -20.270070 0.658000 0.034800 1.399901 -78.644938 0.224643 53.339344 118.810127 -54.026733 -89.333306 -0.468556 -0.171066 -9.543841 12.448254 -9.638728 -2.160079 80.785619 -28.888915 32.227739 -46.638308 48.984867 -30.919276 2.368958 1.401360 -16.440768 -18.510407 5.971668 -1.887929 
3.226268 17.436035 98.294388 2.366189 10.579561 23.973534 -16.987714 -9.561554 -0.779952 -2.124481 7.333486 20.633024 9.103533 -6.479715 15.187989 0.018901 0.888000 2.440700 13.301677 2.427447 -67.912077 -8.941638 -19.112446 53.591416 2.340821 -8.809783 11.411746 -3.223901 11.049002 -32.445398 2.942224 -11.064817 9.660898 3.482736 -3.280347 -6.707041 2.064242 4.722563 -20.600819 0.612700 0.037900 1.116801 -78.485738 0.165733 54.342369 126.371764 -51.001498 -95.029885 -0.450293 -0.070372 -9.606973 12.695654 -9.701298 -2.247902 80.006619 -31.552392 32.764568 -51.989824 51.229051 -35.963968 2.362601 1.392153 -16.142762 -18.778818 6.778091 -2.216892 
3.222561 17.320942 98.843658 1.895772 11.017704 24.569239 -16.286865 -10.449984 0.503398 -2.181843 7.304200 20.611432 8.932212 -6.191293 16.571107 0.000200 -0.087999 -0.241701 14.391263 2.251855 -68.308036 -9.614072 -19.480245 55.667622 2.347282 -8.749550 11.719339 -2.805200 10.372900 -30.192799 4.037745 -11.502357 9.385746 3.520501 -3.394222 -6.757839 2.032034 4.929442 -20.822906 0.598201 0.052600 0.922399 -78.318378 0.418470 55.656394 132.157401 -47.925805 -99.277313 -0.452162 0.004720 -9.960596 12.950309 -9.938513 -2.375639 79.416695 -33.845841 32.951120 -56.752258 53.015821 -40.541368 2.384193 1.376981 -15.433364 -19.140740 7.431273 -2.505273 
3.217500 17.222633 99.423279 1.480757 11.129211 25.269238 -15.738788 -11.306373 1.542225 -2.253212 7.300922 20.788679 8.795846 -6.060755 18.637890 0.044798 -1.366701 -3.758302 15.355291 2.357665 -68.042344 -10.267143 -19.816309 57.777544 2.459075 -8.786387 10.480083 -2.515000 9.865101 -28.540900 4.947438 -11.634755 8.936822 3.554523 -3.426134 -6.838949 1.987725 5.076618 -21.019769 0.606599 0.068000 0.815900 -78.074142 1.004648 57.179669 136.313271 -45.255770 -102.212292 -0.439117 0.065045 -10.621043 12.847611 -10.665955 -2.543769 79.193845 -35.556685 32.708947 -60.448125 54.296769 -44.122776 2.409571 1.365814 -14.718865 -19.456185 7.823191 -2.691848 
3.212782 17.140448 100.028305 1.207177 10.874067 26.074274 -15.390229 -11.998661 2.096295 -2.339985 7.347437 21.332360 8.840309 -6.440682 21.629331 0.180400 -2.735700 -7.543799 15.958182 2.780839 -67.187257 -10.756275 -20.054537 59.479182 2.638739 -8.935195 7.869039 -2.572298 9.968301 -28.873999 5.564026 -11.476851 8.407631 3.544483 -3.375969 -6.968030 1.934067 5.190472 -21.255735 0.614200 0.078300 0.758300 -77.765748 1.932120 58.720282 138.954214 -43.373210 -103.973876 -0.385657 0.110814 -11.186554 12.066920 -11.748851 -2.625771 79.422994 -36.490176 32.123473 -62.783994 55.048707 -46.375227 2.431663 1.365249 -14.310781 -19.743849 7.948551 -2.775079 
3.209693 17.077721 100.652954 1.078850 10.279201 26.925763 -15.196363 -12.408609 1.978447 -2.438434 7.482131 22.416011 9.024735 -7.439663 25.846046 0.379801 -3.957802 -10.957901 16.224982 3.406261 -65.828604 -11.012611 -20.167407 60.523470 2.813107 -9.170485 4.663181 -2.919398 10.563502 -30.821503 5.895125 -11.063218 7.916014 3.449294 -3.246565 -7.157812 1.859649 5.275198 -21.566898 0.605299 0.073800 0.692900 -77.460679 3.192442 60.066388 140.094280 -42.589777 -104.628565 -0.294972 0.133209 -11.151751 10.742071 -12.672870 -2.498964 80.085379 -36.506450 31.339818 -63.698114 55.283746 -47.222487 2.454306 1.383635 -14.327313 -20.115654 7.804401 -2.764250 
3.208332 17.033901 101.290771 0.996069 9.418996 27.726838 -15.052042 -12.497597 1.072949 -2.512290 7.770601 24.155380 9.041329 -8.696657 31.772308 0.458700 -4.344803 -12.048802 16.378802 4.106038 -64.097032 -11.080216 -20.172204 60.998652 2.983666 -9.530601 1.575183 -3.258900 11.102800 -32.627399 6.042563 -10.401955 7.539231 3.282046 -3.035632 -7.375554 1.729469 5.322668 -21.932409 0.585200 0.048300 0.555000 -77.250995 4.747245 61.036989 139.628257 -43.117908 -104.131941 -0.190459 0.132493 -10.455883 9.357450 -13.204988 -2.240060 81.034022 -35.534308 30.485512 -63.301827 55.050362 -46.780117 2.483511 1.417340 -14.674359 -20.631112 7.444482 -2.683253 
3.207829 17.005596 101.934509 0.821005 8.476678 28.411928 -14.825803 -12.293735 -0.691587 -2.276455 8.454751 26.808137 8.563061 -9.456482 38.808914 0.238800 -3.144898 -8.682301 16.675946 4.745044 -62.090300 -11.024910 -20.088218 61.120605 3.192836 -10.070005 -1.325739 -3.618399 11.634500 -34.451102 6.194967 -9.557441 7.271156 3.070809 -2.766258 -7.565912 1.532643 5.306167 -22.292580 0.567500 0.000900 0.338900 -77.191689 6.517101 61.505384 137.373473 -44.978386 -102.339805 -0.105396 0.116129 -9.533641 8.474973 -13.413868 -2.035234 82.069774 -33.593148 29.669060 -61.805097 54.421032 -45.261258 2.519252 1.435341 -15.022710 -21.170004 7.043050 -2.590207 
3.208197 16.987385 102.579193 0.512765 7.544614 28.960022 -14.511462 -11.733527 -3.464457 -1.245351 9.815362 30.821543 7.720668 -9.484545 44.713910 0.001500 -0.251903 -0.692002 17.144742 5.333561 -59.848708 -10.863923 -19.916276 60.970339 3.268343 -10.394614 -3.771030 -3.905197 12.033100 -35.849200 6.409396 -8.551810 7.078669 2.846226 -2.453969 -7.687463 1.286075 5.206011 -22.587781 0.553200 -0.064300 0.089000 -77.305164 8.326899 61.459917 133.039280 -47.962824 -98.979286 -0.072527 0.089203 -8.976137 8.438220 -13.392724 -2.008339 83.006795 -30.799034 28.992091 -59.593988 53.514357 -43.051027 2.549727 1.409818 -15.117133 -21.492669 6.758735 -2.530890 
3.209844 16.974720 103.223343 0.066420 6.677957 29.347770 -14.127379 -11.032958 -7.310411 0.859573 11.825036 36.555498 6.706221 -8.658784 47.146878 0.143200 2.439201 6.720999 17.781097 5.856020 -57.326246 -10.595725 -19.635866 60.512204 3.294656 -10.641829 -5.750994 -4.144899 12.350798 -36.984498 6.731794 -7.425381 6.944025 2.587372 -2.115776 -7.705879 1.034887 5.020787 -22.825391 0.522700 -0.146300 -0.125000 -77.604586 9.931888 60.900249 126.096898 -51.672921 -93.585145 -0.105551 0.049448 -9.015876 9.107289 -13.311431 -2.153848 83.716123 -27.314699 28.601723 -57.242361 52.505758 -40.707149 2.564884 1.347663 -14.988823 -21.531499 6.594019 -2.498979 
3.212467 16.964050 103.870117 -0.521009 5.873536 29.569752 -13.574656 -10.441058 -12.141965 3.940109 14.148824 43.918425 5.466388 -6.543594 45.576565 0.257900 3.267400 9.024104 18.627551 6.258299 -54.478518 -10.202366 -19.235745 59.700440 3.290473 -10.834920 -7.414416 -4.340799 12.600697 -37.891397 7.183955 -6.181516 6.879805 2.279569 -1.751562 -7.639334 0.794856 4.737370 -23.063080 0.473099 -0.248900 -0.244700 -78.085544 11.143010 59.867082 115.737690 -55.447218 -85.507396 -0.211767 -0.024903 -9.551133 10.073919 -13.268671 -2.384253 84.107085 -23.364429 28.729567 -55.485328 51.640148 -38.925694 2.570506 1.286495 -15.029302 -21.485736 6.515290 -2.497438 
3.214403 16.955824 104.525284 -1.170663 5.060264 29.670459 -12.774511 -10.016116 -17.782612 7.625461 16.377438 52.311741 3.910085 -3.184032 41.211115 0.159701 2.574500 7.096297 19.606208 6.505276 -51.297758 -9.674009 -18.722540 58.490802 3.284613 -11.023846 -8.846221 -4.484800 12.779001 -38.546597 7.649856 -4.824006 6.862110 1.956395 -1.355997 -7.560956 0.539244 4.444739 -23.252051 0.386000 -0.349200 -0.285700 -78.637025 12.083178 58.706307 101.798573 -58.049429 -74.614479 -0.408228 -0.142609 -10.639940 11.200756 -13.531501 -2.724499 84.098960 -19.278817 29.618101 -55.153871 51.233379 -38.491989 2.569820 1.263116 -15.606176 -21.505360 6.532017 -2.538792 
3.213386 16.952545 105.195877 -1.685515 4.095072 29.748185 -11.838471 -9.710438 -24.049184 11.284451 18.181111 60.903662 2.259345 0.159328 35.662441 0.060700 1.589701 4.373104 20.419544 6.654063 -47.848769 -9.030077 -18.117888 56.880541 3.300865 -11.230223 -9.979841 -4.585401 12.901100 -38.999398 7.818100 -3.397019 6.796698 1.690826 -0.932842 -7.507626 0.271286 4.281607 -23.342542 0.251801 -0.410000 -0.266000 -78.925492 13.256215 57.849326 87.273337 -58.325690 -62.962878 -0.631206 -0.228322 -12.053491 12.412255 -14.412255 -3.256132 83.697646 -15.353687 31.334408 -57.008339 51.568697 -40.145576 2.542422 1.279941 -16.562141 -21.413342 6.688179 -2.609515 
3.207908 16.954853 105.891541 -1.959659 2.918703 29.857448 -10.909470 -9.339018 -30.768222 14.390212 19.456365 68.895454 1.013051 2.137973 30.380461 0.033200 1.176799 3.235398 20.864164 6.792191 -44.162092 -8.288884 -17.434948 54.880695 3.409976 -11.557791 -10.741702 -4.713001 13.053100 -39.567700 7.516114 -1.974433 6.584297 1.487212 -0.499045 -7.410323 0.051742 4.336769 -23.395545 0.090700 -0.405400 -0.182500 -78.463584 15.328254 57.007497 77.208314 -57.440180 -54.548494 -0.770745 -0.222349 -12.834159 13.506462 -15.554965 -3.866362 83.093888 -11.715932 33.504542 -61.707761 52.791023 -44.571470 2.476070 1.292856 -17.254119 -20.928527 7.168318 -2.750957 
3.198468 16.967352 106.621994 -2.066349 1.627190 29.858919 -10.068438 -8.757815 -37.569970 16.722454 20.275525 75.604185 0.455397 2.332756 25.887581 0.022396 0.966500 2.656600 21.029864 6.874215 -40.001757 -7.404804 -16.632792 52.348301 3.708267 -12.146130 -11.029675 -4.930401 13.304997 -40.521202 6.873116 -0.634425 6.349019 1.229453 -0.081416 -7.228761 -0.003461 4.550849 -23.511544 -0.054601 -0.351000 -0.040500 -76.789690 18.698742 56.238611 73.939044 -57.232125 -51.984251 -0.807178 -0.220725 -12.104944 14.076273 -16.381909 -4.243616 82.567664 -8.439029 35.405560 -69.821576 54.857439 -52.302380 2.403020 1.249021 -17.297700 -20.038624 8.146299 -3.035751 
3.183545 16.998291 107.387604 -2.218456 0.206799 29.569500 -9.370556 -7.745737 -44.023736 18.286664 20.775016 80.570767 0.517590 1.113351 22.193430 0.008399 0.591200 1.624500 21.121095 6.893296 -35.046465 -6.308400 -15.638536 49.042630 4.298257 -13.112370 -10.562592 -5.244101 13.653500 -41.866700 6.143031 0.800868 6.302127 0.795297 0.358726 -7.000188 0.164217 4.641276 -23.715897 -0.124200 -0.316100 0.145000 -73.698886 23.166637 56.180839 77.272150 -58.224501 -55.272566 -0.750639 -0.308702 -11.013517 13.870567 -16.640884 -4.192098 82.295379 -5.695561 36.229642 -81.910847 57.428325 -63.283618 2.338942 1.086286 -17.054095 -18.973617 9.249289 -3.354072 
3.173981 17.046072 108.172867 -2.315154 -0.463257 28.492225 -8.568394 -6.960946 -49.269779 19.295402 21.123424 83.929946 0.894707 -0.648278 19.289111 0.000502 -0.145499 -0.399899 21.511060 6.088120 -29.021632 -5.043753 -14.472725 45.161438 5.042157 -14.286168 -9.863417 -5.515501 13.941802 -43.004799 5.766518 1.555431 6.983244 0.225964 0.605602 -6.765089 0.482221 4.781346 -24.013822 -0.136900 -0.271300 0.323300 -69.522489 28.222115 56.416808 84.698168 -59.783436 -61.998380 -0.590775 -0.361404 -8.577014 13.465975 -17.199027 -4.121141 82.117237 -3.058725 36.726878 -96.989142 58.776266 -75.324563 2.198121 0.671927 -16.431861 -17.494348 9.927503 -3.469623 
3.171638 17.102661 108.982056 -3.087592 -3.850392 28.638665 -8.874165 -3.950487 -56.118928 19.609046 21.252155 85.303509 1.754224 -3.618563 16.651648 0.027800 -1.076000 -2.958001 20.860820 7.757258 -23.661025 -3.825607 -13.212845 40.797910 6.115519 -15.790311 -7.146110 -5.987103 14.415899 -44.930001 4.551133 5.318034 6.453501 -0.577880 1.707071 -6.799822 0.877049 3.701450 -23.921140 -0.049500 -0.496800 0.519700 -63.234554 32.732830 59.757043 97.262414 -60.924107 -71.918625 -0.308155 -0.597571 -14.931525 11.936109 -15.616497 -3.195787 82.128618 -2.197372 37.385908 -114.728847 56.421837 -88.160992 2.077879 0.221697 -17.417054 -16.728281 9.566779 -3.378520 
3.172108 17.130955 109.803238 -3.087995 -3.959788 28.644581 -8.874165 -3.950486 -56.118927 19.609047 21.252155 85.303511 1.754225 -3.618564 16.651646 0.027800 -1.076000 -2.958000 20.860820 7.757257 -23.661025 -3.825608 -13.212843 40.797911 6.115521 -15.790309 -7.146112 -5.987103 14.415899 -44.930001 4.551134 5.318034 6.453501 -0.577880 1.707071 -6.799822 0.877049 3.701450 -23.921140 -0.049499 -0.496800 0.519701 -63.234552 32.732830 59.757041 97.262413 -60.924107 -71.918625 -0.308154 -0.597571 -14.931523 11.936108 -15.616498 -3.195785 82.128617 -2.197372 37.385905 -114.728850 56.421836 -88.160993 2.077878 0.221697 -17.417054 -16.728280 9.566778 -3.378519 
