HIERARCHY
ROOT Hips
{
	OFFSET 0.000000 0.000000 0.000000
	CHANNELS 6 Xposition Yposition Zposition Zrotation Yrotation Xrotation 
	JOINT LeftUpLeg
	{
		OFFSET 1.363060 -1.794630 0.839290
		CHANNELS 3 Zrotation Yrotation Xrotation
		JOINT LeftLeg
		{
			OFFSET 2.448110 -6.726130 0.000000
			CHANNELS 3 Zrotation Yrotation Xrotation
			JOINT LeftFoot
			{
				OFFSET 2.562200 -7.039590 0.000000
				CHANNELS 3 Zrotation Yrotation Xrotation
				JOINT LeftToeBase
				{
					OFFSET 0.157640 -0.433110 2.322550
					CHANNELS 3 Zrotation Yrotation Xrotation
				}
			}
		}
	}
	JOINT RightUpLeg
	{
		OFFSET -1.305520 -1.794630 0.839290
		CHANNELS 3 Zrotation Yrotation Xrotation
		JOINT RightLeg
		{
			OFFSET -2.542530 -6.985550 0.000000
			CHANNELS 3 Zrotation Yrotation Xrotation
			JOINT RightFoot
			{
				OFFSET -2.568260 -7.056230 0.000000
				CHANNELS 3 Zrotation Yrotation Xrotation
				JOINT RightToeBase
				{
					OFFSET -0.164730 -0.452590 2.363150
					CHANNELS 3 Zrotation Yrotation Xrotation
				}
			}
		}
	}
	JOINT Spine
	{
		OFFSET 0.028270 2.035590 -0.193380
		CHANNELS 3 Zrotation Yrotation Xrotation
		JOINT Spine1
		{
			OFFSET 0.056720 2.048850 -0.042750
			CHANNELS 3 Zrotation Yrotation Xrotation
			JOINT Neck1
			{
				OFFSET -0.054170 1.746240 0.172020
				CHANNELS 3 Zrotation Yrotation Xrotation
				JOINT Head
				{
					OFFSET 0.104070 1.761360 -0.123970
					CHANNELS 3 Zrotation Yrotation Xrotation
				}
			}
			JOINT LeftArm
			{
				OFFSET 3.362410 1.200890 -0.311210
				CHANNELS 3 Zrotation Yrotation Xrotation
				JOINT LeftForeArm
				{
					OFFSET 4.983000 -0.000000 -0.000000
					CHANNELS 3 Zrotation Yrotation Xrotation
					JOINT LeftHand
					{
						OFFSET 3.483560 -0.000000 -0.000000
						CHANNELS 3 Zrotation Yrotation Xrotation
						JOINT LeftHandIndex1
						{
							OFFSET 0.715260 -0.000000 -0.000000
							CHANNELS 3 Zrotation Yrotation Xrotation
						}
					}
				}
			}
			JOINT RightArm
			{
				OFFSET -3.136600 1.374050 -0.404650
				CHANNELS 3 Zrotation Yrotation Xrotation
				JOINT RightForeArm
				{
					OFFSET -5.241900 -0.000000 -0.000000
					CHANNELS 3 Zrotation Yrotation Xrotation
					JOINT RightHand
					{
						OFFSET -3.444170 -0.000000 -0.000000
						CHANNELS 3 Zrotation Yrotation Xrotation
						JOINT RightHandIndex1
						{
							OFFSET -0.622530 -0.000000 -0.000000
							CHANNELS 3 Zrotation Yrotation Xrotation
						}
					}
				}
			}
		}
	}
}
MOTION
Frames: 180
Frame Time: 0.016667
-0.133579 16.377021 0.203915 4.488387 6.857889 15.659664 -25.134540 8.930296 -1.830141 -2.502268 7.045316 27.119151 0.923222 9.279881 -13.082461 -0.843622 -10.449060 -25.339854 14.622718 6.391916 -46.686618 -3.931956 -15.338577 34.471728 0.156485 -3.995283 -9.691140 1.230003 -3.851827 10.996400 1.661453 -10.685183 17.867640 4.164272 -3.585930 2.656935 -0.188998 6.692716 -7.766885 1.093166 3.312242 4.769348 -69.049737 -48.142550 83.417287 65.597447 -63.837864 -43.272285 2.867488 -5.117291 -28.314248 16.730664 15.826356 0.850036 53.247021 -9.142395 49.633313 -11.529975 28.024669 -7.972379 1.758275 1.240366 -9.879889 -6.573052 2.211381 -2.511278 
-0.126024 16.240447 0.680293 4.093800 6.385278 15.702070 -25.079316 8.803764 -1.810966 -3.327638 8.503116 26.870322 1.944706 9.345860 -11.997821 -0.574409 -10.914480 -25.234469 14.828977 7.246423 -46.514339 -4.873491 -16.215943 37.911036 -0.029186 -2.951166 -13.836737 1.004054 -3.882143 11.066878 1.928349 -10.173314 17.938047 3.737854 -3.137956 2.329052 0.024527 6.565053 -7.808263 0.803318 3.321256 4.651417 -70.294032 -47.525738 84.665612 65.813200 -63.717783 -43.687287 2.547112 -4.655285 -27.776583 17.259269 15.706662 1.026040 53.742772 -9.273702 50.019864 -11.867515 27.397686 -8.582797 2.271173 0.901337 -9.580701 -6.449109 1.651813 -3.173090 
-0.094182 16.171045 1.266244 3.882372 6.049686 15.808392 -24.818513 8.059634 -2.842008 -3.308914 11.722417 28.557604 3.130346 9.173916 -10.515828 -1.983208 -12.005280 -23.587606 15.255016 7.505375 -45.569113 -5.907880 -16.659785 40.533329 -0.189587 -1.816469 -17.514915 0.489941 -4.407971 11.012983 2.572257 -9.753353 17.797742 3.499466 -3.025364 2.174125 0.140875 6.720921 -7.526155 0.525339 3.225927 4.527242 -69.884600 -46.250630 82.444262 66.083189 -63.487036 -45.181905 1.488155 -4.506508 -27.603580 17.970576 15.343008 0.217680 54.775233 -8.845181 50.653105 -12.588293 26.713531 -9.231813 2.619621 0.738699 -10.320780 -7.152139 1.696080 -2.981972 
-0.066316 16.144504 1.905944 3.639675 6.019418 15.962967 -25.557833 6.416699 -5.937104 -0.739323 16.364139 33.009386 2.567296 7.028340 -8.360358 -3.687187 -10.450673 -22.719976 15.658503 7.078956 -44.194880 -6.174308 -17.187224 42.418705 -0.682829 -0.872052 -20.479520 0.501138 -4.361373 10.844742 3.150605 -9.699549 17.672799 3.009648 -2.579550 2.385704 0.580275 6.689122 -8.081958 0.268892 3.382696 4.536050 -68.871817 -43.533681 78.842515 67.366891 -62.085020 -46.521143 0.199224 -4.083517 -28.778134 18.488110 15.340199 1.235932 57.219943 -7.559244 50.268379 -13.406645 25.905123 -9.872967 2.533608 0.640550 -10.722813 -7.652721 1.662717 -2.986096 
-0.032968 16.108769 2.576882 3.109307 5.469071 16.332078 -24.500769 5.454368 -10.296759 2.618378 18.997934 40.022429 0.503541 6.322654 -5.336611 -2.586001 -9.326307 -22.507803 16.777016 6.459695 -42.385564 -6.010680 -16.845319 43.218511 -1.127730 0.384936 -23.875742 0.193464 -4.431636 10.421982 4.368660 -9.045513 17.364807 2.755382 -2.329618 2.563621 0.712090 6.978960 -8.131026 -0.213364 3.289005 4.194079 -66.793732 -39.132269 72.250609 65.336312 -60.490922 -44.460790 -1.138316 -5.444081 -29.662147 17.773804 16.388476 0.729404 59.621362 -6.202867 49.911034 -14.673196 25.738931 -10.290718 2.823117 -0.543932 -12.195273 -8.964885 2.599386 -2.548154 
-0.023152 16.104977 3.256873 2.713785 5.125140 16.208313 -22.596213 3.282384 -16.038182 6.443672 21.758679 49.948377 -0.278005 6.773702 -1.977278 -1.567951 -7.662520 -23.419408 17.883105 5.326253 -39.822815 -5.691504 -16.447423 43.497619 -1.653479 1.322459 -26.330024 0.345257 -4.345825 9.628818 5.014658 -8.603369 17.675057 2.486266 -1.618695 2.813383 1.183802 6.651799 -8.521237 -0.379281 3.510487 4.120788 -67.170494 -34.823977 69.023475 59.804109 -56.132442 -40.775081 -1.153413 -4.869448 -30.237789 16.972016 16.215488 2.102420 62.997206 -4.520582 48.724079 -15.623439 25.716332 -10.246846 2.601794 -1.586793 -12.913339 -9.845092 3.521875 -2.464869 
-0.010052 16.085018 3.961141 1.970343 4.684143 16.477081 -20.816771 2.067776 -22.034003 9.939238 22.743941 59.814644 -1.061766 8.679696 -0.523499 0.260530 -8.719328 -22.290688 19.237227 4.486606 -37.312805 -5.169642 -15.841897 43.319681 -2.375467 1.968862 -28.754805 0.192216 -4.088350 8.812084 6.082593 -7.909427 17.672681 2.147779 -1.368644 2.717201 1.379431 6.944865 -8.592229 -0.562551 3.498125 3.885498 -68.295205 -28.655743 62.875551 46.966688 -52.640490 -32.268908 2.210322 -6.183174 -28.905378 16.956443 17.417148 3.056230 66.198820 -2.303822 47.617450 -16.168000 26.298673 -10.254251 2.557515 -2.834573 -13.913613 -11.428591 3.988924 -2.693612 
-0.017716 16.062190 4.729942 1.384131 4.583387 15.525235 -19.775699 0.647250 -26.919683 13.134647 21.522534 68.088757 -2.995458 9.686036 -1.209388 3.694267 -9.815857 -20.774469 20.504898 2.746159 -33.637226 -4.875696 -15.506891 43.569202 -3.200476 2.428229 -30.160230 0.268142 -3.920130 7.875711 6.876324 -7.421347 18.531090 1.750809 -0.560975 2.620673 1.608182 6.333484 -8.444356 -0.587183 3.772149 3.610237 -71.354538 -23.347908 58.905956 36.061595 -46.756579 -26.235464 3.567826 -6.849419 -27.628410 17.263226 18.679007 5.217674 69.492606 -0.386062 45.775016 -16.955639 27.400083 -9.847066 1.998785 -4.002178 -15.206218 -12.613199 5.002799 -2.892559 
-0.028713 16.048804 5.508076 1.001293 4.482142 15.514411 -18.268307 -1.327204 -32.632878 15.883747 21.145395 73.587928 -3.010943 7.987363 -0.972361 4.065435 -9.457991 -19.899366 21.471926 1.531089 -30.447595 -4.599841 -14.989203 42.953563 -4.177721 2.384068 -31.238724 0.446382 -3.645580 6.836206 7.757460 -6.937426 18.938699 1.581212 0.108467 2.248086 1.445382 5.926769 -8.389914 -0.917219 3.911480 3.424041 -75.043253 -17.988854 54.661365 27.537622 -41.421259 -19.703008 2.007904 -7.693374 -25.484449 18.308994 19.991337 6.929575 71.703260 2.794198 43.428775 -16.806069 27.877594 -9.327617 1.563058 -3.854806 -15.979147 -14.169357 4.586344 -3.309674 
-0.040244 16.021189 6.325689 0.686999 4.430174 14.534552 -16.830237 -2.651105 -36.276979 17.635203 20.131984 77.440576 -2.572511 6.931092 -0.835372 3.444695 -8.126919 -21.001153 22.292813 -0.173889 -26.422585 -4.490848 -14.513371 42.775705 -4.497574 2.081565 -31.241395 0.270244 -3.140981 5.611173 8.682840 -5.989099 19.460722 1.580947 0.691006 2.566120 0.958424 5.296667 -8.519896 -1.048204 3.843979 3.218790 -78.452422 -13.317232 53.368589 20.775838 -35.263052 -15.229676 0.024485 -8.490502 -23.375740 18.401580 20.329102 8.383546 73.140683 6.802153 40.760510 -16.628856 28.234923 -8.614159 1.119538 -3.224787 -16.739736 -15.046303 4.876800 -3.742044 
-0.043209 16.011545 7.153120 0.738825 4.201218 14.336137 -15.784772 -4.562297 -39.803375 18.630908 20.280670 79.067009 -2.398590 5.444343 -0.819593 3.923268 -7.706173 -21.367278 22.705540 -1.599507 -22.709195 -4.426108 -13.736901 41.592140 -4.835221 1.508368 -30.756579 0.389732 -2.678295 4.167237 9.165294 -4.735421 19.480411 2.213776 1.146404 2.800792 -0.246505 4.645734 -9.147879 -1.003939 3.579405 3.317607 -81.072880 -8.580060 52.633065 15.699202 -30.823472 -11.042763 -0.853963 -8.150264 -21.264015 17.254258 21.423727 7.345948 73.557757 12.048467 39.117348 -16.355088 28.288980 -7.728527 1.061933 -1.894087 -17.571493 -16.371526 4.718012 -3.881695 
-0.029378 16.019515 7.980491 0.864444 3.594756 13.855510 -14.756686 -5.539391 -42.757099 18.822551 19.894758 79.974683 -2.072435 4.618798 -0.915464 3.423323 -7.440097 -21.476547 22.790421 -2.717144 -18.605859 -4.470263 -12.986076 40.210173 -4.084002 0.763655 -28.956551 -0.118288 -2.033215 2.638558 9.625962 -3.029112 19.109225 2.518776 1.373542 3.777710 -1.330572 4.505683 -10.095571 -1.001856 2.815679 3.694924 -80.944177 -3.578496 52.704083 13.062529 -28.023166 -7.341629 -1.319187 -6.874266 -20.428456 15.795779 20.989493 6.276849 73.816677 17.679654 38.240422 -16.834986 28.882418 -6.824295 1.165733 -0.736135 -19.262623 -16.668137 5.892589 -3.771655 
-0.012819 16.061676 8.850283 1.145346 2.563299 13.461864 -14.193766 -6.499734 -45.335381 18.504159 20.055129 78.874930 -1.636589 3.333412 -0.914499 3.244431 -7.221058 -21.626997 22.620514 -3.977842 -14.001930 -4.614243 -11.953132 37.611718 -3.601558 -0.071657 -25.755794 0.272266 -1.466649 1.515890 9.628603 -0.835429 18.759061 2.869376 1.771206 4.446524 -2.225353 3.769867 -10.915047 -0.770399 2.087022 4.094710 -79.108484 0.123571 54.185091 10.271755 -25.719382 -4.105770 -2.825022 -6.050014 -18.869592 14.933437 20.076000 5.283069 73.494880 22.734027 38.387666 -18.082179 30.211807 -6.361916 0.555458 0.962665 -20.235697 -17.513980 7.075363 -3.735096 
0.012617 16.114230 9.733000 1.759623 0.911314 13.436479 -13.939346 -6.706805 -47.863908 17.421140 20.200408 76.726577 -0.808980 2.224239 -0.767933 2.519335 -7.680091 -21.446236 21.846164 -4.606492 -9.541351 -4.915150 -10.918388 34.644082 -2.253939 -1.055731 -21.612479 -0.147376 -0.821342 0.645783 8.981769 1.652441 18.138471 3.082836 2.380426 5.279607 -2.883660 3.307176 -11.655866 -0.933205 1.401701 4.324034 -75.152105 2.582744 55.012451 7.064494 -24.527160 0.053348 -4.696921 -5.177609 -19.102447 14.271790 18.404387 5.118488 72.912519 26.941532 39.120960 -20.931642 32.997530 -6.461964 -0.283797 2.457940 -20.909249 -17.582759 7.012773 -4.673235 
0.034040 16.188332 10.696011 2.142621 -0.816315 13.556812 -13.313083 -6.849746 -49.941304 15.510468 21.371696 72.741663 0.974835 1.104421 -0.215929 1.652529 -7.754859 -21.976751 20.963314 -5.307026 -4.901574 -5.028045 -10.112391 30.945515 -1.750300 -2.488745 -15.018292 0.217578 -0.147170 0.056203 8.220176 4.445478 16.860224 2.878197 3.386489 6.111864 -2.667904 2.214541 -12.066414 -1.213143 0.579653 4.457179 -69.036538 4.246012 56.392013 3.041089 -24.946629 3.936287 -5.735920 -5.098275 -19.016674 13.258920 17.399229 6.040659 72.318213 30.574395 41.231098 -25.306145 35.856932 -7.953286 -1.488264 3.152880 -21.138095 -17.807935 5.711043 -5.406223 
0.052283 16.248784 11.713997 2.697326 -2.655268 14.405323 -13.146802 -6.671246 -52.024511 13.626146 21.672652 68.228772 1.770408 -0.125082 0.414804 1.157077 -8.250411 -22.460256 19.592046 -5.755777 -1.572708 -5.053644 -10.200385 27.793097 -1.041314 -4.955296 -6.966645 -0.034426 0.370091 -0.366637 6.752338 7.046864 15.390528 2.871647 4.338481 6.248312 -2.494984 1.622874 -12.087210 -1.300607 -0.145645 4.345083 -62.964444 6.707744 56.887139 -0.038477 -26.367281 7.963401 -6.595017 -5.471120 -18.391465 12.430724 16.795541 6.109224 70.906415 34.337898 43.784132 -30.565675 38.990514 -10.541457 -1.424762 3.176813 -21.632707 -18.171552 4.237035 -5.497804 
0.062456 16.317361 12.780865 2.713569 -4.564045 14.777927 -12.089403 -6.270540 -54.046602 10.991671 22.570935 62.697845 2.372243 -1.060449 0.870817 0.924108 -8.305100 -22.976681 18.340027 -5.974993 2.009451 -4.733904 -10.426163 24.841554 -0.703868 -8.141445 3.813339 -0.094888 0.395660 -0.386142 5.260827 9.837165 13.493414 2.927620 5.680472 6.449043 -1.979343 0.451127 -11.790236 -1.332830 -0.795653 4.392481 -56.537311 10.671221 58.597372 -2.291502 -29.769707 11.496548 -7.320233 -5.418214 -18.028105 11.555931 16.392118 6.262654 70.199344 37.300629 48.661667 -36.866296 41.330831 -13.377663 -3.407918 2.280512 -21.605380 -17.748861 3.036228 -5.065342 
0.072184 16.402803 13.887035 3.072656 -5.789664 15.334980 -11.902639 -6.275976 -55.808854 8.784258 22.884327 56.876134 1.926880 -1.162273 1.648448 0.683336 -8.229559 -22.898414 16.896572 -5.178125 5.012209 -4.022112 -10.636233 22.594392 -1.093647 -9.685856 12.754280 -0.192110 0.034205 0.718978 3.611887 11.393196 11.739293 2.850876 6.640827 6.170173 -1.560400 -0.338846 -11.325800 -1.366068 -1.075473 4.117308 -52.260162 16.175887 58.867852 -3.122041 -33.443339 15.174073 -8.023172 -4.950953 -17.576442 10.627726 16.399084 5.268091 69.553903 37.645859 54.147244 -44.558278 44.277166 -17.525497 -5.750073 0.708270 -21.916025 -14.065241 3.132473 -4.361285 
0.092016 16.491247 15.019573 2.729403 -6.086524 15.590738 -11.700983 -5.864240 -58.241167 5.634427 22.021667 48.596841 0.480409 0.234895 3.415938 0.363261 -7.829723 -23.631621 16.225012 -4.613947 7.913919 -2.768254 -9.731523 21.139892 -0.824729 -11.641497 21.007504 -0.649310 -0.937654 1.996999 3.113250 12.216270 9.959884 2.593143 7.871199 6.482139 -0.691965 -1.717692 -11.468027 -1.768338 -1.451961 4.522338 -49.829926 20.071920 57.363489 -6.594221 -37.309248 21.185335 -9.034573 -3.253322 -17.489292 9.183272 16.334179 5.881794 67.644417 38.118801 56.881117 -52.184116 47.234209 -23.848899 -6.035630 -1.149803 -19.892457 -12.148462 3.805975 -3.965690 
0.121407 16.575386 16.209106 2.202521 -6.017821 15.368116 -13.000237 -4.549731 -59.105965 2.875883 20.309407 38.490733 0.622773 3.240379 7.232607 -0.222094 -9.197824 -22.091210 16.197294 -4.176340 10.184933 -2.432919 -8.886571 21.170910 -1.081938 -12.316425 27.764987 -1.078818 -1.582415 4.168200 3.420666 12.469327 9.493754 1.383310 9.171658 5.625602 0.571070 -3.307132 -10.656562 -2.056024 -1.597483 4.267701 -48.733562 27.841487 53.148120 -1.158249 -40.869576 19.807908 -9.643657 -2.277200 -17.142622 13.620498 10.637279 6.489560 69.146950 38.701026 62.792770 -54.792815 46.805840 -25.420070 -7.710408 -0.940622 -16.950841 -9.416382 3.933131 -2.103016 
0.167046 16.646362 17.444141 0.874012 -5.970536 14.747827 -14.333554 -3.375174 -58.312867 0.062794 17.150345 29.121220 0.119578 8.398248 12.640488 -0.782888 -9.934290 -20.235413 16.775753 -3.243838 12.150590 -1.875099 -7.773904 22.439269 -0.394506 -12.859914 31.953694 -1.258548 -2.345392 5.643099 4.235752 12.695704 10.464585 -1.524253 10.003030 5.401789 3.553288 -4.253907 -11.671963 -2.031120 -1.603114 4.275588 -45.009236 29.378370 49.450640 0.591058 -38.308850 14.910818 -5.849984 -5.587701 -17.494003 10.913520 16.599328 9.398920 69.802514 38.525303 66.092808 -60.705932 48.213446 -29.468341 -6.579142 -1.694905 -14.580316 -10.505553 5.112474 -2.151757 
0.220554 16.705401 18.690062 -0.969256 -6.057771 13.167706 -14.575716 -1.671262 -56.761870 -2.421309 14.430245 22.248606 -2.106169 12.779903 18.913185 0.051792 -9.216236 -18.219541 18.235718 -3.333033 13.436482 -2.740378 -7.346538 25.103102 0.303639 -12.463175 33.319137 -1.349600 -2.545336 6.890562 6.290778 13.049381 13.247151 -2.480361 10.022413 5.647090 4.095138 -4.553110 -12.307172 -1.835348 -2.018970 3.241008 -47.161731 31.259055 39.709008 -3.123682 -29.815419 18.124889 0.146128 -8.856472 -18.453816 11.151940 22.278888 9.013925 68.634257 39.999745 68.718047 -63.764262 49.329078 -32.347982 -5.371775 -1.570188 -11.918774 -10.027297 4.652632 -1.626422 
0.274371 16.767570 19.907024 -2.691773 -5.344594 11.431237 -15.161526 -0.385132 -54.025015 -3.489987 12.343918 18.836752 -4.034485 16.395376 22.885451 0.021445 -8.114229 -16.173016 20.380197 -3.593517 13.460870 -4.026518 -8.282202 29.039179 1.934384 -13.159172 30.686846 -2.159287 -3.283259 7.748836 8.736113 12.452937 16.099551 -2.880609 10.760099 4.423650 3.895647 -5.882387 -12.188497 -1.942157 -2.489865 2.899464 -53.047351 31.845322 32.938312 2.125103 -30.918625 6.062234 -0.530987 -6.341263 -12.055774 16.975954 24.359029 12.046434 67.522009 38.976886 70.841221 -66.780761 51.606037 -34.167221 -4.418134 -2.281785 -11.590037 -9.213358 5.258469 -1.163525 
0.348777 16.793558 21.116932 -4.063768 -3.960005 9.727470 -15.668806 0.239026 -51.648452 -3.557319 11.576346 18.119291 -5.362739 18.694143 25.214096 -0.188690 -7.119859 -15.403436 22.524860 -5.217912 11.834460 -5.944715 -9.532767 33.711704 3.508888 -14.038332 24.658591 -2.311295 -3.428530 8.121107 10.879666 11.470869 17.785148 -4.609349 9.604240 4.377376 5.045502 -5.592938 -12.323904 -1.861755 -2.751317 2.175015 -59.567618 29.126322 23.579050 4.349418 -29.127583 2.593592 -2.017431 -7.264180 -12.985631 23.270931 24.062226 10.638660 69.021184 38.632358 73.058441 -67.800123 52.230921 -35.258876 -3.451931 -1.358237 -11.425355 -9.113127 5.028775 -1.449553 
0.383824 16.802976 22.299641 -4.928377 -2.577371 9.164885 -16.169302 0.520603 -49.356500 -3.606554 10.739638 18.630409 -5.605609 18.406086 25.454313 -1.822174 -5.830228 -15.011945 24.558441 -6.294127 8.944800 -7.312377 -11.393341 37.819071 4.827814 -14.429728 15.314329 -3.182761 -4.045804 7.954452 11.770559 10.628388 18.285446 -5.633962 9.732106 2.230050 5.727544 -6.248407 -11.350110 -1.898268 -3.333949 2.065895 -60.733116 27.091817 20.341891 5.502854 -27.786053 -2.169846 1.076442 -5.569070 -14.557748 15.105789 22.603596 10.019121 70.429524 35.488227 73.123560 -67.270622 53.676661 -35.558421 -3.959604 -1.028353 -12.457809 -9.087368 6.037359 -1.805769 
0.409099 16.805619 23.446651 -5.197422 -0.610742 8.743013 -16.980360 0.538166 -47.293043 -3.587062 10.384357 20.336299 -5.200922 15.939540 24.585155 -1.945621 -5.361774 -14.517140 26.084126 -7.122096 5.309314 -8.323523 -12.945416 42.194765 4.699002 -13.904080 6.964097 -3.042500 -4.350559 7.349856 11.790951 9.569682 16.661302 -5.970320 8.684166 2.172432 6.056758 -6.090172 -11.374915 -1.633848 -3.635438 2.230893 -64.262025 24.287176 19.643723 8.311367 -28.315898 -3.719178 1.435747 -2.010666 -17.042209 14.561203 20.257321 3.886169 73.176341 32.469359 73.270258 -64.065317 54.454696 -34.620190 -4.195570 -0.963099 -13.783828 -10.116587 6.549431 -3.447333 
0.416672 16.821095 24.560936 -5.267129 1.118317 8.379802 -17.683544 0.890118 -45.667635 -3.231117 10.360926 23.534755 -3.775871 11.969520 22.379670 -2.428604 -5.141702 -13.498814 26.885944 -7.493321 1.367123 -9.360908 -14.000836 47.556645 4.649150 -14.988865 3.382452 -2.444013 -3.505867 6.708806 11.144687 8.258583 15.963690 -5.619581 7.504214 1.277953 5.966151 -5.752292 -11.161563 -1.412220 -3.550890 2.334482 -67.312903 20.921287 22.624209 14.124588 -31.430705 -4.982294 0.326375 -0.923624 -22.026168 15.509391 17.171570 7.006309 75.455022 29.013744 72.732217 -57.799539 55.350667 -31.916188 -4.886031 -1.309700 -15.285359 -10.354311 7.458732 -4.891791 
0.395843 16.853967 25.634003 -5.362361 3.274798 7.929456 -18.029875 0.946926 -43.350975 -2.662518 10.148625 26.476988 -2.279404 7.882137 19.480392 -2.799113 -5.174308 -12.696472 27.111145 -7.059815 -4.023918 -10.450967 -15.472527 54.746510 5.204993 -16.165281 3.471015 -2.037216 -3.308532 6.415225 9.967089 6.534178 14.655576 -4.560618 6.843280 1.659646 5.521687 -5.815612 -11.422716 -0.836796 -3.416998 2.316085 -69.018872 15.974649 29.025394 21.676859 -33.972172 -8.631626 -0.570067 -2.417795 -25.391980 15.244476 17.153288 7.397968 77.077477 24.581241 71.281628 -52.981944 54.230060 -29.857511 -3.953886 -0.261044 -17.539712 -11.589329 7.409121 -4.817144 
0.396554 16.913411 26.676388 -5.040197 5.574760 6.982692 -18.684445 1.183949 -41.004748 -1.374348 10.306006 31.169217 -0.603613 4.068225 15.378934 -2.741776 -4.882624 -12.299181 26.534139 -6.685065 -9.557511 -11.641270 -17.455081 62.311122 4.042024 -16.855346 4.900454 -1.216884 -2.072557 5.635518 8.558863 4.383584 14.731582 -3.531986 5.679217 0.827830 5.162968 -5.604967 -11.093698 -0.382528 -2.947900 2.167378 -69.635494 12.001627 35.938696 28.076782 -38.604385 -13.850858 -1.339642 -5.233720 -27.426501 18.855647 19.282030 7.729124 78.442231 19.118259 70.485825 -48.488929 53.147973 -27.528195 -2.623677 0.827143 -19.658529 -13.716588 6.663884 -3.215023 
0.408212 16.950050 27.685183 -4.760818 7.274722 6.389648 -19.164507 1.555245 -38.529528 -0.064103 10.192850 34.801944 0.473899 1.341775 11.404891 -2.415049 -5.445784 -12.109838 25.200608 -5.512866 -15.456222 -13.147635 -19.236789 69.827822 2.947704 -15.902836 5.536585 -0.616216 -0.956727 4.443089 6.660242 2.608482 14.478128 -3.671730 4.649456 0.454395 6.339172 -5.165821 -11.033273 0.073609 -2.574562 2.195264 -68.867417 5.021335 43.245385 33.252639 -43.452058 -18.230660 -1.053632 -6.057745 -27.226528 20.138187 23.876664 6.744774 80.741577 14.634688 68.333992 -43.313174 51.856050 -23.929763 -1.394013 2.042410 -20.022024 -15.207454 6.952204 -2.577216 
0.410119 17.002386 28.660389 -4.491545 8.676438 5.584624 -19.443964 1.891812 -35.192764 1.274297 9.869531 37.169819 1.348828 -0.450610 8.254128 -1.380936 -6.371861 -12.702457 23.375392 -4.572413 -22.002838 -15.990589 -20.005777 75.556578 2.010317 -12.887237 5.896962 0.497627 -1.878551 3.150740 4.717976 0.907827 14.787028 -3.509648 3.661099 -0.333044 7.006904 -4.752623 -10.681067 1.111931 -1.912602 2.554573 -68.484712 -3.794516 48.081516 39.148668 -46.534118 -24.869248 -2.389277 -6.573860 -26.769159 22.915244 24.049713 6.145157 82.169601 10.979585 65.509914 -38.491881 50.227314 -20.799754 -0.259367 1.433052 -19.543197 -15.716780 7.740495 -3.555286 
0.420402 17.044370 29.606663 -4.129220 9.568905 4.920500 -19.901951 2.974041 -31.642077 2.118537 8.865254 38.489399 1.575878 -1.331672 5.438402 -1.157438 -7.643913 -13.232397 20.578831 -3.886402 -27.568469 -18.451667 -19.716556 80.261848 2.493568 -10.918111 5.634894 0.717029 -1.568256 0.992853 2.532738 -0.363781 14.392559 -2.918673 2.935558 -0.299549 7.095047 -4.346280 -9.969878 1.977157 -1.554418 2.585552 -68.321070 -12.629088 52.934311 45.573861 -49.006758 -31.378842 -1.397796 -5.148502 -23.594212 27.626603 21.592824 7.753965 82.255326 9.024602 62.116628 -33.013500 48.215058 -17.290803 0.268163 0.118077 -17.211528 -15.953188 7.808739 -6.167556 
0.394996 17.117504 30.531342 -3.949008 10.369244 4.284903 -19.955263 4.141134 -27.480277 2.645716 7.385317 38.381588 1.536958 -1.417495 3.418375 -0.305964 -8.614852 -14.440138 18.493475 -3.019706 -33.837128 -23.005158 -19.216747 85.361858 5.323504 -7.520416 4.187462 -1.311638 -2.089579 -2.310011 1.238454 -1.718331 14.824896 -2.592488 1.901158 -0.716197 7.169142 -3.467257 -9.618074 2.834880 -1.460242 3.135876 -68.253083 -20.231566 56.406680 50.395314 -50.249836 -33.583032 1.609343 -3.730117 -21.321004 28.913160 18.188637 10.396480 80.317131 10.379650 58.578268 -26.205324 45.324043 -13.499380 0.226492 -2.067060 -15.468902 -14.923076 8.017073 -6.854135 
0.372560 17.272577 31.459835 -4.270082 11.159003 4.264238 -19.713173 5.115270 -23.124066 3.298406 5.148544 36.421734 0.417383 -0.140047 2.918688 0.001855 -9.445725 -15.676876 17.046424 -2.155722 -39.114830 -23.805576 -18.716612 86.951210 6.497967 -5.821304 2.314269 -2.120097 -3.193220 -4.073635 0.728623 -3.341471 14.685836 -2.030221 1.791605 -0.944951 7.129547 -2.886384 -9.668592 2.960174 -1.332389 3.404788 -66.200166 -28.171899 57.947912 56.859058 -50.115091 -37.172823 2.406694 -2.944661 -21.113866 26.982323 18.232960 12.673853 74.450589 12.420897 54.764454 -21.908195 42.946340 -12.302833 0.611301 -3.788753 -13.251753 -13.339904 7.270422 -7.143030 
0.320429 17.581426 32.417065 -5.755455 11.933430 3.456410 -18.694577 6.063097 -18.450257 5.917832 4.794990 33.480351 -0.575147 3.811915 6.372606 0.466030 -10.697473 -16.665018 15.270572 -2.604285 -43.193985 -21.775015 -17.510515 85.159211 6.992770 -4.133501 0.907379 -1.851074 -4.771684 -3.119465 1.950699 -4.721679 15.326376 -1.908783 1.694136 -1.349050 7.391812 -2.615628 -9.535314 2.876433 -1.349309 3.986587 -59.770549 -35.306325 54.419358 55.502736 -53.241780 -35.096802 1.440130 -2.281182 -20.960534 23.581445 17.389066 13.215908 65.376496 12.108419 51.927155 -20.534487 43.891693 -13.918301 0.651037 -5.087836 -11.998692 -11.057553 6.057709 -6.070281 
0.288837 17.982517 33.379478 -8.063020 12.841928 2.900805 -16.910099 7.384185 -14.980317 9.385986 7.420546 29.473933 -0.677029 8.339305 13.243253 -0.164530 -11.210899 -17.553409 14.131309 -3.862356 -45.341619 -19.091296 -16.818501 81.879367 6.880141 -2.447017 -1.847944 -2.249906 -5.897844 1.449569 4.297497 -6.635346 15.185044 -1.726608 1.722682 -1.037738 7.920465 -2.569415 -9.833174 2.271082 -0.780443 3.997970 -50.794444 -38.887827 50.885764 67.134997 -54.561313 -43.141862 2.072304 -0.804314 -22.551019 22.926463 12.032106 16.728903 57.612535 13.204760 49.916962 -15.166764 42.337607 -11.168676 0.923483 -3.640160 -9.529111 -9.964015 3.483546 -6.035821 
0.219417 18.452428 34.443001 -10.513902 13.599967 1.325917 -15.841281 10.099236 -12.644874 13.172289 9.162696 27.009744 -2.566528 15.183168 19.950228 1.695620 -12.017709 -17.909760 12.307018 -5.277217 -46.992820 -14.556430 -15.564594 75.887095 6.114091 -3.673936 -5.266424 -1.364928 -4.749973 6.120358 6.687786 -8.332594 15.865314 -1.728859 2.140089 -0.578523 8.799067 -2.710362 -10.027173 1.496263 -0.450988 4.433408 -34.171542 -41.290003 36.983622 62.320095 -61.275910 -37.679282 2.938029 -3.212208 -23.571629 22.097605 16.152289 17.288080 49.665345 15.950586 48.648942 -10.076934 40.271157 -9.569820 1.935814 -1.631216 -7.370247 -9.583162 2.965124 -5.430781 
0.155589 18.904424 35.522934 -12.070853 13.623385 1.199864 -15.335904 14.151208 -14.138284 15.021064 10.601178 26.584975 -4.217207 22.996263 24.829706 4.300289 -11.454116 -16.792152 9.935359 -6.056655 -45.484272 -9.453627 -13.192806 69.193511 4.721462 -4.526697 -11.102972 -2.940740 -6.483609 13.393227 7.426966 -9.212050 15.455855 0.197418 2.402236 0.153181 8.005307 -2.463638 -10.930390 0.997911 -0.301381 5.107113 -15.871033 -38.775827 22.443151 66.607145 -61.216042 -41.299793 2.160728 -8.264404 -23.995953 22.715094 18.781262 19.715045 39.199824 19.305204 42.858322 1.684244 36.106801 -1.163301 -0.191206 6.114299 -6.815183 -7.206552 -2.635423 -3.947941 
0.153630 19.445882 36.664993 -14.317316 13.834729 -0.875260 -13.251099 17.421780 -15.322209 15.295981 13.444939 27.172600 -5.834104 33.600554 27.621933 3.550123 -15.873994 -13.491883 8.230787 -6.491801 -47.217441 -6.069828 -12.200914 62.115717 3.691589 -5.356353 -16.656576 -5.461589 -7.003271 16.100001 9.333767 -9.863829 17.143892 1.921686 1.783132 -0.359966 7.048503 -1.765627 -10.317080 0.306520 -0.330826 5.301411 -3.338204 -35.251166 13.178748 70.534924 -63.397543 -44.910254 -2.716888 -6.549370 -25.034444 22.432439 13.107003 20.131089 30.535957 19.403685 41.567903 5.484560 36.761760 3.841564 1.019510 8.212981 -6.748633 -7.686299 -1.929348 -1.047975 
0.231141 19.971509 37.838123 -15.906294 14.067390 -3.226685 -13.886734 21.117418 -17.800918 16.485275 15.713383 28.292387 -2.524820 39.272151 28.285612 -0.630823 -15.627841 -4.738738 5.230367 -6.960238 -48.281955 -2.821408 -10.666080 54.223108 2.080242 -9.231456 -18.224476 -8.081596 -5.228007 14.303311 9.536654 -10.769556 20.164499 2.969681 1.432188 -1.177080 6.978866 -1.246036 -9.944703 0.205333 -0.295994 5.067326 5.250638 -32.929654 9.829483 65.540052 -63.072045 -40.693533 -3.226275 -3.970869 -18.918514 19.562568 8.447757 19.062760 25.400431 19.964959 41.290219 7.676269 35.651937 5.097054 1.268213 10.892756 -4.494813 -7.045737 -4.130763 -0.758263 
0.333643 20.440906 38.998566 -17.135317 14.607123 -6.232981 -14.727122 23.940516 -20.751237 16.653954 18.087583 30.511809 0.612911 43.531116 26.255260 -4.260974 -12.730004 2.176751 0.842959 -9.313059 -45.519189 -0.783107 -11.342548 46.990302 1.329583 -10.075192 -20.504261 -9.298120 -5.505910 14.721482 9.591695 -11.831923 23.425647 4.246542 1.768565 -0.594372 6.678147 -1.528600 -10.986733 -0.387192 -0.372683 5.163145 17.258891 -28.711584 3.077731 41.174583 -62.460092 -19.999062 2.536361 -10.006979 -15.704081 15.255983 21.121598 17.075935 21.573209 20.375518 39.793868 10.397628 33.214943 7.824432 2.713921 9.599329 -0.727779 -9.692653 0.482326 -1.344381 
0.400125 20.860656 40.156757 -17.106881 14.972276 -7.502804 -17.268395 26.182013 -24.961248 14.608894 19.341227 34.140859 5.975893 44.113316 25.359262 -4.017694 -5.482078 1.064893 -3.006308 -9.354788 -45.956309 -0.873384 -11.963645 42.536809 3.031699 -7.074316 -22.014758 -9.987734 -6.208405 15.611753 8.514653 -11.768521 25.320316 5.074676 0.937938 -0.184716 6.572745 -1.009323 -11.396714 -0.705296 -0.561959 5.188713 22.042922 -28.729263 1.764282 23.971077 -54.532607 0.313799 6.010170 -11.830436 -15.150685 14.135142 22.463393 13.378831 19.095854 20.695813 38.453174 14.691316 30.528376 9.535864 -1.935246 14.210405 2.116765 -7.479272 -0.123671 -1.510488 
0.418276 21.239133 41.292908 -16.527608 15.268199 -8.626625 -18.970396 27.928501 -27.561495 9.967393 21.208392 37.193043 9.812697 40.816919 24.189048 -2.848331 -1.283531 1.510103 -9.103738 -9.028473 -44.877443 1.144057 -13.091900 37.462708 2.409128 -9.227633 -25.398691 -7.161705 -4.880272 13.321751 7.514468 -11.534418 26.364399 5.810370 -0.193248 -0.037362 6.034986 -0.512829 -11.380002 -0.794438 -0.567304 5.520950 22.389188 -25.183222 4.537280 29.071871 -53.415325 -5.616955 1.739197 -6.239040 -9.740912 17.318915 15.487615 6.287873 17.424814 20.859463 37.919170 17.235705 27.989765 11.442709 -3.729911 13.423634 3.528617 -8.214752 0.158169 2.203099 
0.403832 21.557279 42.416824 -15.662250 15.290744 -8.810779 -19.852758 28.066945 -28.597272 2.837887 20.267765 40.042074 10.256230 35.311661 25.615383 -1.620169 -0.792312 2.082119 -14.250715 -8.530449 -45.734903 1.819037 -15.559196 35.753278 4.226121 -5.681357 -25.353122 -8.662052 -7.255626 11.124994 6.743544 -11.093786 26.149983 5.759184 -0.951907 0.060695 6.127371 0.080645 -10.827109 -1.168960 -0.748574 5.963904 22.493477 -22.484785 7.574064 31.802979 -47.791196 -8.648838 -0.114415 -4.288063 -11.388094 18.652236 11.560815 5.867193 15.249617 21.065341 36.417379 18.673121 27.164365 11.157313 -7.878159 14.203735 2.741276 -8.240425 1.368625 4.421136 
0.357967 21.859914 43.538059 -14.701012 15.018135 -9.101759 -19.625564 27.196548 -28.362020 -3.621343 18.364982 43.503076 6.769378 26.613170 27.101993 -2.005557 -0.824731 1.920749 -16.868276 -6.906692 -46.856909 0.821477 -17.201380 34.589710 2.911531 -5.538168 -25.354415 -5.811459 -7.990410 8.339814 6.163692 -10.746326 25.893051 5.877050 -1.286340 0.089360 5.567853 0.384836 -10.098134 -1.197476 -0.931315 6.402113 19.447570 -23.471817 7.752188 30.594756 -45.132083 -6.631451 0.310801 -4.731044 -13.950400 17.660042 13.021636 9.661231 12.887850 20.826771 34.855076 17.137848 28.036880 10.974043 -9.684381 15.160521 0.858932 -7.425302 4.512152 3.752973 
0.326275 22.135251 44.647614 -13.053434 14.941347 -9.062335 -21.148365 28.019736 -29.001231 -5.846333 17.998287 46.718611 5.396145 21.263866 28.160396 -3.833319 -1.347512 1.767801 -19.020604 -6.490205 -49.262886 -0.272348 -18.907842 35.756678 0.411633 -6.064432 -24.060550 -4.390743 -6.372569 7.689595 5.270267 -10.425755 25.121877 5.513018 -1.595982 0.369608 5.406439 0.783552 -9.316399 -1.143566 -0.694183 6.236891 16.825349 -23.860285 8.976480 30.574283 -41.666578 -5.266566 1.367227 -6.037878 -16.442360 16.835204 16.282276 12.142047 9.326412 21.699415 32.245716 13.564030 28.677165 8.541557 -13.260542 15.250198 -2.237875 -5.939011 7.013390 2.127099 
0.315905 22.384393 45.795280 -12.067996 15.172219 -9.805800 -22.722743 29.082531 -29.958965 -5.042982 19.512383 48.974717 6.660284 17.892153 30.512104 -4.279485 -2.638808 1.696700 -19.771027 -5.638216 -49.945739 -1.914981 -21.387241 36.943714 -2.595554 -6.033260 -20.187296 -1.915242 -6.129640 3.386962 5.132090 -10.507797 24.013298 5.229608 -2.024885 1.336768 4.893077 1.426134 -8.673969 -1.516514 -1.020173 6.862553 14.290194 -23.590679 10.690026 32.488245 -41.046996 -8.644676 1.135090 -6.799857 -17.210200 17.361471 18.011845 12.628973 5.837267 21.414976 29.822004 7.043561 28.870892 5.672959 -12.234592 15.710488 -9.389616 -6.208823 10.852924 0.921118 
0.387579 22.660713 46.959530 -7.002941 17.060128 -9.418922 -26.487344 29.705595 -29.337854 -4.270897 21.119156 52.425887 5.989788 16.321366 30.071322 -3.658791 -3.501974 -0.854622 -22.437215 -5.853305 -52.116508 -6.491114 -22.037132 41.181552 -4.818881 -5.889506 -16.201842 0.118211 -6.091320 2.347039 1.213516 -12.203297 23.338777 4.499736 -1.727993 1.674639 4.449241 1.640820 -7.917704 -1.422784 -1.082146 6.831153 11.806382 -23.271182 12.468970 33.772049 -41.362802 -11.279138 0.918318 -6.531405 -17.584615 17.217413 18.490848 11.568677 2.990346 21.254255 28.055024 0.857254 29.075264 2.138365 -8.024516 15.554633 -13.027158 -8.018210 13.199659 3.284087 
0.605758 22.922121 48.123344 -4.579849 20.051497 -10.874737 -27.104150 29.443084 -27.305691 -1.930291 20.947231 55.300305 3.223684 11.503011 30.342031 -4.363148 -4.317100 -7.583930 -21.235808 -7.782968 -54.117617 -10.074043 -21.957823 44.502165 -5.325526 -4.859755 -11.426854 -0.020661 -4.424349 -2.363899 0.110945 -15.231208 20.954472 3.652028 -1.699622 4.547674 3.963535 1.962280 -7.252449 -1.747966 -1.378897 7.262570 9.812672 -22.872663 14.335866 35.430030 -40.979176 -14.247390 1.398137 -8.102283 -18.523091 17.277420 20.457060 12.110147 1.553972 19.179361 27.899775 -7.090468 29.329478 -4.638099 -3.079865 14.444621 -15.773368 -6.947283 13.134639 9.131900 
0.894634 23.249196 49.226425 1.821905 23.898894 -8.704553 -29.243004 28.877189 -25.353974 2.217217 17.384667 57.899154 -5.538439 4.363738 30.046001 -3.163348 -1.462602 -8.017062 -23.171238 -11.819453 -57.879531 -13.211123 -19.953325 48.100113 -4.326482 -5.105264 -4.981239 -0.603336 -4.727010 -4.357134 -4.755927 -20.112369 19.103709 2.624460 0.059678 5.200434 3.371154 1.929829 -6.334246 -1.612969 -1.147334 7.006735 8.309412 -22.367151 15.796573 35.815949 -41.227619 -15.639552 0.389272 -7.537450 -17.892734 16.898416 20.594288 10.266668 1.388952 16.179485 28.911179 -14.183799 28.460825 -10.756617 2.191037 12.377741 -15.349393 -7.342685 17.977868 2.071882 
1.168709 23.621358 50.369606 3.047836 25.339553 -11.971754 -27.259332 31.569576 -22.847510 7.162427 10.706060 57.291270 -9.684675 1.089318 26.432693 -3.507425 -5.358817 -3.221446 -19.692542 -12.787284 -58.683863 -15.337261 -17.289378 49.703719 -3.329755 -5.017939 1.241789 -1.303604 -4.042009 -7.832012 -5.170667 -23.045441 19.523150 1.616805 2.043003 6.602530 2.772789 1.902975 -5.500062 -1.919794 -0.990258 7.224342 7.419826 -21.644795 17.341692 36.219598 -40.698522 -17.094228 1.655069 -9.438737 -18.709222 16.086394 22.152161 10.811957 4.932999 10.579169 31.584903 -19.967478 27.353243 -16.699296 3.453009 13.435250 -17.270108 -8.324288 20.857502 0.417166 
1.409781 23.926301 51.644932 10.572322 23.612781 -10.411321 -28.694451 35.664478 -25.913052 11.431259 4.878567 55.994006 -10.323431 1.728526 23.004951 -4.080419 -12.127819 7.537732 -23.392642 -10.598036 -61.316226 -15.232041 -16.892263 51.254346 -1.448153 -6.743241 6.353884 -4.075293 -3.467282 -8.754073 -11.760431 -22.538154 21.441064 0.527754 4.335671 4.488484 1.743576 1.779805 -4.926177 -1.490138 -0.666821 7.079986 6.151674 -21.203281 18.686201 35.778938 -40.335225 -17.058623 0.329011 -9.069088 -17.620138 16.179006 21.773317 9.408924 9.767584 3.076181 32.621725 -25.901791 28.613773 -18.314739 3.340775 11.230218 -15.252801 -9.256527 23.798478 -5.348715 
1.692851 23.991901 52.993671 12.079100 22.291420 -12.021901 -25.699604 34.214377 -30.137809 17.278031 5.684453 56.708226 1.938867 11.459922 5.159259 -17.681546 -27.515750 22.785224 -25.473245 -9.424949 -60.651776 -11.042593 -17.185756 47.596661 0.009980 -8.862092 12.978584 -4.033143 -4.282744 -10.465567 -13.032880 -19.922217 21.676838 0.739071 3.722730 4.514328 0.685495 2.101451 -4.397821 -1.523186 -0.688865 7.379306 5.786410 -20.436079 19.956053 35.269588 -40.142639 -17.779149 1.553737 -10.050532 -17.983177 15.100982 22.137532 9.798263 15.570369 -4.422336 32.706549 -34.032223 31.969362 -23.039042 2.471191 8.068390 -16.094670 -6.775820 24.774752 -2.183240 
1.872759 23.964447 54.225491 21.387905 20.257245 -6.163260 -27.526765 30.752501 -37.955451 22.176359 8.632392 60.913432 -2.814050 12.250223 1.411617 -18.795785 -31.139030 21.092537 -32.533917 -10.545189 -59.651886 -6.402836 -16.399229 43.092172 0.740677 -10.944366 16.888688 -3.065696 -3.380456 -8.711325 -21.659355 -16.543577 19.094617 1.698468 2.923350 3.058553 -0.773071 2.129948 -3.493834 -0.753777 -0.670850 7.309752 4.726685 -19.619924 20.786172 34.886113 -39.763299 -17.414751 0.525432 -9.558529 -16.856820 15.274787 21.457142 9.457838 21.871834 -12.107397 30.695755 -43.262551 36.045424 -24.467696 -0.435514 5.238367 -17.778650 -3.913394 24.709524 -0.944528 
1.917838 23.795656 55.300850 25.402033 18.471483 -4.497123 -16.564853 28.692504 -42.124895 25.181148 14.629492 71.156340 -4.477738 9.304001 -1.731398 -13.509489 -29.121213 7.021771 -39.759761 -7.709360 -58.806819 0.310883 -21.466599 35.751833 1.044415 -11.895645 20.101320 -1.925556 -4.261909 -5.786872 -24.991684 -11.074264 16.643049 2.526738 -0.642367 2.788748 -1.484126 2.471066 -2.397955 -0.695268 -0.925566 7.063058 4.946015 -18.876560 21.565012 33.752992 -39.681544 -17.612721 0.805349 -9.478295 -16.973281 14.709678 20.279592 9.929584 27.076661 -18.058038 28.575658 -53.262428 39.335948 -29.525824 -1.650547 2.399078 -16.401545 -0.324972 25.825368 0.240139 
1.772581 23.528505 56.282703 28.808811 15.905009 -1.952928 -6.759411 25.774129 -49.282976 30.797107 19.190009 86.693805 -4.563103 3.107675 0.013778 -5.862236 -21.406067 -1.831396 -41.838401 -6.562234 -57.049386 1.738383 -18.998713 30.229387 4.137707 -15.772151 22.102227 -1.890826 -3.323376 -0.778326 -27.570019 -6.871035 13.516379 3.040689 -3.021617 1.744867 -2.011160 2.835567 -1.753263 -0.443336 -1.259422 7.213000 4.511298 -17.719825 21.988457 33.121972 -39.189531 -16.931024 -0.324930 -8.456194 -15.999022 15.198946 18.991009 9.710269 30.343206 -20.839976 28.484409 -58.861097 38.177917 -31.102092 -2.253169 1.830997 -17.354159 1.023102 26.026568 1.397933 
1.446929 23.098588 57.297127 28.009511 14.561735 -1.038436 6.038081 24.670999 -55.371112 35.114111 20.612938 100.103842 -3.153020 0.055492 -0.253098 -1.617712 -17.239540 -7.225846 -41.903471 -5.376368 -56.968691 4.799852 -18.441107 26.445847 5.766493 -17.949380 22.204155 0.340392 -4.532090 5.558081 -27.383285 -2.830560 9.635846 4.242935 -5.939431 2.304716 -2.324534 2.456216 -0.963539 -0.358008 -1.104204 7.233768 4.737909 -17.401865 22.435886 30.772759 -38.690976 -15.688366 -0.240564 -7.462469 -16.322529 15.245233 16.551199 9.572339 31.136330 -21.210708 27.383785 -60.067399 37.652609 -31.225797 -0.600061 0.314530 -16.747944 1.536486 27.860004 2.703500 
1.095310 22.697929 58.357513 27.006719 14.421920 -2.462095 12.876448 24.225015 -61.378056 37.061869 18.492625 106.496417 -2.168631 -0.769968 2.692501 1.507477 -13.858492 -13.126355 -38.531524 -4.632453 -52.882177 4.768676 -16.904569 23.175538 8.126361 -20.496658 21.047838 0.500013 -4.721913 12.348583 -25.938555 -1.182427 10.079495 3.735611 -6.743301 1.466277 -2.431373 2.301154 -0.395047 -0.259590 -1.298419 7.432859 3.837908 -15.858231 23.535144 29.460159 -38.311608 -14.155069 -0.137049 -6.483450 -15.788669 15.746180 14.396532 8.924180 30.790937 -22.237728 29.131167 -62.016175 36.338020 -32.322590 0.284675 1.163896 -17.687763 1.770765 27.407886 2.257162 
0.757992 22.236078 59.547966 24.545510 12.862187 -1.776214 21.878622 24.480141 -63.662615 39.483123 20.746888 113.311450 -0.099892 -2.611183 3.197840 2.193694 -13.773793 -12.811261 -34.643448 -4.789552 -54.846428 5.910659 -16.475843 23.099887 9.140908 -21.582333 20.631786 1.403833 -7.880337 17.850853 -24.139437 0.624988 6.707121 4.161043 -7.238332 1.869129 -2.642779 1.741425 0.071814 0.071018 -1.247889 7.590047 3.200636 -13.986503 24.286017 28.521907 -37.766544 -12.625353 -1.436388 -6.419236 -16.707574 17.332398 12.251237 8.313919 29.050368 -20.785946 28.584584 -59.368503 36.260919 -30.200768 0.499441 0.425295 -17.562535 2.138321 27.256767 3.187526 
0.621483 21.880353 60.634418 23.685508 14.657099 -1.256366 25.972032 23.207024 -67.526413 39.985103 18.838856 120.274942 -2.461023 -3.921914 3.074482 3.712060 -11.518263 -12.936470 -30.863669 -7.562128 -51.777761 7.172420 -14.770307 21.857563 9.834361 -24.171323 24.624389 -0.031934 -9.672293 22.068858 -23.129094 -0.834482 5.652978 3.660157 -7.290175 2.128553 -2.308625 1.444619 0.021778 -0.072720 -1.538963 8.269193 2.492364 -11.023019 24.654338 26.767958 -37.710427 -11.512495 -2.448207 -6.876864 -16.234144 19.451355 9.465976 7.384245 26.007211 -19.639765 32.010777 -58.411096 34.055978 -31.622127 2.353479 1.755721 -18.325906 1.211838 25.586927 3.135218 
0.576830 21.549901 61.719193 21.788600 16.158033 -1.818959 27.866605 23.966731 -73.537361 38.865315 14.596544 123.743283 -3.039988 -6.106264 3.823344 3.788151 -10.318789 -14.023966 -25.732038 -8.901622 -49.100515 7.810066 -14.162166 20.663832 10.653587 -27.507668 32.483792 -1.696321 -11.168714 27.918872 -21.308708 -2.064379 5.299725 2.941303 -6.965133 2.723258 -2.009617 0.452882 0.042776 0.293690 -1.337240 8.448780 2.450071 -8.004049 26.230744 26.511973 -37.244649 -12.493951 -3.938866 -7.349631 -16.004613 20.931360 8.151570 6.136399 25.182513 -18.385214 32.390098 -56.385272 34.442485 -29.831819 1.663953 1.920426 -19.662969 1.807344 25.002655 3.292046 
0.521869 21.271070 62.808872 19.206442 18.074757 -3.998174 32.191799 22.882935 -76.462261 38.188949 13.791535 129.182375 -2.054337 -8.098416 4.727940 2.191225 -8.879239 -17.186269 -19.103833 -10.817998 -42.789759 8.230386 -13.220779 17.694526 9.179939 -30.982659 40.108466 -3.763366 -13.730581 31.859991 -18.427573 -2.764442 7.085960 2.116264 -7.117079 2.231555 -1.291834 -0.078652 0.600755 -0.297966 -1.475973 8.612420 3.052626 -3.360818 28.589277 24.297508 -40.076668 -13.235244 -4.655649 -7.346425 -15.497636 21.345118 7.621334 4.880672 22.774131 -16.418351 35.094145 -54.455800 32.476086 -30.418165 3.125264 2.394899 -18.095355 1.040397 24.107343 2.174576 
0.486481 20.979181 63.884491 18.330124 19.496464 -3.714491 30.869083 24.074347 -80.315726 37.244409 10.138544 130.484016 -1.238516 -11.371836 6.537312 1.379655 -7.605623 -19.245939 -13.776549 -11.253150 -39.576360 6.873100 -13.725573 15.737261 6.451189 -31.933866 46.036273 -5.364927 -14.624169 35.910914 -17.649248 -3.399246 6.440017 1.264938 -6.919151 2.665508 -0.287934 -1.084527 0.637868 -0.093019 -1.580699 8.608977 4.639659 1.133787 29.716566 20.437775 -42.766694 -12.276091 -5.196342 -9.015606 -14.889591 22.036342 7.378220 4.527662 21.883845 -15.309259 36.463379 -52.177813 31.683263 -29.815464 2.386370 4.218371 -20.595211 0.868759 22.480905 3.449210 
0.477111 20.703285 64.923981 17.729224 21.160867 -4.111977 29.780990 23.467016 -84.261985 36.886968 7.804124 133.047679 -0.716370 -13.894517 8.362838 0.041548 -5.628988 -22.678741 -10.229469 -11.671682 -35.604993 5.788091 -13.094294 14.862737 4.681624 -32.639113 49.474935 -6.043305 -14.092403 37.052044 -17.286803 -3.818030 7.126465 0.892889 -6.772145 1.864889 0.486032 -2.056006 1.396014 -0.495590 -1.440597 8.190334 3.404196 6.365915 29.107494 16.442703 -46.079116 -7.093612 -4.530170 -8.672453 -14.282648 20.562265 9.052169 2.130782 19.973523 -14.462114 36.762751 -49.070044 32.860437 -29.331024 1.800588 5.695512 -19.514985 0.565966 21.669930 2.582721 
0.476899 20.367559 65.953583 17.986899 22.152633 -3.197111 26.429097 22.721209 -86.538412 37.741608 6.326446 133.263504 0.488537 -17.122387 10.745122 -1.016969 -3.454864 -25.622916 -7.631522 -10.965195 -32.603016 4.151012 -11.905122 14.894821 3.321007 -30.964966 50.327892 -5.833819 -13.601735 37.462961 -18.057131 -3.590445 6.826784 0.757285 -6.277858 1.350396 1.345412 -3.215289 1.992387 -0.268904 -1.609762 7.270200 3.462087 10.331195 29.470618 13.348792 -47.695466 -4.466194 -5.167817 -8.268410 -12.544203 19.234619 6.955584 1.157603 17.754595 -13.334871 37.607523 -45.222536 33.061118 -28.540830 0.921312 6.014075 -17.942587 0.802435 20.213530 1.243060 
0.486235 20.018434 66.949417 17.991554 23.256220 -2.812341 21.988519 21.342872 -88.158709 38.289453 5.251320 131.445023 2.403819 -19.388387 12.792821 -1.926319 -3.364937 -27.955993 -6.314736 -8.639812 -30.128529 2.895932 -10.532366 16.883125 2.940526 -30.682198 48.691852 -2.104872 -11.631183 37.208292 -18.912522 -2.896690 7.772414 0.929785 -6.340582 0.954453 2.101399 -4.177376 1.930974 0.098393 -1.473144 6.317843 1.417114 14.785805 28.949518 13.373621 -49.303309 -1.316491 -4.492045 -7.540257 -12.805894 17.231110 7.209579 1.503260 15.834040 -13.243447 38.041637 -41.322878 33.065684 -28.555145 1.428182 8.972590 -18.166403 -0.901955 19.056844 0.443838 
0.495847 19.636714 67.893410 18.227803 23.646931 -1.913272 16.289489 18.709266 -89.045422 39.813529 4.150285 128.663334 4.452189 -21.330038 14.555256 -2.661991 -3.070570 -30.020173 -5.439786 -5.544617 -27.279528 1.712213 -8.925918 18.208424 2.601548 -29.012716 45.312174 2.920080 -9.661368 35.541636 -19.874435 -2.089912 7.986442 1.764201 -5.881169 0.730608 2.224808 -5.485436 1.752499 0.709095 -1.240658 4.988236 -2.423048 17.931529 28.217898 12.228091 -49.021205 1.728303 -5.786647 -5.976163 -10.980899 14.663618 6.861270 2.418411 13.963255 -13.213066 34.677793 -34.686327 34.093812 -24.899368 1.035345 9.015765 -15.793582 -1.468426 17.002803 -0.883857 
0.521004 19.228343 68.773636 18.079127 23.477623 -1.332296 11.352394 15.504823 -88.470774 40.512292 4.640540 124.648125 5.752731 -22.147131 15.830555 -1.748378 -3.494854 -31.245685 -5.107922 -0.691078 -24.572956 0.578555 -9.971451 19.555273 1.987647 -26.916007 41.087970 5.890835 -7.878558 31.443502 -20.136085 -0.482487 8.744241 1.937215 -5.647605 0.959649 2.928413 -6.640103 0.964306 1.141218 -0.812040 3.993047 -7.625498 19.009130 28.021530 11.887378 -47.091475 3.463469 -4.956401 -6.444144 -6.015409 14.955268 12.261018 1.958565 12.312346 -12.986878 34.511918 -28.688117 33.242990 -23.971374 2.727029 10.367107 -15.098309 -3.609063 16.417737 -3.268568 
0.535141 18.837633 69.542061 17.709991 23.222696 -1.022138 6.454050 10.989175 -86.377768 41.089156 5.835777 120.118331 7.479920 -21.774149 15.974965 -1.124483 -4.011430 -32.152827 -3.769525 4.764621 -22.531797 -3.123471 -13.926844 21.052229 2.313428 -24.896763 36.611392 5.340368 -8.347504 26.718857 -19.187471 0.560604 8.997933 2.842541 -4.913582 1.130316 2.525600 -7.719855 -0.563351 1.019589 -0.829103 3.923412 -18.119835 19.897670 24.119581 10.485725 -45.072087 9.821934 -1.934378 -5.226662 -4.870308 13.301800 16.428359 1.943780 13.947437 -10.583191 28.900345 -20.099947 32.162274 -18.261903 1.078170 12.721862 -15.604436 -3.268523 8.100913 -3.831147 
0.563569 18.457244 70.190399 17.033238 22.286096 -0.656552 4.176273 5.725889 -82.418885 40.986480 10.090565 116.657822 7.547203 -19.741733 16.563352 1.024343 -5.006187 -32.673919 -2.194054 10.807578 -20.850529 -6.565094 -17.553992 23.070045 1.716295 -20.366757 29.948435 3.477227 -8.094282 23.292978 -17.813895 2.437303 9.524995 2.638284 -4.454001 0.964610 2.828077 -8.779144 -1.487501 1.297927 -0.584044 3.822215 -30.762582 19.810828 20.678229 13.594485 -38.078854 6.515615 -1.527556 -2.524836 -4.435264 14.914240 17.285251 0.928934 16.382995 -5.228512 25.822956 -16.851738 35.347466 -18.953599 2.178473 5.792234 -12.658958 -5.157805 7.685356 -5.777985 
0.643390 18.113473 70.743484 15.474735 20.875645 -0.728708 1.249721 0.578430 -78.571985 40.120254 14.189230 112.050007 5.629070 -17.942737 17.003266 2.536906 -4.745457 -30.535813 -0.010193 14.699210 -20.316761 -8.307277 -19.102454 26.019670 1.600137 -18.080167 22.961226 1.629829 -6.382613 22.065841 -14.931031 3.949051 9.587651 2.956249 -3.616000 1.783251 1.923677 -9.313601 -3.613481 1.327961 -0.689392 4.156894 -46.035931 17.653942 15.945984 11.656904 -30.773122 4.959038 0.061082 -3.384941 -6.891188 13.019354 18.347854 5.157360 20.714946 -1.924982 24.090688 -12.400800 37.690704 -15.563733 -1.917492 3.891346 -12.469234 -4.837541 8.724091 -8.677163 
0.700750 17.707536 71.369614 14.266481 19.412394 0.282927 -3.701479 -1.592908 -73.976172 34.352369 16.707913 102.315398 3.967496 -14.149856 18.034767 3.192384 -5.470439 -27.045456 2.323530 16.380126 -21.190246 -10.459731 -19.609201 29.450157 0.837191 -14.040451 14.561153 0.434452 -6.324568 20.152231 -11.793547 5.227321 9.397473 2.155188 -2.997959 2.879814 1.993851 -9.340867 -5.935395 0.944067 -0.953472 4.420308 -56.273099 15.670303 15.710782 11.154280 -27.215108 1.436069 0.898892 -2.780975 -10.634928 11.370993 15.816017 3.893394 27.364171 2.782515 21.795989 -8.782382 37.033647 -10.578370 -2.976205 1.703693 -12.408415 -2.821113 8.753862 -5.112437 
0.704863 17.480403 71.977997 12.504839 19.433175 0.364095 -9.888207 -5.339966 -67.050321 27.938746 18.364100 90.553493 3.822538 -9.497391 14.609075 2.898329 -8.022055 -22.317636 4.807853 15.008639 -21.040046 -10.228386 -19.737080 31.460807 -0.484302 -10.899650 8.275042 0.407467 -6.749731 16.575187 -9.158548 4.521020 10.158433 2.124956 -2.126265 2.322588 1.031525 -9.179249 -5.822266 1.058373 -1.104732 4.269670 -67.131369 11.371500 15.823919 14.441114 -23.823239 -2.458118 -2.193811 -2.532424 -11.736221 14.156027 15.099491 4.464789 32.817440 7.574917 27.319181 -8.519568 35.032487 -7.358524 -3.788906 4.258110 -10.334585 -4.217781 5.951207 -5.009326 
0.678649 17.324083 72.593170 11.077721 19.886674 0.640928 -14.124867 -8.728447 -59.214722 21.158067 18.051550 78.807217 1.123406 -6.430168 10.310592 -1.705911 -7.731651 -21.390657 6.631433 12.850293 -21.437152 -9.561096 -20.158439 33.801529 -1.150723 -8.365576 3.260090 0.097966 -6.582079 13.880001 -6.825606 3.333708 10.447869 0.744739 -1.293962 2.414937 1.675145 -8.739491 -6.581071 0.594993 -1.487375 4.661360 -74.310788 6.009026 19.956815 13.136516 -22.773400 -4.688457 -1.687069 -3.248001 -11.251909 13.365940 14.765996 5.648899 40.845410 14.059007 29.832958 -11.490504 36.530823 -7.524359 -1.537581 1.665100 -8.804651 -8.448007 2.635310 -1.043416 
0.736531 17.145242 73.188148 9.796685 19.385315 0.463387 -16.660685 -11.029821 -53.636126 14.996661 18.628863 63.675317 -2.199207 -3.478079 8.824054 -2.420636 -8.639657 -18.854049 8.618647 10.235304 -20.834850 -8.606668 -19.312642 35.195905 -1.806764 -5.552610 -2.338113 -0.559808 -6.972221 10.592292 -5.433209 2.874480 10.988789 -0.358598 -0.488335 1.814107 2.202725 -8.463163 -6.068506 0.841856 -1.409972 4.457539 -78.670748 3.007145 22.464707 10.165656 -22.556285 -4.911854 -2.565220 -2.819393 -12.139369 13.050101 15.827338 7.147012 47.194544 21.020300 36.161771 -15.607881 34.646697 -7.894552 -0.751969 0.443868 -7.449242 -7.749010 0.373566 1.160994 
0.779456 16.988410 73.789780 7.682575 17.173686 1.043796 -17.546020 -11.830349 -50.357540 6.970431 18.257226 48.998879 -4.196934 2.642947 12.940414 -0.565233 -11.749122 -16.570261 11.143376 9.706647 -20.946258 -6.950289 -18.415334 36.308512 -1.520053 -3.533082 -7.442546 -0.645299 -6.466171 8.706653 -3.524370 3.801918 10.611424 -1.252475 0.814416 1.360601 2.463583 -8.203837 -5.776769 0.800972 -1.713675 4.250072 -82.678621 2.427624 24.704545 11.370043 -23.934661 -6.866744 -3.130899 -4.171924 -13.335566 13.239152 18.431275 6.142730 54.507172 24.073583 43.037837 -19.747869 36.518878 -8.073931 0.132908 0.281384 -7.144057 -9.212410 2.316982 1.351102 
0.764923 16.809940 74.410027 5.115159 13.807484 0.564486 -16.490334 -10.244646 -49.547327 0.754322 16.657862 34.107506 -4.730658 9.709694 23.076943 -0.754150 -10.513783 -15.973890 15.060010 8.361493 -19.776904 -5.313762 -16.302207 37.115956 -1.964024 -0.855860 -12.053532 -0.117456 -6.077608 6.353378 -1.574834 4.895793 10.804192 -2.235031 2.284818 1.032272 3.169449 -7.387009 -5.639927 1.136191 -1.833571 4.187326 -84.391107 3.438461 30.308375 14.506293 -28.066084 -6.928956 -5.882131 -2.870647 -13.258801 14.095630 18.322426 5.064771 59.599727 26.628848 50.300669 -24.865701 38.639222 -10.076093 0.776869 0.367836 -7.370935 -6.032330 0.799763 2.234464 
0.833867 16.693219 75.038406 3.734705 9.894561 -0.840396 -15.721458 -7.107593 -47.619733 -1.790915 16.594462 24.622678 -5.285018 15.185490 31.683249 -1.103672 -7.490418 -13.934804 18.106189 8.217831 -16.404147 -5.417193 -14.715035 37.793416 -2.101652 1.233365 -15.259531 0.059369 -4.900643 4.862373 -0.394566 5.966887 12.398710 -3.162984 4.418257 0.395881 3.471085 -7.265840 -5.019765 1.062903 -1.731402 3.856947 -82.613901 6.384469 36.785606 17.090386 -33.101648 -7.663590 -3.032089 -4.505315 -15.635216 15.954442 15.579953 5.493880 63.648968 27.870861 55.014888 -31.451427 42.642297 -11.744520 -0.543234 -0.594332 -9.196248 -4.145542 3.090783 3.081046 
0.914344 16.567042 75.726707 2.253646 5.698120 -1.833548 -14.114586 -4.282125 -45.825574 -3.155612 15.817275 18.261517 -7.873314 23.869046 36.446159 1.343686 -6.316402 -12.683077 21.289473 8.703997 -13.334659 -6.181493 -12.459518 39.857264 -3.654783 3.420054 -17.832274 1.107786 -7.820831 1.469896 1.164033 7.357202 12.981942 -4.189552 6.021475 0.384221 4.388750 -6.806371 -5.123472 0.838809 -1.751995 4.231778 -78.987207 9.225575 41.835943 20.721201 -37.280397 -9.316769 -1.878328 -9.848393 -19.878411 17.095402 15.462704 5.957377 67.992839 31.065676 59.720029 -38.285368 46.453343 -16.279991 -0.213317 -2.734376 -9.144678 -4.106489 6.317786 3.561266 
0.972310 16.451461 76.430626 1.073617 2.912275 -3.014011 -13.530771 -1.485679 -43.950553 -4.105229 14.762499 14.691676 -6.928659 27.745872 40.716658 0.233011 -5.068395 -12.632299 23.382981 8.822872 -10.363197 -7.506044 -12.646135 41.757491 -7.590432 6.491776 -18.083843 4.612091 -7.721038 -2.725267 2.531560 7.857705 13.414550 -5.373285 6.753903 0.493133 5.097785 -5.830813 -4.862078 1.116506 -1.905115 4.246587 -75.710532 10.506168 47.935581 32.085214 -44.694959 -14.204001 -6.463044 -11.055920 -21.098827 18.282170 15.024170 5.653157 73.623264 33.060758 67.113285 -42.345978 48.513073 -18.651305 -2.034777 -3.148116 -7.999571 -5.149934 7.642396 3.267487 
1.004136 16.350751 77.130638 -0.488015 0.991744 -3.882911 -12.830355 0.678017 -42.326809 -4.267999 14.377454 12.419091 -6.228630 29.699802 42.931128 0.057942 -4.730330 -11.252006 25.382354 9.699542 -7.664117 -5.942807 -9.910895 43.935106 -3.378663 8.472809 -16.089059 0.399776 -15.285276 0.840527 4.137988 8.195663 12.771524 -5.825546 6.902094 1.183290 5.405333 -5.177934 -4.755592 1.555444 -1.856629 4.433674 -72.929278 9.161073 53.491558 41.539363 -50.016813 -20.795106 -8.622576 -10.256673 -19.828127 17.532257 16.492568 5.315828 76.614527 29.040022 74.554738 -55.648924 50.820356 -26.985965 -1.106739 -2.178062 -6.964979 -8.765156 6.775112 -0.407592 
1.045204 16.264808 77.809036 -1.865187 0.860668 -4.338619 -12.761502 1.649679 -40.896618 -4.108311 14.090619 10.983597 -4.833849 28.708143 44.312188 -0.467497 -4.266358 -9.176997 26.973973 9.863088 -6.156080 -8.767212 -12.186543 44.884473 -5.754927 15.369792 -12.106543 2.774387 -14.885459 3.471899 5.325547 7.208636 11.914393 -5.476047 6.841262 1.426327 5.004481 -4.915770 -4.180990 1.999757 -1.922957 4.384687 -72.212597 5.923619 58.163789 47.138861 -51.513901 -26.972733 -6.799626 -8.406426 -20.846114 17.249457 15.698256 6.306145 79.512573 26.129081 80.337733 -67.646099 51.906645 -35.395237 -0.999816 -1.947279 -7.613184 -9.604586 6.332579 -1.948549 
1.122670 16.239217 78.460754 -3.484657 1.248792 -5.214354 -12.462550 2.535467 -39.561392 -3.758276 13.330678 11.118504 -3.681979 27.046997 44.993212 -0.728108 -3.644264 -7.286307 28.462385 12.018719 -4.746809 -6.083420 -12.953860 48.047132 -11.246677 12.061222 -6.929643 11.769259 -14.223034 14.389441 6.426278 6.400943 10.886446 -4.918685 6.062531 1.974886 4.989003 -4.677583 -3.780952 2.352785 -1.789831 4.486801 -72.446077 2.718322 60.004772 51.327164 -55.399096 -29.166522 -5.498859 -6.112199 -20.986347 18.713628 13.258188 7.851662 82.177098 24.597279 85.963861 -74.274583 52.479122 -42.292631 -1.367124 -2.365655 -8.734668 -8.979810 6.927195 -1.784743 
1.208291 16.263843 79.087631 -5.193196 3.114336 -5.468593 -12.846499 2.843786 -38.559133 -3.003480 12.871956 11.569038 -3.100523 24.926207 43.325731 -0.891486 -2.514791 -5.374850 30.109763 11.901987 -6.743551 -2.853277 -5.245163 52.924916 -6.254408 22.802963 10.896962 15.357272 -25.342876 9.861055 7.739869 5.015672 9.975983 -4.348410 4.574544 1.915730 4.863645 -4.538219 -3.383366 2.652583 -1.883035 4.517841 -72.514050 -0.175406 60.842157 53.849065 -55.347042 -30.505573 -5.272426 -5.199894 -20.383937 18.737535 12.404177 7.422772 82.938819 23.203135 88.424184 -77.084577 53.162007 -45.422718 -1.343885 -2.067897 -8.506727 -9.087808 7.017835 -1.475782 
1.354202 16.321971 79.678040 -7.124933 5.604428 -6.382722 -12.458407 2.184198 -37.181286 -2.352444 11.831393 14.069763 -2.734534 21.692020 40.655199 -0.606163 -1.625113 -3.980134 27.622410 12.487990 -11.221177 13.152698 -0.251178 59.585371 6.524831 17.022038 41.955276 22.113825 -11.223483 7.592490 9.544581 2.976898 9.487125 -4.255287 3.062191 2.080476 4.863086 -4.484091 -3.081423 2.653028 -1.860317 4.607514 -72.591929 -3.363718 60.962036 53.627458 -54.704061 -30.646832 -4.821719 -4.129147 -19.441916 17.899030 14.201783 7.072220 82.540268 21.672734 89.576564 -78.116683 53.779240 -46.074371 -1.396739 -2.109949 -8.551288 -8.479067 7.216223 -1.335342 
1.526035 16.408983 80.237320 -7.771159 6.570447 -6.740101 -12.615276 2.222157 -35.738950 -2.181131 10.908176 15.810491 -2.410413 19.435107 37.765008 -0.073054 -1.510252 -2.888308 30.362020 6.314803 -15.161592 7.967640 0.509263 61.238511 10.938655 -1.520282 60.123849 16.647297 -14.765200 16.341063 9.898019 2.432667 8.890030 -3.742754 1.852571 2.014035 4.693038 -4.557443 -2.697411 2.652269 -1.917675 4.463677 -72.560988 -5.638491 60.973997 53.651682 -54.229258 -29.940213 -5.104940 -3.912239 -18.840857 17.686628 14.750388 7.042303 81.981726 20.117444 90.140021 -76.490378 54.178716 -44.887507 -0.966908 -1.807373 -8.314318 -8.735628 6.735017 -0.864842 
1.674013 16.505068 80.760674 -8.205085 7.243345 -7.148336 -12.879255 2.259894 -34.168401 -1.772395 9.919726 17.422594 -2.391220 18.057617 34.740513 0.187414 -2.077245 -2.268135 32.836013 0.336071 -21.438347 -1.173365 -1.607910 63.873541 4.436394 -19.187650 72.159337 6.209575 -9.150389 14.870769 9.774265 2.247243 8.484253 -3.431917 0.735427 2.247271 4.878909 -4.707655 -2.740586 2.710892 -1.697926 4.584256 -72.329695 -7.472658 60.545100 53.124562 -54.010995 -29.430807 -5.475349 -2.752955 -18.845600 18.103044 15.471193 6.997487 81.537563 18.357786 89.994670 -74.854477 54.457676 -43.356952 -1.054444 -2.067645 -8.650133 -8.503868 6.794095 -0.491859 
1.805214 16.617977 81.230255 -7.791849 6.785823 -7.140479 -13.591774 3.564585 -32.974384 -1.870035 9.007343 18.492596 -2.173812 16.956415 32.457850 0.284567 -2.579726 -2.204005 33.741701 -8.306612 -26.367503 -20.092429 -15.155035 67.251363 -11.080505 -28.542846 54.953811 3.965513 -2.504438 18.333231 9.220182 2.599726 7.851888 -3.152077 0.193411 2.587495 4.758040 -4.765826 -2.615388 2.882975 -1.695781 4.568999 -72.391318 -9.220930 58.699921 50.948873 -53.329063 -27.566412 -6.216968 -1.958375 -18.811773 17.527958 15.828817 7.880070 80.956860 16.988665 89.494904 -70.579802 54.908654 -40.573954 -0.878616 -2.158769 -8.876783 -8.850429 6.496434 -0.286595 
1.911353 16.732149 81.646965 -7.857260 6.829320 -6.989999 -13.993016 4.505651 -32.052744 -1.833836 8.239198 19.189277 -1.985769 15.982227 30.680103 -0.027996 -3.034045 -2.282026 35.497788 -9.002485 -30.017395 -30.886508 -19.196114 74.883984 -15.305420 -21.292454 48.822876 4.321218 -3.538556 15.527946 9.619500 2.566891 7.130345 -3.449364 -0.631881 2.880092 4.815522 -4.661222 -2.594269 2.801134 -1.596642 4.736533 -72.600617 -10.115340 56.881201 49.687066 -52.456955 -26.263547 -6.308934 -2.091645 -19.230832 17.468492 16.165851 8.188730 80.027550 15.204133 88.019311 -66.947970 55.046388 -37.947632 -0.597428 -2.583547 -9.443898 -9.410292 6.202691 -0.669414 
2.012000 16.830903 82.032043 -7.586655 6.829098 -6.404686 -14.694075 5.320397 -31.425401 -1.891816 7.516291 19.470956 -2.173606 15.384256 28.968474 -0.159529 -3.364735 -2.280694 37.001768 -10.253011 -31.772052 -36.019718 -25.167187 78.178936 -20.763611 -23.361028 42.844499 -0.608218 2.598216 15.952201 9.597779 2.142256 6.171700 -3.590329 -0.827246 3.362944 4.748723 -4.592061 -2.826301 2.985140 -1.474113 4.674367 -72.427414 -11.287675 54.526743 47.377610 -52.439958 -24.576598 -6.311681 -1.537164 -19.616822 16.693437 16.299292 8.796032 78.798906 14.106469 85.261059 -60.611257 55.866136 -33.657489 -0.378926 -3.212268 -10.186357 -9.824356 6.074243 -0.907413 
2.091145 16.936933 82.383675 -7.255701 6.132216 -5.765993 -15.189670 6.343706 -30.714900 -1.817581 7.043287 19.249695 -2.216300 14.985684 27.570905 -0.341642 -3.471405 -2.132987 35.243535 -11.560915 -33.627869 -29.853302 -28.851977 78.099720 -16.646980 -18.003797 33.544200 1.109179 6.181538 26.722824 9.328575 2.193394 5.845619 -3.450816 -0.694878 3.189394 4.578497 -4.419752 -2.990277 2.975498 -1.380931 4.949506 -72.565867 -11.753382 53.013340 44.705386 -51.538913 -21.970562 -5.420972 -1.567188 -19.942982 16.124501 16.967817 8.568944 77.161925 12.528621 82.234697 -54.251315 55.427366 -29.445470 0.103079 -3.799937 -10.483218 -10.680293 5.550528 -1.638434 
2.158394 17.045513 82.699760 -6.832356 5.124843 -5.067117 -15.724747 7.146117 -30.034175 -1.510711 6.554111 18.868088 -2.461326 15.190045 26.395542 -0.528466 -3.814807 -1.701601 33.122643 -10.923001 -32.165008 -24.017053 -28.459026 73.395245 -14.450321 -12.841674 24.407600 4.465531 0.169619 26.663613 8.647621 2.218057 5.321119 -2.905930 -0.278978 3.183944 4.384501 -4.187369 -2.999657 3.041993 -1.523677 4.822684 -72.557669 -12.112797 51.966941 40.459990 -50.872145 -18.319665 -4.232320 -1.365614 -19.977756 15.129012 18.049818 8.480949 75.366172 11.656140 78.468251 -46.573001 54.719192 -24.403917 0.233701 -4.082002 -10.735355 -10.753081 4.947415 -2.043784 
2.234191 17.149663 82.982933 -6.584475 4.097066 -4.476173 -15.964389 7.869942 -29.524489 -1.340359 6.394575 18.715830 -2.332594 15.209931 25.664435 -0.821376 -3.750586 -1.263637 29.540776 -8.725551 -31.933768 -18.552895 -26.340311 68.011028 -11.440177 -4.540097 15.746292 9.034702 -4.871400 22.979513 8.464560 2.377120 4.576620 -2.600155 -0.227680 3.402565 4.102385 -3.675501 -2.997098 2.907011 -1.536908 5.083044 -72.534739 -11.166845 50.882591 38.559040 -48.899848 -15.944665 -4.205654 -1.808364 -20.051883 15.029302 19.039663 8.719355 73.554533 10.729501 74.016235 -39.056926 53.292249 -19.377082 0.642274 -4.407985 -10.589564 -11.986487 4.612393 -1.889639 
2.297020 17.255783 83.248283 -6.530137 3.163250 -3.690858 -16.047100 8.206292 -29.129535 -1.064366 6.151007 18.383255 -2.426948 15.626997 24.984075 -0.928604 -3.648483 -1.107039 28.278858 -5.346396 -29.568159 -15.113893 -21.054194 60.440587 -4.569370 -1.083040 4.122210 11.002874 0.097375 21.091110 8.261796 2.389148 3.787684 -2.232857 -0.057741 3.582431 4.001547 -3.171119 -2.948069 2.810357 -1.567222 5.136836 -72.750441 -11.063089 50.097864 35.280942 -46.120917 -13.292364 -4.349712 -1.378396 -19.500702 14.722337 19.848234 8.158313 72.368881 10.189457 69.027576 -31.784920 51.177401 -13.889300 0.761752 -4.463069 -10.658515 -12.145613 3.947754 -1.502713 
2.350603 17.350709 83.498772 -6.202717 2.544250 -3.048891 -16.442683 8.197476 -28.620121 -0.689664 6.107862 18.105239 -2.228064 15.853990 24.569249 -0.988019 -3.468774 -0.802095 26.143806 -2.968871 -29.649042 -10.034031 -16.142717 50.640278 -1.528468 -2.570346 -2.238639 8.977634 2.229599 18.006955 7.753349 2.062986 2.769107 -1.875819 0.108044 3.816701 3.661649 -2.590221 -2.601357 2.815907 -1.478970 5.191440 -72.632945 -9.783540 49.523724 33.249193 -43.828219 -11.869159 -3.939237 -1.110463 -18.770401 14.506821 19.988197 7.844866 72.293213 9.262645 64.722900 -25.803418 47.922774 -9.123466 0.975329 -4.332309 -10.258296 -12.445645 3.476998 -1.414695 
2.389306 17.434003 83.746994 -5.865095 2.230575 -2.379253 -16.938061 7.953172 -28.108260 -0.234484 6.022951 17.773230 -2.156770 16.068329 24.049249 -1.112416 -3.388847 -0.892779 23.811163 -1.116633 -27.972714 -4.005889 -10.737826 42.044052 0.736519 -4.480896 -1.383687 7.476865 0.412271 13.305509 6.658349 1.710752 1.881280 -1.046634 0.101965 4.065388 3.356012 -2.150109 -2.474261 2.793718 -1.416222 5.068665 -73.192949 -9.157287 49.518005 29.807937 -40.246557 -9.786986 -3.632234 -1.310349 -18.118880 14.775987 20.714003 7.195146 72.669043 8.211390 60.833531 -22.685488 44.510641 -6.232372 0.605696 -3.712631 -9.923759 -12.415178 2.361855 -1.561952 
2.417633 17.516576 83.998886 -5.317808 1.911542 -1.732637 -17.557541 7.633765 -27.395149 0.148298 6.020467 17.216456 -1.988841 16.242679 23.641012 -1.028216 -3.188807 -0.915052 21.866211 0.908806 -24.790300 -1.052048 -9.118582 35.037470 0.360743 -4.868610 0.704653 7.163956 -1.029492 11.666446 5.419608 1.434357 0.904750 -0.209913 -0.063244 4.236665 2.866210 -1.530064 -2.141387 2.746583 -1.370462 5.040175 -73.776993 -7.794582 49.547178 28.138239 -37.639365 -9.449768 -3.754736 -1.199241 -17.905206 15.034852 20.744881 6.638479 73.409657 7.270600 57.295201 -20.460530 40.902960 -4.677291 1.038797 -3.380862 -9.198769 -12.894956 1.857204 -2.113151 
2.440405 17.588735 84.240784 -4.713820 2.401850 -1.144006 -18.345328 7.163623 -26.636985 0.251940 5.817296 16.627429 -1.989408 16.223358 23.301461 -1.097601 -3.329247 -1.181816 21.255856 2.781660 -23.386045 0.413160 -7.604136 30.988988 0.793584 -6.950223 3.298765 4.705809 -3.876187 14.287832 4.374870 0.945710 -0.066482 0.294532 -0.619925 4.385861 2.550725 -1.058633 -1.787834 2.589044 -1.349767 5.015966 -74.505373 -6.806292 50.217915 25.724737 -34.723361 -8.795811 -3.305797 -1.651606 -17.366098 15.556008 20.856676 6.144133 73.977752 5.830907 54.420452 -18.218633 37.399822 -3.813425 0.233182 -2.650987 -8.435524 -12.462387 1.305781 -2.158796 
2.454295 17.664430 84.488373 -3.961191 2.950139 -0.623020 -19.131410 6.793908 -25.829258 0.150519 5.757503 16.085448 -1.846468 16.037739 23.273301 -0.954781 -3.178208 -1.314829 20.663359 3.366842 -22.026688 0.795450 -6.707980 27.396319 2.074159 -8.525413 6.913632 4.486384 -4.468637 17.817096 3.243876 0.388105 -0.818907 0.765793 -1.095046 4.380032 2.178911 -0.669575 -1.605061 2.592034 -1.295726 5.056278 -74.934092 -5.543627 51.073007 24.437728 -32.673677 -8.904363 -3.344927 -1.752146 -17.270695 15.771862 20.674487 5.710242 74.401404 4.548918 51.468841 -16.641059 34.314663 -3.419492 0.104759 -2.049940 -7.176522 -12.467148 1.101073 -2.454224 
2.455510 17.738618 84.733795 -3.406801 3.491074 -0.142601 -19.619272 6.476397 -24.947703 0.020549 5.802485 15.419489 -1.743125 15.709555 23.235063 -0.954077 -3.414547 -1.798260 20.028613 3.514323 -21.143541 1.294426 -6.573461 25.150443 2.541707 -9.578978 10.338180 4.151581 -4.756455 19.668500 2.377913 -0.117029 -1.583029 1.132561 -1.501994 4.378612 1.883990 -0.364946 -1.287084 2.493236 -1.320920 5.090476 -75.045171 -4.430196 51.708455 23.247237 -30.896207 -9.057448 -3.281676 -2.215043 -16.894751 16.114903 20.368955 5.317770 74.594265 3.173789 48.485114 -14.784763 31.308118 -2.956142 0.195559 -1.359678 -6.403172 -11.898139 1.170156 -2.399624 
2.451154 17.810148 84.976517 -2.765491 4.054335 0.341350 -20.073175 6.298750 -24.192283 -0.317588 5.975853 14.871997 -1.461836 15.146670 23.474302 -0.667668 -3.404212 -2.077755 19.368707 3.617281 -20.099620 1.936880 -5.927963 23.414864 2.631819 -11.140405 12.875251 4.404222 -5.344856 21.518971 1.418231 -0.520910 -2.468690 1.428502 -1.872877 4.448744 1.609586 -0.208113 -0.912883 2.451416 -1.304667 5.053281 -74.983525 -3.316056 52.605096 23.137137 -30.188495 -9.441774 -3.738877 -2.233241 -16.690003 16.270658 20.282715 4.971460 74.575572 1.963999 45.512168 -13.355169 28.784053 -2.538880 0.412667 -0.885713 -4.795588 -11.515544 1.353025 -2.639492 
2.448191 17.882005 85.218529 -2.540471 4.793947 0.663412 -19.995002 6.264181 -23.336923 -0.878114 6.096246 14.367593 -1.320903 14.537049 23.644829 -0.545784 -3.565134 -2.635159 19.195580 4.126079 -19.183390 1.497313 -6.275595 22.977580 2.618978 -11.820201 12.649490 3.955831 -5.865385 22.601514 1.297597 -0.915235 -3.202001 1.313355 -2.209061 4.486084 1.525657 -0.139430 -0.476682 2.385101 -1.380649 5.051420 -74.815260 -2.452508 53.351142 22.781780 -29.549720 -9.371432 -3.855832 -2.168661 -16.502643 16.282289 19.898385 4.601225 74.598762 0.664129 42.970028 -12.315142 26.389942 -2.289726 0.855473 -0.367061 -3.536847 -10.735187 1.508808 -2.711407 
2.441396 17.950479 85.452942 -2.198517 5.420082 0.968481 -19.953731 6.337568 -22.682280 -1.483325 6.366745 14.122189 -1.179243 13.912895 24.017285 -0.166699 -3.562383 -2.946543 19.132126 4.333956 -18.056145 0.842298 -6.537734 22.031539 2.178807 -11.842784 12.571140 3.487401 -7.126057 23.201914 0.971891 -1.175298 -3.895151 1.245353 -2.474648 4.498669 1.461571 -0.153012 -0.051789 2.341620 -1.407103 5.083020 -74.590271 -1.746430 53.911733 22.455407 -29.265469 -9.339522 -4.155098 -2.190125 -16.072323 16.212160 19.865068 4.355604 74.322391 -0.573678 40.513521 -11.264809 24.393202 -1.937347 0.819858 -0.485942 -1.603429 -9.941897 1.575514 -2.754550 
2.440603 18.019300 85.678757 -1.939764 6.294320 1.250980 -19.869705 6.106266 -21.962983 -1.984067 6.669694 13.854052 -0.976319 13.287087 24.502264 -0.149575 -3.627203 -3.155170 19.428630 4.307689 -17.227393 -0.298603 -6.651205 21.510384 1.961783 -12.180284 12.672263 2.656947 -7.842641 23.704053 0.773391 -1.590127 -4.571632 1.138009 -2.668476 4.432594 1.390692 -0.296948 0.464293 2.253790 -1.505578 5.171935 -74.388187 -1.074881 54.252441 21.861482 -28.968220 -8.719152 -4.059446 -2.146516 -15.756187 16.214507 19.459479 4.195216 74.285721 -1.790783 38.251739 -10.572197 22.579374 -1.812705 1.055326 -0.218143 -0.029905 -9.547820 1.833306 -2.588058 
2.436525 18.094537 85.892525 -1.608524 7.145324 1.559521 -19.875692 5.949320 -21.406069 -2.417839 7.093521 13.636557 -0.634378 12.499810 25.380079 0.138673 -3.639899 -3.170657 19.538862 4.331678 -16.417216 -1.191167 -6.834405 20.920375 2.285809 -12.825620 12.666220 1.714722 -8.910579 24.603740 0.502905 -1.986011 -5.284622 1.069333 -2.799127 4.449106 1.306765 -0.567453 1.004033 2.170099 -1.505186 5.220309 -74.353216 -0.661754 53.994842 21.359971 -28.433646 -8.251757 -4.345626 -1.995978 -15.000160 16.187940 19.527938 4.060220 74.027619 -3.114637 36.105195 -9.808185 21.521764 -1.591900 0.914804 -0.570267 1.505150 -8.956507 1.711704 -2.503655 
2.437116 18.171888 86.097572 -1.236674 7.982794 1.935120 -19.986005 5.718900 -21.028430 -2.756460 7.408657 13.602918 -0.352450 11.954326 26.330604 0.087987 -3.689118 -3.089394 19.696144 4.348002 -15.905700 -2.367759 -7.280426 20.565336 2.524608 -13.267889 13.021722 0.840454 -9.525692 25.543294 0.226247 -2.339058 -5.927594 0.940314 -2.863934 4.316684 1.296669 -0.806379 1.564103 2.058699 -1.553380 5.307616 -74.319088 -0.305177 53.471685 20.613613 -27.984029 -7.558375 -4.213605 -1.957861 -14.296130 16.131509 19.393591 4.123497 74.040963 -4.280626 33.798996 -9.221554 20.370080 -1.443048 0.939383 -0.289656 2.521830 -9.078445 1.728857 -2.231503 
2.434580 18.247190 86.292175 -0.922156 8.697252 2.312059 -20.098293 5.435977 -20.819691 -2.828650 7.899271 13.720039 0.131455 11.178114 27.386407 0.266745 -3.545821 -2.802339 19.825701 4.328298 -15.342120 -3.245757 -7.676519 20.016431 3.000479 -13.829922 13.338995 0.300842 -10.076905 26.347532 -0.055263 -2.657518 -6.500542 0.940761 -2.871431 4.296692 1.219292 -1.058727 2.069249 2.032410 -1.564581 5.359486 -74.554952 -0.209772 52.041722 19.606470 -27.093829 -6.446848 -4.358761 -1.657797 -13.316403 16.218021 19.511080 4.184181 74.138996 -5.238793 31.684343 -8.747286 19.680238 -1.430612 0.786598 -0.695419 3.221453 -9.055876 1.811529 -2.167891 
2.443901 18.320131 86.473984 -0.581796 9.228493 2.706498 -20.234954 5.411242 -20.695513 -3.076146 8.181221 13.843894 0.569257 10.582168 28.410614 0.171794 -3.536671 -2.584174 19.832595 4.247514 -14.970098 -3.826156 -7.612222 19.787402 3.567600 -14.752359 13.633102 0.062379 -10.454818 27.272553 -0.143493 -2.869907 -7.051270 0.719793 -2.722212 4.243107 1.214273 -1.338059 2.513072 1.873069 -1.615263 5.546112 -74.813861 -0.146245 50.297684 18.691169 -26.076129 -5.661335 -4.314524 -1.731262 -12.354232 16.360233 19.660829 4.292145 74.329863 -6.180483 29.325856 -8.311981 18.983025 -1.356735 0.805905 -0.763219 3.550004 -9.343145 2.147749 -1.946985 
2.455373 18.403001 86.657516 -0.422044 9.543045 2.976772 -20.144687 5.170082 -20.577053 -3.082884 8.759120 14.188330 0.980498 10.202936 29.508828 0.438808 -3.525720 -2.295431 19.917133 4.223449 -14.412628 -4.240269 -7.878749 19.311874 3.557610 -15.162368 14.485665 0.144482 -11.141114 28.359342 -0.318937 -2.872084 -7.587726 0.758813 -2.630192 4.379637 1.180621 -1.603636 2.908998 1.760506 -1.630556 5.639633 -75.059564 0.057055 47.693292 17.496814 -24.835379 -4.428155 -4.260927 -1.748198 -11.553958 16.348025 19.877939 4.617928 74.659608 -7.071354 27.114953 -8.034963 18.704901 -1.528459 0.679362 -0.968816 3.777238 -9.547344 2.569087 -2.002028 
2.447290 18.455883 86.832588 0.010682 9.705053 3.624335 -20.534958 5.090848 -20.705554 -2.987112 8.768303 14.301680 1.142582 10.057945 30.029183 0.306559 -3.604898 -2.561413 19.631336 4.227981 -14.246341 -4.307339 -7.820957 18.935322 3.385547 -15.373014 14.753257 0.581660 -11.293461 29.577277 -0.678323 -2.784266 -8.018119 0.685717 -2.463383 4.158224 1.175640 -1.853310 3.261601 1.638516 -1.629537 5.802671 -75.455143 0.341392 44.939079 16.593970 -23.411423 -3.723937 -4.224483 -1.983851 -10.719258 16.340840 19.958246 5.139039 74.995166 -7.674998 24.916225 -7.749278 18.366042 -1.669880 0.706771 -1.084856 3.643131 -9.687117 2.878137 -1.844354 
2.445328 18.502828 86.995575 0.199747 9.921829 3.956071 -20.521452 4.795838 -20.720216 -2.925924 9.071236 14.759720 1.320211 9.966362 30.472793 0.460229 -3.849785 -2.677795 19.736971 4.120946 -13.911321 -4.649902 -7.813829 18.659212 3.118957 -15.540149 15.216773 0.876291 -11.645589 31.191696 -0.714983 -2.844294 -8.384645 0.589047 -2.226070 4.272617 1.096323 -2.077836 3.601764 1.524967 -1.637195 5.939744 -75.968324 0.447379 41.755787 15.397112 -21.807884 -2.819574 -4.149107 -2.074849 -10.036361 16.129280 19.877126 5.615092 75.373828 -8.188065 23.097299 -7.653967 18.204208 -1.924413 0.607351 -1.151528 3.530568 -9.802190 3.200499 -1.859147 
2.444486 18.561000 87.161865 0.299150 10.124044 4.426517 -20.432261 4.658559 -20.543623 -3.130076 8.829617 14.685061 1.189376 10.419067 30.778745 0.280076 -3.983799 -2.929850 19.755589 3.940197 -13.799820 -4.693215 -7.898619 18.369761 2.992232 -15.669117 15.907518 1.109119 -11.936371 32.714312 -0.763064 -2.865700 -8.813344 0.534851 -2.059133 4.172844 1.047848 -2.252381 3.980497 1.406908 -1.605533 6.125061 -76.576323 1.112014 38.579481 14.448203 -20.504963 -2.249370 -4.224787 -2.228930 -9.473653 15.984622 19.836265 6.107543 75.748518 -8.657811 21.487232 -7.590726 18.058437 -2.079208 0.715473 -1.222142 3.203992 -9.969812 3.444472 -1.667275 
2.434424 18.591432 87.316849 0.458539 10.225437 4.762538 -20.406950 4.413268 -20.409311 -3.146420 8.735202 14.927344 0.827734 11.026452 30.665047 0.308932 -3.975108 -3.412237 19.698265 3.788236 -13.669828 -4.709538 -8.087549 18.295103 2.749180 -15.457041 16.199381 1.509632 -12.084129 34.016199 -0.941288 -2.810227 -9.105187 0.634297 -1.945309 4.180031 0.935647 -2.311325 4.279737 1.270142 -1.600147 6.290782 -77.304432 1.551240 35.465138 13.396685 -19.300172 -1.844016 -4.213092 -2.151069 -8.924416 15.824618 19.560161 6.556259 76.057479 -8.965522 20.189133 -7.606216 17.950679 -2.317040 0.737961 -1.264120 2.980165 -10.023679 3.655921 -1.586009 
2.420049 18.614042 87.467346 0.586343 10.373366 5.237708 -20.401927 4.098256 -20.315621 -3.126716 8.561877 14.976790 0.359273 11.656773 30.360684 0.256541 -4.030635 -3.926879 19.697230 3.526414 -13.785722 -4.718330 -8.159604 18.303205 2.749467 -15.298141 16.298474 1.740154 -12.014423 34.641242 -1.097599 -2.833935 -9.429874 0.637696 -1.811123 4.057317 0.889906 -2.336591 4.590454 1.162662 -1.567564 6.499383 -77.962436 2.276267 32.797140 12.280643 -18.238690 -1.544638 -4.035657 -2.384955 -8.341468 15.810559 19.510205 6.832003 76.484493 -9.162351 19.151361 -7.610735 17.854215 -2.443221 0.830942 -1.236057 2.631167 -10.043219 3.757096 -1.369160 
2.410847 18.621086 87.607651 0.646377 10.445218 5.552123 -20.310731 3.827029 -20.078859 -3.151867 8.372435 15.040616 -0.022118 12.195067 29.809499 0.237850 -3.999579 -4.368219 19.761836 3.649780 -13.663752 -4.892519 -8.588398 18.300059 2.603563 -14.954707 16.256630 1.848847 -11.999592 34.497879 -1.151222 -2.808274 -9.759366 0.701558 -1.717141 4.119988 0.762588 -2.272880 4.930436 1.062124 -1.592486 6.626950 -78.500322 2.824451 30.483548 11.043555 -17.408590 -1.294658 -3.798805 -2.467810 -7.969016 15.729243 19.260661 7.096322 76.758869 -9.223367 18.397476 -7.582680 17.787044 -2.563873 0.863853 -1.254256 2.387255 -10.044486 3.889042 -1.229380 
2.401572 18.624883 87.748604 0.562862 10.414963 5.857917 -20.067701 3.641071 -19.829422 -3.197107 8.170481 15.026647 -0.530574 12.807077 29.098389 0.240319 -3.970411 -4.674701 19.878328 3.701002 -13.617004 -4.829207 -8.880554 18.381070 2.356962 -14.542274 16.234504 1.989146 -11.731179 33.793456 -1.246136 -2.664987 -10.082236 0.778961 -1.643067 4.212921 0.715071 -2.151837 5.194410 0.958537 -1.580401 6.822339 -78.901143 3.383514 28.760939 10.023485 -16.606350 -1.115867 -3.707170 -2.635646 -7.521526 15.781948 19.052545 7.191737 77.207929 -9.194079 17.866468 -7.591637 17.724709 -2.641752 0.908825 -1.266474 2.109624 -9.954919 3.974932 -1.096154 
2.385657 18.608983 87.880890 0.573380 10.311461 6.183113 -19.984366 3.418552 -19.581041 -3.137057 7.879260 15.016739 -1.081168 13.423343 28.078353 0.156866 -3.895944 -4.999434 19.804114 3.895793 -13.435584 -4.558048 -9.180638 18.303192 2.235861 -14.135819 15.733533 1.833669 -11.330582 32.489095 -1.419841 -2.487094 -10.302981 0.920357 -1.583322 4.210080 0.656604 -1.978777 5.459352 0.907456 -1.572483 6.901030 -79.117818 3.743790 27.613237 9.059067 -16.015808 -1.046044 -3.640632 -2.574807 -7.332203 15.545205 18.773842 7.232592 77.503654 -9.075187 17.588085 -7.549410 17.685123 -2.715219 0.937748 -1.182587 2.099423 -9.890844 3.983160 -1.053653 
2.372005 18.587553 88.002892 0.513251 10.286161 6.476719 -19.832098 3.175292 -19.348216 -3.077658 7.663968 15.004804 -1.381712 13.711912 27.101874 0.010506 -3.871606 -5.276549 19.854336 3.927627 -13.350269 -4.339981 -9.309034 18.335271 2.083279 -13.759025 15.181749 1.545589 -10.858022 31.037966 -1.462340 -2.361404 -10.507895 0.898426 -1.454228 4.319952 0.667102 -1.797160 5.598283 0.812271 -1.528668 7.043443 -79.229620 4.217797 27.018732 8.727637 -15.494603 -1.046163 -3.647840 -2.563785 -7.105339 15.339103 18.575419 7.258138 77.923213 -8.814865 17.496404 -7.514766 17.628811 -2.726717 0.963911 -1.139771 2.005748 -9.761187 3.956091 -1.054175 
2.361916 18.574712 88.124466 0.384735 10.163646 6.678362 -19.630350 3.060259 -18.996188 -3.013048 7.434986 14.876725 -1.609761 13.989190 26.254209 -0.065641 -3.768102 -5.387950 19.896694 4.064503 -13.107468 -3.987744 -9.443682 18.283230 2.070715 -13.566391 14.770925 1.126496 -10.429563 29.461644 -1.498545 -2.132647 -10.717707 0.979992 -1.379247 4.507909 0.639880 -1.633360 5.746186 0.802538 -1.521697 7.113208 -79.125133 4.384204 26.759166 8.292084 -15.050685 -1.081498 -3.765394 -2.497988 -6.877158 15.010232 18.619628 7.143889 78.161929 -8.453688 17.717577 -7.432385 17.626173 -2.734197 0.991134 -1.060030 2.212907 -9.659755 3.841363 -1.094810 
2.350546 18.546941 88.241165 0.286447 9.916678 6.921524 -19.510425 2.971577 -18.755315 -2.848046 7.274105 14.831142 -1.832131 14.145529 25.202941 -0.155740 -3.665522 -5.586544 19.913924 4.067484 -12.909606 -3.551469 -9.303086 18.226316 1.968406 -13.236248 14.099652 0.724573 -10.007421 27.965449 -1.599391 -1.847303 -10.818406 1.018608 -1.208482 4.613419 0.671409 -1.504080 5.827800 0.731626 -1.471321 7.193956 -78.962513 4.735026 26.787660 8.305679 -14.817187 -0.925708 -3.670488 -2.533520 -6.754318 14.723279 18.671946 7.221952 78.517077 -7.972258 18.169949 -7.426007 17.604956 -2.695464 0.983119 -1.085835 2.312405 -9.516391 3.713539 -1.218429 
2.343368 18.522207 88.351662 0.193537 9.709180 7.103808 -19.400219 2.884096 -18.508625 -2.683451 7.175640 14.841079 -1.919915 14.193976 24.290681 -0.238505 -3.631194 -5.640204 19.937301 4.128723 -12.719051 -3.218685 -9.258833 18.275825 1.867604 -12.972933 13.528936 0.304988 -9.619960 26.609362 -1.598863 -1.607933 -10.892064 1.035569 -1.081385 4.791331 0.683014 -1.389018 5.879365 0.717282 -1.433684 7.167422 -78.759924 4.775812 26.966821 8.105611 -14.585282 -0.914050 -3.865631 -2.340978 -6.598817 14.481932 18.769471 7.125079 78.656664 -7.377823 18.945939 -7.339698 17.631228 -2.709330 0.976421 -1.069499 2.558683 -9.357856 3.518547 -1.301384 
2.340915 18.500396 88.463783 0.105838 9.441908 7.337042 -19.327016 2.867726 -18.300661 -2.515382 7.093062 14.790508 -1.954671 14.177976 23.460235 -0.329102 -3.607443 -5.787367 19.927415 4.115535 -12.568099 -2.823209 -9.080896 18.288324 1.834101 -12.745678 12.983064 -0.015224 -9.320984 25.443357 -1.652923 -1.346199 -10.940392 1.027201 -0.912545 4.915643 0.755882 -1.306101 5.866330 0.696156 -1.377429 7.198239 -78.535665 5.005189 27.180177 8.108472 -14.576650 -0.646988 -3.806012 -2.384060 -6.492903 14.294043 18.903539 7.243923 78.885259 -6.655847 20.040512 -7.295370 17.698669 -2.665782 0.959886 -1.233418 2.710919 -9.199434 3.367100 -1.522787 
2.343022 18.478628 88.573692 0.019344 9.131767 7.499816 -19.261011 2.863983 -18.083173 -2.336269 7.067298 14.841637 -1.999722 14.204412 22.633406 -0.395056 -3.580647 -5.872243 19.908476 4.089274 -12.428160 -2.474508 -8.937569 18.430899 1.764381 -12.474333 12.499179 -0.337786 -9.005419 24.592586 -1.669734 -1.094401 -10.968327 1.061371 -0.740657 5.087298 0.765555 -1.245518 5.884858 0.684184 -1.372131 7.158288 -78.398692 5.030917 27.463595 7.939706 -14.459390 -0.648311 -3.835652 -2.288707 -6.377629 13.993502 19.139967 7.172611 78.903351 -5.780427 21.432487 -7.153998 17.758284 -2.731246 0.919292 -1.243327 2.776253 -8.967943 3.055341 -1.633187 
2.348111 18.458127 88.684464 -0.058202 8.823956 7.713868 -19.224995 2.880130 -17.921931 -2.153215 7.061460 14.879472 -2.059285 14.200347 21.854583 -0.433451 -3.568897 -6.010934 19.877018 4.076187 -12.319532 -2.140324 -8.774006 18.548183 1.775872 -12.262121 12.005554 -0.563802 -8.804996 23.917638 -1.743382 -0.853056 -10.979855 1.061581 -0.556716 5.186148 0.853299 -1.200931 5.860529 0.677333 -1.334025 7.176611 -78.263030 5.176251 27.666167 7.829334 -14.503020 -0.472382 -3.850918 -2.304169 -6.301662 13.856386 19.276178 7.238657 79.052518 -4.838442 23.168507 -7.159160 17.853267 -2.828105 0.800407 -1.348068 2.777606 -8.689389 2.732952 -1.912370 
2.358768 18.439584 88.794685 -0.112695 8.519194 7.864999 -19.224638 2.884839 -17.748176 -1.956985 7.096252 15.022502 -2.138668 14.256159 21.130788 -0.463194 -3.572595 -6.102125 19.832478 3.992576 -12.234850 -1.898332 -8.676850 18.775307 1.754942 -11.977292 11.624834 -0.726735 -8.548525 23.407528 -1.759272 -0.641341 -10.973232 1.069552 -0.363174 5.327925 0.905965 -1.164732 5.828409 0.684533 -1.333497 7.163185 -78.257047 5.177560 27.852702 7.569835 -14.415226 -0.445149 -3.804145 -2.251435 -6.247314 13.582393 19.461708 7.168834 79.033059 -3.741274 25.176199 -7.102563 17.937725 -3.030509 0.758157 -1.412905 2.594709 -8.477910 2.395913 -2.039118 
2.372063 18.424152 88.908997 -0.160004 8.239712 8.054204 -19.222048 2.889371 -17.593810 -1.796641 7.153244 15.140566 -2.196628 14.287632 20.502770 -0.510754 -3.581557 -6.222793 19.798453 3.889615 -12.159577 -1.695803 -8.549289 18.964592 1.793676 -11.750354 11.280048 -0.888892 -8.435450 23.018254 -1.801051 -0.441179 -10.961503 1.068991 -0.165002 5.394747 0.992411 -1.155840 5.802409 0.679876 -1.268395 7.150402 -78.244508 5.272446 27.977248 7.394132 -14.450107 -0.400663 -3.818493 -2.231997 -6.131527 13.441404 19.581099 7.140771 79.067474 -2.701148 27.490456 -7.245411 18.131800 -3.290322 0.687789 -1.562255 2.396046 -8.240399 2.143169 -2.315535 
2.390265 18.409734 89.026016 -0.181217 7.951516 8.231994 -19.277426 2.926818 -17.471691 -1.614263 7.211770 15.343571 -2.245331 14.329150 19.924279 -0.556147 -3.580497 -6.273673 19.736277 3.720331 -12.123878 -1.547238 -8.454674 19.220594 1.803362 -11.447108 11.005539 -0.990880 -8.233953 22.758334 -1.818864 -0.237376 -10.957907 1.057570 0.055169 5.476238 1.081788 -1.156225 5.789500 0.684096 -1.263900 7.115720 -78.286362 5.248486 28.126568 7.171600 -14.416096 -0.426934 -3.819772 -2.185312 -6.075756 13.187445 19.754566 7.073252 79.019085 -1.565982 30.012492 -7.380495 18.347254 -3.621512 0.698093 -1.638455 1.982176 -8.047668 1.877567 -2.455385 
2.409194 18.396947 89.147644 -0.211826 7.700769 8.433168 -19.301953 2.947207 -17.374592 -1.457578 7.313266 15.561773 -2.269475 14.326975 19.418542 -0.605287 -3.558501 -6.312837 19.682378 3.573412 -12.068607 -1.396097 -8.366308 19.431433 1.928917 -11.249008 10.730627 -1.136741 -8.162178 22.510207 -1.814994 -0.049575 -10.969004 1.017896 0.244798 5.538204 1.182433 -1.101758 5.783907 0.654166 -1.223315 7.141682 -78.363920 5.293439 28.255706 7.030564 -14.409386 -0.439110 -3.813950 -2.150706 -5.992741 13.030943 19.846152 6.983829 79.017312 -0.595705 32.699917 -7.758897 18.764115 -3.908132 0.608848 -1.767192 1.547489 -7.754129 1.481232 -2.630579 
2.432696 18.386978 89.271904 -0.216736 7.451336 8.627255 -19.386389 2.979491 -17.291309 -1.269723 7.412832 15.826791 -2.279115 14.344057 19.001632 -0.638311 -3.528151 -6.338560 19.600230 3.335494 -12.014898 -1.275977 -8.276509 19.622768 1.963101 -10.963414 10.568188 -1.190906 -8.029417 22.347464 -1.828072 0.130335 -10.974835 0.984941 0.462658 5.562593 1.314868 -1.107921 5.793705 0.667940 -1.214650 7.128831 -78.380397 5.325330 28.399576 6.881442 -14.421755 -0.436055 -3.799959 -2.113169 -5.966643 12.824387 19.907545 6.902066 78.971909 0.366777 35.415909 -8.170512 19.300515 -4.223557 0.633747 -1.950357 0.940969 -7.605759 1.259873 -2.606409 
2.458375 18.377607 89.399582 -0.233907 7.245461 8.833273 -19.440009 3.030219 -17.209486 -1.129249 7.522849 16.074781 -2.214212 14.270771 18.656145 -0.686081 -3.513774 -6.336098 19.561729 3.101238 -11.936312 -1.208807 -8.155791 19.779525 2.027777 -10.750406 10.397044 -1.295082 -8.013983 22.261844 -1.792662 0.336967 -11.009719 0.935498 0.636432 5.625044 1.446699 -1.080265 5.795418 0.613023 -1.168119 7.131054 -78.460094 5.402030 28.590193 6.866261 -14.491726 -0.496723 -3.829607 -2.080817 -5.912369 12.681134 19.969152 6.791150 78.894194 1.120842 38.112513 -8.820294 20.027803 -4.497621 0.604803 -2.136384 0.371615 -7.395699 1.049247 -2.641914 
2.489811 18.368007 89.533005 -0.218053 7.053934 9.058849 -19.553067 3.089079 -17.147436 -0.977710 7.641193 16.353630 -2.113990 14.160827 18.359683 -0.735740 -3.485573 -6.359269 19.480139 2.820641 -11.859746 -1.167812 -8.044172 19.918636 2.004244 -10.467268 10.261504 -1.294683 -7.903012 22.197548 -1.779838 0.519285 -11.071991 0.878553 0.842390 5.687464 1.595379 -1.089013 5.832295 0.580618 -1.161610 7.083784 -78.397212 5.421974 28.880338 6.812295 -14.633645 -0.523275 -3.807758 -2.115889 -5.937615 12.498649 20.041567 6.687857 78.700677 1.800548 40.584116 -9.482091 20.985341 -4.645824 0.697921 -2.223394 -0.446455 -7.380429 0.949524 -2.487923 
2.521664 18.357912 89.669601 -0.211243 6.905592 9.300368 -19.643997 3.133275 -17.101128 -0.837834 7.784055 16.642801 -1.953458 13.976193 18.110329 -0.777856 -3.473732 -6.367779 19.399442 2.527993 -11.780835 -1.087166 -7.880052 20.052458 2.017937 -10.284237 10.100744 -1.292191 -7.847372 22.094651 -1.736960 0.715173 -11.128009 0.846416 0.980908 5.733420 1.728499 -1.061087 5.810647 0.484964 -1.132400 7.106072 -78.481198 5.486694 29.245346 6.908203 -14.819119 -0.564827 -3.765999 -2.115099 -6.008297 12.351841 20.050560 6.585214 78.480492 2.257057 42.881011 -10.445154 22.187755 -4.779134 0.720925 -2.354108 -1.146364 -7.286472 0.773320 -2.401941 
2.558261 18.349800 89.810562 -0.202368 6.795672 9.558817 -19.774693 3.192079 -17.058987 -0.670613 7.890590 16.922398 -1.805873 13.793908 17.915313 -0.793487 -3.491138 -6.397438 19.301282 2.230887 -11.708067 -1.001260 -7.710521 20.189055 2.015507 -10.153853 9.984698 -1.224894 -7.700079 22.096542 -1.697431 0.901048 -11.172950 0.777488 1.123834 5.773586 1.911608 -1.073403 5.803434 0.445754 -1.153716 7.042579 -78.382892 5.495372 29.716825 7.018161 -15.082974 -0.641533 -3.758232 -2.203778 -6.151018 12.250515 20.032561 6.477413 78.206041 2.732008 44.910372 -11.432015 23.489244 -4.880440 0.875911 -2.511114 -2.040737 -7.357417 0.879955 -2.135163 
2.596865 18.339759 89.955841 -0.185979 6.733416 9.831596 -19.883637 3.228589 -17.014475 -0.546461 8.035829 17.203867 -1.600042 13.528182 17.749363 -0.825968 -3.493736 -6.395498 19.215114 1.851291 -11.640257 -0.928094 -7.470620 20.316151 1.968877 -10.035545 9.850010 -1.174556 -7.580488 21.999852 -1.653923 1.061714 -11.229554 0.757484 1.208215 5.839610 2.036078 -1.089829 5.704475 0.371854 -1.107548 7.019574 -78.380780 5.511400 30.269748 7.214993 -15.450666 -0.727212 -3.713101 -2.292675 -6.344194 12.157893 20.025045 6.378065 77.867743 3.070062 46.665511 -12.636026 24.950849 -5.090587 0.894078 -2.508913 -2.749290 -7.382842 0.884617 -1.950187 
2.638898 18.328466 90.104355 -0.145206 6.706589 10.127409 -20.038787 3.289611 -16.983201 -0.422170 8.143201 17.481458 -1.388715 13.237096 17.603719 -0.842809 -3.508777 -6.468926 19.063732 1.465079 -11.602072 -0.787234 -7.198963 20.491666 2.046354 -10.043341 9.660772 -1.145925 -7.420097 21.957351 -1.601446 1.223351 -11.237104 0.685539 1.280571 5.873492 2.197240 -1.097618 5.579780 0.325676 -1.150904 6.886835 -78.225200 5.477026 30.970461 7.494704 -15.933853 -0.867950 -3.656017 -2.466251 -6.659943 12.053960 20.017233 6.281170 77.484782 3.516581 48.076059 -13.779435 26.460369 -5.294246 0.995099 -2.455539 -3.547002 -7.505598 1.040935 -1.753799 
2.681884 18.312509 90.258316 -0.122829 6.722286 10.425436 -20.149098 3.329117 -16.969914 -0.310996 8.294789 17.825974 -1.122442 12.857040 17.430271 -0.846771 -3.518573 -6.543802 18.919150 0.988291 -11.593144 -0.600849 -6.888005 20.718783 2.138384 -10.063300 9.431754 -1.123908 -7.176471 21.812467 -1.528740 1.333628 -11.203907 0.660693 1.314497 5.899703 2.297851 -1.138851 5.381725 0.243949 -1.110110 6.795377 -78.141486 5.399255 31.763304 7.836744 -16.475765 -1.066138 -3.633791 -2.625177 -6.969774 12.016830 20.029431 6.132767 77.072744 3.833517 49.259008 -15.154665 28.057531 -5.702365 1.083547 -2.439246 -4.138742 -7.641787 1.192045 -1.658750 
2.726791 18.296728 90.415970 -0.071654 6.795637 10.716006 -20.303556 3.399265 -16.932751 -0.198586 8.384064 18.163984 -0.910386 12.505490 17.286019 -0.823862 -3.587772 -6.668597 18.729271 0.564900 -11.631365 -0.394842 -6.594994 21.106644 2.370119 -10.298006 9.209301 -1.111954 -6.993633 21.644755 -1.476425 1.435172 -11.074318 0.595591 1.303030 5.901816 2.417530 -1.113090 5.120866 0.209870 -1.192857 6.621526 -77.931407 5.237865 32.657239 8.226287 -17.127439 -1.232272 -3.552346 -2.841466 -7.459772 12.021386 19.963461 6.034560 76.677566 4.271615 50.183325 -16.409258 29.487400 -6.155013 1.220038 -2.321556 -4.764135 -7.740801 1.407645 -1.619322 
2.771154 18.276157 90.576721 -0.043522 6.877195 10.995231 -20.407737 3.415448 -16.875915 -0.083056 8.538138 18.530492 -0.685005 12.124690 17.082391 -0.811955 -3.625410 -6.809642 18.533942 -0.068804 -11.663717 -0.084766 -6.203854 21.443140 2.567396 -10.416385 8.985673 -1.034455 -6.738240 21.346559 -1.402744 1.472270 -10.952907 0.561248 1.298657 5.935641 2.491939 -1.187155 4.819426 0.189717 -1.132144 6.526374 -77.756553 5.058613 33.653914 8.678401 -17.828715 -1.499093 -3.553707 -3.063095 -7.931778 12.060144 20.005592 5.864897 76.361562 4.620743 50.945278 -17.709574 30.868634 -6.689373 1.219450 -2.231537 -5.223938 -7.829933 1.626034 -1.540984 
2.814634 18.256614 90.737885 0.002374 6.982578 11.255610 -20.552037 3.485038 -16.813222 0.063375 8.641193 18.900537 -0.474907 11.756133 16.935077 -0.750869 -3.702773 -7.026861 18.318966 -0.644759 -11.750094 0.227693 -5.832407 21.943526 3.028286 -10.776879 8.791340 -1.213445 -6.473739 21.084548 -1.347476 1.494436 -10.724349 0.476947 1.201727 5.910538 2.554565 -1.108914 4.471381 0.116215 -1.190835 6.350026 -77.446721 4.842988 34.731652 9.209070 -18.604625 -1.729337 -3.403720 -3.355214 -8.529782 12.122493 19.957293 5.788645 76.117138 5.066923 51.618978 -18.814929 32.033128 -7.275727 1.364459 -2.102066 -5.750846 -7.904806 1.963634 -1.565105 
2.852352 18.228078 90.903259 0.031109 7.175500 11.497208 -20.668272 3.523594 -16.722107 0.238997 8.673843 19.329501 -0.328520 11.418542 16.605944 -0.728442 -3.778493 -7.276321 18.107440 -1.160523 -12.010286 0.510335 -5.765323 22.777652 3.269086 -10.994553 8.694264 -1.066402 -6.149355 20.695242 -1.271889 1.406204 -10.474213 0.427205 1.079533 5.917609 2.572056 -1.120179 4.099258 0.064508 -1.127943 6.226531 -77.184719 4.478873 35.965694 9.758860 -19.381710 -2.057993 -3.389827 -3.601237 -9.032925 12.201149 20.057126 5.578463 75.980103 5.509140 52.094403 -19.795787 33.099570 -7.818058 1.416866 -1.987343 -6.219820 -8.006130 2.250372 -1.500768 
2.887867 18.202234 91.071312 0.083884 7.387188 11.658194 -20.801878 3.633106 -16.543219 0.413270 8.652671 19.748741 -0.232041 11.150108 16.364096 -0.612803 -3.946976 -7.564341 17.856240 -1.647319 -12.310303 0.851286 -5.654607 23.885671 3.636416 -11.502352 8.740565 -1.125078 -6.026846 20.218835 -1.203751 1.313411 -10.072414 0.332284 0.876062 5.843811 2.601754 -0.953320 3.711771 0.020632 -1.177074 6.045663 -76.831060 4.177044 37.274374 10.425072 -20.211081 -2.292407 -3.274881 -3.834219 -9.725514 12.369630 19.977110 5.528029 75.896752 5.920779 52.523091 -20.452826 33.956242 -8.328600 1.517958 -1.878598 -6.804427 -8.074933 2.632547 -1.609785 
2.922628 18.174072 91.243095 0.133530 7.625887 11.883277 -20.936475 3.636040 -16.350345 0.622425 8.655434 20.090583 -0.148707 10.907034 16.070698 -0.571879 -4.058518 -7.886745 17.638432 -2.262223 -12.722741 1.222209 -5.407156 25.057792 3.948775 -12.056088 8.816802 -1.111619 -5.856343 20.047505 -1.126001 1.062777 -9.773167 0.297025 0.761050 5.848154 2.594730 -0.931961 3.277018 0.007506 -1.091428 5.961006 -76.501346 3.660484 38.782332 11.081632 -21.018230 -2.666391 -3.348389 -3.986178 -10.321880 12.497861 20.078056 5.321841 75.939331 6.287949 52.725616 -20.885519 34.782883 -8.677484 1.531964 -1.771658 -7.487846 -8.205205 2.940582 -1.587239 
2.952880 18.147428 91.421844 0.202081 7.887148 12.070801 -21.108399 3.660334 -16.052350 0.882610 8.581802 20.360203 -0.084123 10.737559 15.819284 -0.459956 -4.218023 -8.271602 17.514353 -2.677112 -13.069893 1.354320 -5.344938 26.253143 4.098308 -12.668453 9.109246 -1.089899 -5.431449 19.315708 -1.088835 0.748774 -9.322236 0.240208 0.586599 5.706604 2.619280 -0.721532 2.876475 -0.066675 -1.097217 5.759926 -76.154794 3.308950 40.433869 11.866124 -21.931537 -2.952033 -3.314604 -4.095000 -11.016857 12.710734 20.049605 5.235512 76.094285 6.492809 52.956018 -21.056814 35.425467 -9.066390 1.593778 -1.555604 -8.341819 -8.397760 3.309376 -1.787525 
2.981923 18.120103 91.612045 -0.079348 8.530922 11.936424 -20.861151 3.790349 -15.460888 1.200471 8.401855 20.676753 -0.083726 10.507905 15.524752 -0.340709 -4.287036 -8.732342 17.740385 -2.833444 -13.739158 1.227054 -6.114617 28.425190 4.832512 -13.695826 10.163357 -1.049604 -5.465394 18.728417 -0.337796 0.309634 -8.450944 -0.056221 0.244219 5.530374 2.699956 -0.606196 2.478149 -0.098961 -0.995864 5.605291 -75.968690 2.636145 42.245341 12.589070 -22.646243 -3.366561 -3.366457 -4.139981 -11.594991 12.857203 20.164540 5.022616 76.262212 6.700780 52.969337 -20.838051 36.018979 -9.055627 1.448811 -1.346629 -9.447481 -8.792921 3.627642 -1.775633 
3.012293 18.094320 91.812866 -0.478798 9.233722 11.697692 -20.440902 3.981837 -14.735293 1.455332 8.151044 20.967109 -0.216142 10.426593 15.221133 -0.180585 -4.469504 -9.083070 18.220024 -3.380067 -14.810817 0.612797 -7.272807 30.967390 5.092025 -13.791758 8.217567 -1.275731 -5.505693 18.129046 0.631675 -0.233203 -7.392464 -0.444932 -0.116366 5.358075 2.875016 -0.309885 1.912683 -0.137313 -0.905855 5.460845 -75.812237 1.950401 44.007972 13.297695 -23.451454 -3.709004 -3.339663 -4.200725 -12.261331 13.083219 20.184479 4.872309 76.337903 6.767872 52.909836 -20.582073 36.559287 -9.138574 1.461015 -1.008684 -10.388490 -9.339345 3.935215 -2.158121 
3.037253 18.071588 92.027740 -1.036429 9.844376 11.357392 -19.879873 4.298948 -13.913482 1.820393 7.906013 21.208513 -0.327424 10.397659 15.007782 -0.003952 -4.628953 -9.457188 18.571726 -3.619590 -16.053520 0.331103 -8.539482 33.786648 5.247313 -14.278844 6.360363 -0.942127 -5.246960 17.334811 1.801612 -0.754593 -6.166528 -0.807186 -0.457852 5.088139 2.975707 -0.029613 1.366190 -0.155606 -0.832770 5.361809 -75.813417 1.049199 45.795399 13.985601 -24.114939 -4.093395 -3.457532 -4.227952 -12.877910 13.333112 20.336259 4.733504 76.496653 6.657134 52.747882 -19.903523 36.755297 -8.780893 1.347012 -0.804103 -11.575788 -10.012599 4.151944 -2.091842 
3.066366 18.046712 92.252426 -1.648484 10.474002 10.977498 -19.205379 4.582260 -12.978862 2.093798 7.633284 21.395319 -0.325273 10.404113 14.825451 0.003502 -4.787177 -9.821461 19.187932 -3.936104 -17.682737 -0.693034 -10.089184 36.855689 4.428813 -13.727384 3.952242 -0.914095 -5.348620 16.091696 3.103324 -1.463588 -4.750324 -1.356004 -0.713446 4.829727 3.215087 0.306839 0.651522 -0.244370 -0.650029 5.142194 -75.750251 0.043773 47.453713 14.811304 -25.043198 -4.620967 -3.516317 -4.257169 -13.546149 13.584626 20.527424 4.679475 76.557018 6.306788 52.553543 -19.419859 36.841861 -8.590020 1.371581 -0.436665 -12.269398 -10.903911 4.218233 -2.366331 
3.087661 18.017610 92.495407 -2.247444 11.103076 10.643837 -18.559493 4.916089 -12.079454 2.461111 7.273770 21.609107 -0.452326 10.502222 14.640396 0.121868 -4.868372 -10.221947 19.717947 -3.259420 -20.002408 -2.026267 -12.110573 40.483769 3.328825 -13.235333 1.129467 -0.968841 -5.640647 15.934061 4.297885 -2.110174 -3.488420 -1.687608 -1.141812 4.651577 3.333402 0.560306 -0.070808 -0.198020 -0.465247 4.922495 -75.875889 -1.227952 49.075009 15.458540 -25.827213 -5.194643 -3.598782 -4.195027 -14.138077 13.750905 20.694842 4.641886 76.639012 5.789551 52.261291 -18.798552 36.778254 -8.017590 1.377692 -0.272092 -13.082300 -11.622419 4.196045 -2.213973 
3.106072 17.986749 92.752884 -2.830090 11.667947 10.421579 -17.896879 5.176614 -11.125360 2.779927 6.909760 21.630015 -0.640860 10.691176 14.444609 0.261843 -5.014984 -10.524542 20.109830 -2.693066 -22.538249 -2.863013 -13.525192 43.795307 2.654504 -13.237921 -2.238476 -0.224035 -5.302495 15.392043 5.471375 -2.885106 -2.137230 -2.061918 -1.354730 4.337019 3.490635 0.903022 -0.849719 -0.177605 -0.345980 4.660850 -75.863072 -2.452899 50.566117 16.303195 -26.985514 -5.804753 -3.674179 -4.207550 -14.939744 13.942711 20.910633 4.661014 76.582292 4.946900 51.806556 -18.193335 36.346447 -7.536334 1.494787 -0.048272 -13.264662 -12.606171 3.989956 -2.442431 
3.120383 17.953767 93.020027 -3.298388 12.007903 10.284587 -17.368273 5.504971 -10.218208 3.102502 6.559578 21.623471 -0.800087 10.985725 14.355688 0.392280 -5.169918 -10.840957 20.845894 -1.889238 -25.342656 -4.573044 -14.910891 46.720100 1.835743 -12.021704 -6.251618 -0.027852 -5.372881 15.133537 6.430438 -3.567189 -1.039149 -2.286930 -1.538466 4.101228 3.523105 1.106446 -1.610203 -0.079167 -0.208780 4.412539 -75.976574 -3.749458 51.952071 17.207165 -28.109100 -6.505780 -3.930869 -4.245085 -15.667608 14.207955 21.188381 4.795824 76.574907 3.766152 51.141601 -17.602407 35.768528 -6.888722 1.551358 0.033028 -13.457193 -13.289630 3.687254 -2.318838 
3.137339 17.913038 93.303558 -3.623858 12.291515 10.354687 -17.028784 5.793344 -9.416533 3.441911 6.140491 21.588167 -0.946411 11.352324 14.245042 0.445868 -5.272431 -11.222426 21.065210 -0.549781 -28.715844 -5.196876 -15.744553 48.370763 0.581912 -10.892378 -10.362211 -0.122679 -5.968845 15.054372 7.152504 -4.296252 -0.179091 -2.512107 -1.694608 3.930738 3.630430 1.486837 -2.371079 -0.055259 -0.058069 4.117905 -76.100262 -5.052727 53.385499 18.553189 -29.501038 -7.417380 -4.107143 -4.184458 -16.647238 14.302097 21.451894 5.026793 76.416371 2.429608 50.302680 -16.910138 35.037702 -6.406562 1.575014 -0.018793 -13.146608 -13.817978 3.107741 -2.377871 
3.149847 17.858388 93.609856 -3.801397 12.394341 10.677332 -16.844507 6.083715 -8.777796 3.791515 5.831641 21.544646 -1.068637 11.675610 14.068380 0.588474 -5.303087 -11.602428 21.152035 0.541280 -31.804920 -5.230046 -15.397965 48.444875 -0.520514 -9.129546 -14.273485 0.619476 -6.429195 14.398089 7.642763 -4.822053 0.253816 -2.536678 -1.848777 3.890707 3.557285 1.675011 -3.136582 0.082555 0.139713 3.823497 -76.116979 -6.335965 54.788486 20.027748 -31.316947 -8.429332 -4.186661 -4.152016 -17.675793 14.280911 21.903748 5.276703 76.109664 0.816593 49.273064 -16.308814 34.265008 -5.979500 1.502089 -0.182551 -12.807334 -14.136332 2.683928 -2.349275 
3.164485 17.793806 93.927368 -3.791955 12.646166 11.172041 -16.909984 6.344865 -8.076769 4.177604 5.266309 21.250191 -1.271033 12.085637 13.760335 0.691493 -5.405352 -12.021291 21.199100 2.089355 -34.156059 -4.935475 -14.937149 47.601234 -1.697175 -7.303518 -18.196250 0.726687 -6.472108 14.224034 7.833299 -5.503731 0.610173 -2.472877 -2.030810 3.811280 3.545178 2.032749 -3.828614 0.219645 0.220474 3.438340 -76.011429 -7.597679 56.393253 22.109659 -33.571311 -9.534359 -4.210963 -4.090140 -18.922399 14.235132 22.443663 5.364898 75.710259 -0.806106 48.218252 -15.665324 33.519597 -5.682521 1.431434 -0.306877 -12.359679 -14.482539 2.273887 -2.370608 
3.173618 17.717111 94.254608 -3.632643 12.971136 11.741946 -17.105954 6.537893 -7.306492 4.581752 4.657065 20.853949 -1.543767 12.558740 13.334580 0.921382 -5.575108 -12.510459 21.375410 3.006427 -36.408839 -5.075081 -14.743237 46.036436 -2.028030 -6.946253 -19.065684 1.265572 -6.652641 14.564796 7.804806 -6.184043 0.752846 -2.290262 -2.404134 3.818969 3.488978 2.296897 -4.526093 0.374544 0.401293 3.143660 -75.681994 -8.927795 57.819925 24.810915 -36.440309 -10.964617 -4.053305 -3.822010 -20.379864 14.081320 22.784439 5.659868 75.315187 -2.377518 47.479939 -15.137562 32.802571 -5.531167 1.359135 -0.639928 -12.000801 -14.361107 2.068307 -2.247126 
3.182677 17.630758 94.592499 -3.292187 13.510706 12.356133 -17.378030 6.755265 -6.369242 4.888514 3.882386 20.225152 -1.682486 12.899449 12.961671 0.861462 -5.595254 -13.242801 21.116177 3.647381 -39.014221 -4.412835 -13.574253 41.588992 -1.815279 -7.005597 -17.328980 1.659279 -6.387269 14.436491 7.655668 -7.063041 0.853527 -2.136399 -2.809432 3.956747 3.463392 2.656623 -5.231006 0.532186 0.523547 2.799560 -75.192980 -10.332312 59.396827 28.125488 -39.262855 -13.064688 -3.821562 -3.497810 -21.992184 13.902066 22.790163 5.666733 74.678520 -3.817938 46.823356 -14.676462 32.412588 -5.566562 1.292151 -0.851411 -11.502552 -14.127777 1.759098 -2.244278 
3.182045 17.529781 94.941269 -2.804890 14.295077 12.966817 -17.660840 6.987320 -5.316508 5.218849 3.057735 19.497185 -1.766294 13.032931 12.580123 1.021620 -5.547838 -14.076040 20.582822 3.560089 -41.285175 -3.532775 -12.674310 37.068704 -1.260353 -7.526833 -14.725493 2.051168 -6.011133 14.249690 7.356806 -8.117870 1.095099 -1.800333 -3.415659 3.876165 3.438941 2.916879 -5.894291 0.624618 0.668750 2.449851 -74.476700 -11.896003 60.936652 32.635133 -42.680177 -16.100763 -3.640080 -2.926855 -23.463356 13.564098 22.625200 5.640078 73.950131 -5.168053 46.556949 -14.568918 32.178707 -5.637755 1.402523 -1.018533 -11.151767 -13.777844 1.680172 -2.226901 
3.179853 17.418580 95.309448 -2.108979 15.570047 13.530809 -17.986491 7.137735 -4.015556 5.686838 2.238343 18.563347 -1.791478 12.898653 12.428815 1.151418 -5.456341 -15.122594 19.788630 3.170718 -43.254595 -2.811342 -12.040879 32.253616 -0.437297 -8.994688 -10.204941 2.501891 -4.889279 13.657988 6.965608 -9.511022 1.483221 -1.486108 -4.159565 3.825697 3.403790 3.188375 -6.478027 0.792321 0.794197 2.114018 -73.762205 -13.655518 62.721260 37.616102 -46.070538 -19.580530 -3.137497 -2.314904 -24.815421 13.356466 22.476311 5.495397 73.075900 -6.172435 46.631493 -14.433992 32.179691 -5.978370 1.209333 -1.069658 -10.872194 -13.184484 1.603336 -2.080716 
3.174095 17.292181 95.701126 -1.347679 17.124842 13.997413 -18.103132 7.327505 -2.602738 6.071105 1.355756 17.775938 -1.997895 12.797854 12.305179 1.233547 -5.573939 -16.256220 18.840665 2.529730 -44.963690 -2.289940 -11.903572 28.648198 0.415414 -10.661798 -5.486628 2.962184 -3.737515 12.689154 6.670391 -11.002266 1.985907 -1.237083 -5.129729 3.823488 3.375221 3.318931 -7.149027 0.939239 1.034652 1.906446 -72.830153 -15.901257 64.522431 43.540327 -49.349396 -24.091167 -2.612073 -1.886587 -25.557894 13.356791 21.893197 5.173256 72.206290 -6.970115 47.136958 -14.824725 32.453787 -6.304824 1.278889 -0.891224 -10.956489 -12.753608 1.370144 -1.998231 
3.168634 17.163711 96.116333 -0.792403 18.748447 14.434143 -17.946587 7.435389 -1.120739 6.638913 0.675033 16.887801 -2.037527 12.643699 12.481598 1.120430 -5.704758 -17.324419 18.026275 1.489684 -46.264823 -2.115343 -12.157767 26.492378 1.266310 -11.929111 -1.449758 3.089619 -2.917862 12.140601 6.613016 -12.571113 2.561243 -0.977561 -6.019565 3.682400 3.404333 3.562183 -7.773685 1.007657 1.163952 1.611227 -71.930024 -18.082647 66.401631 50.053168 -52.577250 -29.074909 -1.278886 -1.508456 -25.846358 13.778610 20.725181 5.062231 71.144652 -7.537926 48.052823 -15.168602 33.056267 -6.660557 1.011933 -0.910728 -11.463332 -12.177892 1.493327 -1.977120 
3.165600 17.029148 96.551064 -0.280694 19.997678 14.863009 -17.511385 7.731949 0.126677 6.789896 0.102319 16.460149 -2.218223 12.766665 12.896980 0.847570 -6.063087 -18.431511 17.064183 1.011631 -47.489372 -1.971821 -13.095019 26.251301 1.577226 -12.895710 0.918577 2.945562 -2.074883 11.769981 6.896529 -13.769165 2.967379 -1.035414 -6.961179 3.596818 3.522973 3.792431 -8.403300 0.998249 1.354778 1.528448 -71.287777 -20.585182 68.752396 56.424157 -55.141017 -34.683712 -0.228864 -1.293588 -25.414769 13.844658 20.304776 4.721551 70.261020 -8.014353 49.130181 -15.934137 33.546436 -7.106132 0.962224 -0.420139 -12.101886 -11.999227 1.376604 -1.820220 
3.160069 16.907005 97.012955 -0.158662 21.182937 15.314891 -16.711239 7.794230 1.188226 7.101633 -0.145270 16.131149 -2.321466 13.072752 13.838427 0.653461 -6.446894 -19.674625 16.661634 0.788676 -48.659340 -2.253867 -14.215587 27.744911 2.522515 -13.623069 1.240783 2.530826 -2.333813 12.913229 7.659532 -14.990473 3.169602 -1.179300 -7.600972 3.278120 3.677574 3.920202 -8.863664 1.082008 1.565822 1.393671 -70.809077 -22.913872 71.105400 63.231622 -56.711887 -41.398489 0.559956 -0.788571 -25.391866 13.586468 18.660500 5.346857 69.515185 -8.400866 50.156075 -16.545435 34.445215 -7.408751 0.665127 -0.575931 -13.275806 -12.004077 1.671256 -2.017071 
3.156399 16.797453 97.495956 -0.211596 21.685111 15.968715 -15.760012 7.978240 1.762580 7.049859 -0.208655 16.174909 -2.490524 13.920644 15.354087 0.395644 -6.996969 -21.030879 16.372179 0.961755 -49.277638 -2.130436 -15.377814 29.532287 2.448778 -13.536442 0.090160 2.566830 -2.765139 13.599675 8.740526 -15.635490 3.064158 -1.553979 -8.125919 2.862945 3.966247 4.163470 -9.313836 0.990636 1.720449 1.449136 -70.981825 -25.383176 73.794927 67.733671 -57.773164 -46.539422 0.970998 -0.561759 -24.878419 13.975572 17.948684 5.479903 69.034689 -8.741810 51.167149 -17.265304 34.955483 -7.753654 0.361309 -0.102957 -14.606682 -12.279967 1.544100 -1.915407 
3.152543 16.711641 98.009720 -0.508568 22.293274 16.595967 -14.619286 7.800617 2.286735 7.170502 0.016442 16.216269 -2.795553 15.299065 17.726179 0.545773 -7.551410 -22.677197 16.559974 1.174087 -49.750900 -2.456053 -16.710391 31.740946 2.566624 -13.151764 -1.697134 1.520007 -3.609723 15.237322 10.209028 -16.170739 2.542556 -1.893113 -8.559208 2.784132 4.126503 4.350505 -9.910122 0.959761 1.877960 1.319667 -72.191563 -27.911358 77.127433 69.587288 -58.490187 -48.319388 1.810482 -1.035030 -24.967371 14.740813 17.873644 5.763017 68.615526 -9.007338 51.763475 -18.183954 35.616724 -8.498434 0.334197 0.098913 -15.948410 -13.087661 1.604289 -2.415900 
3.148771 16.650221 98.540451 -0.626110 21.746411 17.060352 -14.146698 9.185286 2.046115 7.395575 1.729090 16.203658 -3.051363 18.870390 21.257421 1.058511 -7.711895 -24.583763 16.584061 2.109847 -49.386217 -2.899851 -17.919128 34.074640 1.976659 -11.869188 -5.207379 1.253068 -4.665674 15.748443 10.998194 -15.963782 2.556092 -2.114605 -8.668794 2.509276 4.148295 4.634455 -10.363749 0.774289 1.926849 1.277644 -74.300982 -29.876784 80.841566 67.476017 -59.630300 -45.520016 2.687334 -1.910554 -25.417871 14.806843 17.883265 5.498366 68.897196 -9.075071 51.958872 -18.843089 35.793553 -8.952920 0.066867 0.460246 -17.310654 -13.861726 1.540999 -2.541666 
3.143542 16.600620 99.105621 -0.812039 20.926454 17.445595 -13.797373 10.154835 1.582536 7.908087 4.106404 16.643266 -3.441473 23.386485 25.588609 1.879233 -7.577928 -26.245306 16.986843 2.715952 -48.625689 -3.156983 -18.928984 35.913095 1.198510 -10.177153 -8.500683 0.563307 -4.965565 16.134834 11.731281 -15.513698 2.399931 -2.387887 -8.553930 2.572476 4.195546 4.916830 -10.991128 0.595627 2.051235 1.202314 -76.613519 -31.332484 84.403003 65.401250 -60.349911 -42.288063 2.424111 -2.455645 -25.657659 15.148492 17.850863 4.809504 69.624405 -9.104815 52.323476 -19.667244 35.757458 -9.759378 0.297569 0.861870 -18.602378 -14.954420 1.527525 -2.655223 
3.138854 16.584714 99.703026 -1.006576 19.938566 17.762700 -13.308999 11.031730 1.065869 8.324153 6.560480 17.098956 -3.847579 28.675856 30.958882 3.110615 -7.346693 -27.295059 17.607053 3.734201 -47.078229 -3.692391 -19.545872 36.906760 0.507438 -8.950940 -11.416180 0.600084 -5.401874 15.178797 12.184227 -14.798655 2.552303 -2.436146 -8.370923 2.309113 4.105623 5.201662 -11.502993 0.354507 2.085887 1.264365 -78.247993 -31.548787 86.997535 62.615216 -60.873759 -39.282745 2.258558 -3.413905 -25.914689 15.504589 17.512295 4.283231 70.787620 -9.339933 51.740897 -20.061506 35.626404 -10.073482 0.176496 1.003636 -19.820064 -15.221619 2.054265 -2.842355 
3.134210 16.570102 100.325005 -0.911606 17.719575 17.556231 -13.749267 10.549277 0.889518 8.192575 8.112858 19.479423 -3.846288 31.089534 33.764366 3.335279 -7.678666 -27.732709 18.119194 4.625158 -44.819767 -4.181341 -19.942965 38.016780 -0.328767 -7.175284 -13.948743 0.305705 -5.152265 14.095389 11.486731 -13.378155 3.436047 -2.242465 -7.844848 2.257845 3.762316 5.532448 -11.907281 0.146143 2.172665 1.049841 -78.943567 -31.480558 88.088006 61.844415 -61.478305 -38.299363 1.340255 -3.670624 -26.237122 15.676048 17.429553 3.464372 72.555162 -9.596142 51.279964 -20.647185 34.959033 -10.375710 0.544748 1.732278 -20.141799 -16.061276 2.073774 -2.907879 
3.131100 16.564270 100.970779 -0.795352 15.244866 17.148538 -14.270453 9.840047 0.631578 7.919629 9.351297 22.439545 -4.411273 33.834475 35.817039 3.599338 -8.236573 -27.380835 18.979184 5.398754 -42.027973 -4.862839 -19.637934 38.834933 -0.865810 -5.730056 -16.227239 0.125507 -5.261014 12.642316 10.397995 -11.843841 4.837563 -1.857809 -6.991045 2.069929 3.339926 5.694317 -12.317300 -0.054241 2.248687 1.035405 -78.440407 -30.494658 87.346533 62.513003 -61.906131 -38.840831 1.169853 -3.971004 -26.653722 16.023403 16.806956 3.511915 74.633398 -9.504633 50.400709 -20.290186 34.300058 -10.261668 0.170857 1.510166 -20.835942 -15.906099 2.931026 -2.687335 
3.130795 16.543989 101.634201 -0.381313 12.203249 16.369657 -15.115072 8.996835 -0.742903 7.648971 10.849208 27.758621 -4.250121 34.750008 37.493322 2.522175 -8.530167 -25.933947 19.535858 5.237846 -38.727875 -4.637028 -18.726692 39.548368 -1.736819 -4.255149 -18.639652 0.272005 -5.211693 11.552867 8.574774 -10.073939 6.878496 -1.146445 -5.942486 1.796759 2.738816 5.943553 -12.695028 -0.311863 2.194013 0.842500 -77.180498 -28.870240 84.773929 62.638480 -62.481915 -39.213911 0.490812 -4.209782 -26.948236 16.080334 16.662640 3.369866 76.645545 -9.336276 49.358798 -20.556990 33.663544 -9.893097 0.102949 1.405714 -20.379315 -16.426889 3.697831 -2.800671 
3.118620 16.536132 102.299072 0.193341 9.472321 15.211854 -16.322798 8.263946 -3.025583 8.398759 13.703065 34.369186 -3.749541 34.272799 37.249231 0.922812 -8.330000 -24.642150 19.873688 4.491142 -35.096188 -4.245091 -17.545353 40.238393 -2.025226 -3.281778 -20.410794 0.124538 -4.939843 10.854415 6.828523 -8.382415 9.073874 -0.487755 -4.801107 1.626526 2.103509 5.880689 -12.920452 -0.603340 2.241103 0.583456 -75.349366 -25.859837 80.828311 64.516764 -62.020099 -40.869878 -0.346854 -4.374816 -27.862454 16.296563 16.141059 4.019781 78.161317 -7.569971 47.684115 -19.881998 32.889915 -9.196012 -0.139831 0.446632 -20.698568 -15.964800 4.232535 -2.837493 
3.105626 16.517750 102.944366 0.778085 7.104742 14.514614 -17.825325 8.084769 -7.348383 10.710858 16.154485 42.792088 -3.910483 31.449484 34.772604 0.277888 -7.425707 -23.682815 20.233853 3.421402 -31.637878 -3.847503 -15.971800 39.986902 -2.752940 -2.354765 -22.392819 0.585562 -4.901290 9.785728 5.287197 -6.769406 10.860227 0.332906 -3.737106 1.604660 1.302763 5.759898 -13.401663 -0.862397 2.311635 0.282629 -73.953626 -22.494242 76.036720 61.846195 -60.590078 -39.031120 -1.281137 -5.148913 -28.447117 15.253127 16.230623 4.087926 79.146061 -4.656994 45.494161 -19.724672 32.553324 -9.177747 -0.128099 -0.357900 -20.415987 -15.688169 4.662599 -2.714592 
3.101065 16.515617 103.567642 1.213324 5.222535 13.732112 -18.014322 6.581482 -12.884114 12.404107 18.298001 53.015569 -4.057682 27.415059 31.035574 0.824907 -6.769938 -22.869826 20.337979 2.300494 -28.319558 -3.564626 -14.877335 39.741377 -3.154041 -1.660546 -23.215000 0.499168 -4.294547 9.239458 4.285412 -5.018664 12.062309 1.001682 -2.971205 1.774419 0.605540 5.703468 -13.960500 -1.116851 2.137406 0.127378 -72.721292 -18.062879 70.921449 55.940896 -57.146877 -34.534643 -0.774596 -6.204741 -28.996182 14.042911 16.642883 4.894614 80.195612 -0.430951 43.939413 -19.678859 31.791819 -9.163189 0.568121 -1.357322 -21.212122 -15.682207 5.585628 -2.806566 
3.095170 16.534162 104.196075 1.302954 4.434484 13.323927 -17.745765 4.322134 -19.660392 14.235395 20.269431 62.766526 -4.287727 22.292998 24.242126 2.033329 -6.461428 -22.574012 20.648071 0.916497 -25.120403 -2.943189 -13.857215 38.657509 -3.498007 -1.548815 -23.507329 0.939855 -3.928338 8.671723 4.227595 -4.078603 12.621452 1.385286 -2.271336 2.155672 0.022101 5.494297 -14.700800 -1.483099 1.989474 0.209368 -73.227006 -13.283072 66.941558 43.151952 -51.906385 -25.099828 1.036247 -8.531644 -28.561574 14.083755 17.560328 6.482565 80.641367 5.277385 42.246852 -19.760506 31.835359 -8.879642 0.633279 -0.805771 -21.425133 -15.478298 5.227368 -3.108657 
3.107290 16.528932 104.861313 1.085360 3.935589 13.475243 -17.493730 2.832813 -25.547890 14.805770 21.028943 69.608086 -3.617105 16.205849 14.311292 2.409978 -7.404341 -21.860916 21.263791 -0.235894 -22.177356 -2.946138 -13.265766 37.047750 -3.579694 -0.854283 -23.655992 0.852820 -3.175621 7.528476 4.792659 -2.814123 12.188958 1.407246 -1.783331 2.465447 -0.390860 5.117499 -15.085791 -1.756921 1.862102 -0.033608 -73.719631 -8.083893 63.455203 34.432749 -46.117168 -18.592225 1.601041 -9.088698 -27.760288 14.746452 18.481901 8.646936 80.788693 10.839868 41.597524 -21.044097 33.156496 -8.629663 1.178123 -0.541698 -21.998565 -16.075336 6.353670 -3.457371 
3.116705 16.538143 105.567795 0.967098 3.457991 13.270869 -17.401957 0.417021 -31.265521 16.001473 21.698070 73.730992 -2.862732 9.594226 5.323744 2.571719 -8.077252 -21.256421 21.643854 -1.481289 -18.260389 -2.559155 -12.345372 34.606647 -3.602643 -0.794322 -23.324060 0.852276 -2.454792 6.554032 5.316671 -1.707783 12.295658 1.311526 -1.017856 2.708234 -0.584107 4.774408 -15.520075 -2.277766 1.481695 0.003913 -74.288994 -2.864551 61.065048 27.573724 -41.766656 -13.029975 -0.412248 -8.629288 -25.095889 14.926925 21.241437 8.936933 80.940878 16.467071 44.079848 -25.209828 35.231170 -9.798839 1.313011 0.509697 -22.181702 -16.857894 5.576491 -4.082339 
3.121020 16.584274 106.299210 1.233129 3.111630 13.612375 -17.485614 -1.836973 -36.196366 17.817643 21.544398 75.906800 -2.225038 6.269733 0.585265 2.487262 -8.130808 -21.227311 21.482770 -2.959620 -14.852496 -2.205112 -11.615344 31.713976 -3.099374 -0.541707 -21.643806 0.811647 -1.913552 5.335430 5.425365 -0.861336 11.328488 1.194007 -0.343366 3.406775 -0.695525 4.571704 -16.251095 -2.709075 1.248031 0.190740 -73.487237 2.990106 59.262240 21.776409 -39.992635 -8.017802 -0.656645 -7.471187 -23.008645 15.779765 22.063952 7.739402 82.310598 21.456759 49.741042 -30.946840 37.386590 -11.469681 0.414032 1.786018 -22.080759 -17.462491 4.522060 -4.503432 
3.125147 16.608743 107.061569 1.487988 2.243244 14.090093 -17.796137 -3.380617 -40.447367 19.042552 21.106235 76.660478 -2.005532 6.049559 -0.262531 2.816533 -8.641326 -21.403892 21.175795 -3.850432 -11.687191 -2.005220 -10.770523 29.428222 -2.278582 -0.848069 -19.360284 0.690493 -1.481870 4.185011 5.151704 0.125037 10.744885 1.473412 0.596363 3.755796 -1.038911 4.264147 -16.720948 -3.056019 1.189187 0.238008 -72.189861 7.247978 58.135198 15.756200 -37.904315 -2.493998 -1.611937 -6.502834 -21.575850 16.521673 22.806010 5.089144 83.567337 26.522770 55.165646 -35.320253 39.263003 -12.140372 -1.317292 1.595258 -22.176746 -15.905804 4.496646 -3.941411 
3.118358 16.646161 107.848907 2.072982 1.055750 14.307455 -17.856537 -4.394523 -43.345404 20.665474 21.653595 76.590179 -0.204717 4.372657 -0.752242 2.802553 -9.169630 -22.483727 20.502918 -4.574207 -8.509409 -2.341619 -10.140943 27.577586 -1.333619 -1.649198 -15.594217 0.523347 -1.384038 3.209713 4.141372 0.981111 9.975477 1.803526 1.331483 4.513384 -1.043398 3.951670 -16.980703 -3.449382 1.422192 0.150673 -70.627779 10.938324 57.375516 11.788611 -35.212926 1.817830 -2.355430 -6.085075 -20.295922 16.525380 21.809544 5.196202 83.738256 31.278539 55.963841 -38.754391 42.220986 -13.271148 -1.610045 -1.413624 -21.276436 -13.568025 5.845770 -4.290493 
3.112554 16.689857 108.634529 2.475292 0.145174 14.450003 -17.933659 -5.382930 -45.449885 20.825080 23.094966 75.350127 1.245936 3.970368 0.211822 2.673100 -9.416958 -22.870642 20.118929 -5.731883 -6.327811 -3.028259 -9.609230 27.153547 -0.540591 -3.570858 -10.467049 0.448950 -1.408036 2.896930 3.393776 1.203844 9.459564 2.101800 2.439532 4.753628 -1.089318 3.379209 -16.919040 -3.789021 1.844219 0.042302 -70.232741 12.369623 56.686524 8.027060 -32.796278 6.287214 -3.233253 -5.647258 -20.451098 14.578090 22.121110 4.663476 83.354010 33.126717 55.480068 -42.447452 44.590304 -15.599327 -1.955854 -4.253426 -19.278921 -14.908314 7.830587 -4.194162 
3.105140 16.685789 109.441971 2.482302 -0.332859 14.602840 -18.074082 -5.684525 -45.811632 20.774694 23.758891 74.280771 1.621122 4.371449 0.762363 3.350900 -10.097513 -22.329472 20.127061 -6.840707 -5.359035 -3.916028 -9.676926 28.492583 0.729904 -6.556034 -4.530512 1.023672 -1.276685 3.013492 2.845670 1.189999 8.797871 2.559455 3.170899 4.919310 -1.197568 2.887650 -16.841502 -3.784257 2.091621 -0.055233 -70.402007 14.003187 57.678783 6.582430 -32.561591 7.593467 -3.577852 -5.662890 -19.921313 13.642545 22.943943 3.754626 84.267837 32.578080 56.282759 -41.670017 42.911676 -12.597417 -4.851281 -2.893106 -16.463081 -16.893509 7.866723 -4.798621 
