HIERARCHY
ROOT Hips
{
	OFFSET 0.000000 0.000000 0.000000
	CHANNELS 6 Xposition Yposition Zposition Zrotation Yrotation Xrotation 
	JOINT LeftUpLeg
	{
		OFFSET 1.363060 -1.794630 0.839290
		CHANNELS 3 Zrotation Yrotation Xrotation
		JOINT LeftLeg
		{
			OFFSET 2.448110 -6.726130 0.000000
			CHANNELS 3 Zrotation Yrotation Xrotation
			JOINT LeftFoot
			{
				OFFSET 2.562200 -7.039590 0.000000
				CHANNELS 3 Zrotation Yrotation Xrotation
				JOINT LeftToeBase
				{
					OFFSET 0.157640 -0.433110 2.322550
					CHANNELS 3 Zrotation Yrotation Xrotation
				}
			}
		}
	}
	JOINT RightUpLeg
	{
		OFFSET -1.305520 -1.794630 0.839290
		CHANNELS 3 Zrotation Yrotation Xrotation
		JOINT RightLeg
		{
			OFFSET -2.542530 -6.985550 0.000000
			CHANNELS 3 Zrotation Yrotation Xrotation
			JOINT RightFoot
			{
				OFFSET -2.568260 -7.056230 0.000000
				CHANNELS 3 Zrotation Yrotation Xrotation
				JOINT RightToeBase
				{
					OFFSET -0.164730 -0.452590 2.363150
					CHANNELS 3 Zrotation Yrotation Xrotation
				}
			}
		}
	}
	JOINT Spine
	{
		OFFSET 0.028270 2.035590 -0.193380
		CHANNELS 3 Zrotation Yrotation Xrotation
		JOINT Spine1
		{
			OFFSET 0.056720 2.048850 -0.042750
			CHANNELS 3 Zrotation Yrotation Xrotation
			JOINT Neck1
			{
				OFFSET -0.054170 1.746240 0.172020
				CHANNELS 3 Zrotation Yrotation Xrotation
				JOINT Head
				{
					OFFSET 0.104070 1.761360 -0.123970
					CHANNELS 3 Zrotation Yrotation Xrotation
				}
			}
			JOINT LeftArm
			{
				OFFSET 3.362410 1.200890 -0.311210
				CHANNELS 3 Zrotation Yrotation Xrotation
				JOINT LeftForeArm
				{
					OFFSET 4.983000 -0.000000 -0.000000
					CHANNELS 3 Zrotation Yrotation Xrotation
					JOINT LeftHand
					{
						OFFSET 3.483560 -0.000000 -0.000000
						CHANNELS 3 Zrotation Yrotation Xrotation
						JOINT LeftHandIndex1
						{
							OFFSET 0.715260 -0.000000 -0.000000
							CHANNELS 3 Zrotation Yrotation Xrotation
						}
					}
				}
			}
			JOINT RightArm
			{
				OFFSET -3.136600 1.374050 -0.404650
				CHANNELS 3 Zrotation Yrotation Xrotation
				JOINT RightForeArm
				{
					OFFSET -5.241900 -0.000000 -0.000000
					CHANNELS 3 Zrotation Yrotation Xrotation
					JOINT RightHand
					{
						OFFSET -3.444170 -0.000000 -0.000000
						CHANNELS 3 Zrotation Yrotation Xrotation
						JOINT RightHandIndex1
						{
							OFFSET -0.622530 -0.000000 -0.000000
							CHANNELS 3 Zrotation Yrotation Xrotation
						}
					}
				}
			}
		}
	}
}
MOTION
Frames: 180
Frame Time: 0.016667
0.000153 15.810473 0.016806 -1.488014 0.279308 17.124128 -23.855482 -11.263102 -17.410926 8.957736 11.488484 42.398046 0.384432 -13.889395 -17.064720 -0.496357 -0.061413 2.407961 22.257335 15.517490 -42.425064 -4.022338 -7.563754 23.861087 0.275521 -0.428937 -14.762588 -1.744550 -5.690768 21.558597 5.555149 -3.778838 12.477527 1.373218 1.474596 -2.170060 -0.231963 -9.807948 9.948766 0.487397 -1.048358 11.128365 -98.494991 -6.247360 15.802661 36.806052 -42.595515 -12.284473 1.491104 2.117133 4.086321 6.060817 35.747188 0.447337 91.767131 7.241173 9.978469 -21.790643 30.026820 -0.947822 -2.748141 1.044239 -3.493460 -22.986547 17.096258 -4.672263 
0.010047 15.746358 0.422053 -1.914578 0.130002 17.321234 -23.550087 -11.295428 -17.676368 8.968637 12.118313 42.318712 0.506805 -13.974827 -16.990639 -0.471798 -0.049202 2.136267 22.729519 15.885553 -42.530083 -4.665323 -8.374959 26.839790 -0.154213 0.750148 -18.312803 -1.767866 -5.750053 21.644544 5.910298 -3.595606 12.417401 1.220393 1.748845 -2.275239 -0.250128 -9.833276 9.843091 0.519334 -1.014163 11.165060 -98.514002 -6.140995 15.847471 36.971415 -42.687470 -12.300772 1.535537 2.364455 4.252914 5.983460 35.504207 0.739010 91.861009 7.292586 9.941932 -21.772934 29.726969 -1.153610 -2.663710 0.996198 -3.174432 -22.965857 16.900296 -4.851276 
0.028422 15.707732 0.978105 -2.142286 -0.093493 17.387056 -23.151550 -11.180097 -18.028050 8.978403 12.707410 42.556626 0.486841 -14.020946 -16.380956 -0.239312 -0.101089 2.023184 23.136683 16.463023 -41.990959 -6.059647 -9.420292 30.239167 -0.353687 2.076966 -22.107127 -2.081526 -5.785094 21.659906 6.297920 -3.314250 12.336282 1.050211 1.800085 -2.182911 -0.275932 -9.771322 9.889860 0.544211 -0.990347 11.048003 -98.779666 -6.192477 15.679640 36.887635 -42.345445 -11.943391 1.537442 2.339885 4.334580 6.021596 35.294831 0.761723 91.772730 7.676212 10.087939 -21.648418 29.497870 -1.058182 -2.569715 0.863071 -3.253778 -23.058304 17.092791 -4.690628 
0.046014 15.701822 1.604585 -2.488843 0.122958 17.386457 -22.573070 -11.265245 -19.281679 8.934229 13.738338 43.878954 0.893397 -13.565222 -15.730167 -0.643713 0.154680 2.140112 23.700052 16.468676 -41.051866 -7.066312 -10.417103 33.371871 -0.635465 3.029622 -25.372026 -1.787483 -5.606658 21.306344 6.896188 -3.271780 12.492559 0.853523 1.804252 -2.171660 -0.211353 -9.762476 9.708908 0.545638 -1.004139 10.953763 -98.855202 -6.141368 15.550323 36.738260 -41.908957 -11.816471 1.833307 2.213074 4.540687 5.889896 34.767678 0.969266 91.799932 8.284734 10.151355 -21.623296 29.232222 -1.073602 -2.675039 0.756779 -3.006436 -22.984196 16.987883 -4.705587 
0.069291 15.688904 2.289630 -2.790847 0.300861 17.334235 -21.665721 -11.608665 -21.504238 9.104104 15.597790 46.316255 1.412716 -13.640419 -13.931365 -1.579157 1.237208 1.632748 24.385598 16.134508 -39.713742 -7.714835 -10.858032 36.387073 -1.008823 3.556919 -28.699357 -1.896351 -5.318655 21.147357 7.600744 -3.248071 12.608238 0.627425 1.844601 -2.089212 -0.143715 -9.710178 9.628426 0.530563 -1.019948 10.819028 -99.156285 -6.124592 15.320928 36.267498 -41.385247 -11.305974 2.011124 2.061018 4.910287 5.988775 34.393664 0.983430 91.784046 9.086612 10.438515 -21.646083 28.951917 -1.057205 -2.623781 0.386313 -3.000354 -23.218499 17.150108 -4.572066 
0.087694 15.682530 2.989182 -3.015639 0.697666 17.273459 -20.583673 -12.151892 -24.798362 10.120476 16.824298 49.915816 0.970375 -13.142202 -11.354798 -1.286444 2.231222 1.245867 25.116361 15.350003 -38.212702 -8.256486 -11.266714 38.966740 -1.359304 4.028491 -31.378790 -1.714301 -5.064499 20.786128 8.119083 -3.346715 12.990336 0.544284 1.870073 -2.187460 -0.101226 -9.682095 9.568089 0.652108 -1.007035 10.645339 -99.461119 -6.038329 14.977647 35.670772 -40.554289 -10.675231 2.320283 1.809858 5.261801 5.973217 33.698848 1.034730 91.743779 9.972475 10.688780 -21.637789 28.571012 -1.109725 -2.694768 0.205526 -2.815864 -23.243715 17.212911 -4.527026 
0.103947 15.675593 3.702401 -3.285712 0.928353 17.086463 -18.588857 -12.903748 -28.701671 10.767629 18.247116 54.689911 0.301979 -11.202403 -9.461902 -1.308124 2.914951 1.593002 25.708239 14.885035 -36.177766 -8.517207 -11.794273 41.090272 -1.915124 3.930282 -33.607597 -1.638346 -4.641545 20.366986 8.648572 -3.212783 13.294393 0.489707 1.853340 -2.140998 -0.156055 -9.610728 9.485214 0.634377 -1.019168 10.502150 -99.951738 -6.028757 14.437485 34.712177 -39.585833 -9.906335 2.630540 1.573788 5.876598 5.945097 33.322816 1.103568 91.598481 11.027536 11.029077 -21.622600 28.076629 -1.117482 -2.700388 -0.048138 -2.682609 -23.425009 16.983429 -4.440152 
0.104868 15.676882 4.440819 -3.584705 1.332634 16.847533 -16.671624 -13.849822 -32.295155 11.945573 19.105911 59.605998 -0.080331 -8.330306 -8.617972 -1.275237 2.723217 2.534288 26.472881 13.774743 -34.023101 -8.564018 -12.377495 42.814914 -2.266535 4.079390 -34.957046 -1.592518 -4.401442 19.880955 9.058934 -3.141516 13.720801 0.524651 1.853194 -2.161794 -0.248281 -9.542437 9.561947 0.786564 -0.982121 10.245293 -100.367247 -6.128404 13.703076 33.539438 -38.326343 -9.017756 2.605617 1.508473 6.624726 6.107197 32.715521 0.939865 91.532844 12.170741 11.437190 -21.671058 27.699291 -1.301223 -2.949410 -0.142250 -2.743024 -23.379909 16.816570 -4.357989 
0.100629 15.678197 5.186970 -3.721961 1.628287 16.628638 -15.100826 -14.587241 -36.112514 12.636269 19.360832 64.165827 0.247087 -6.199929 -9.354975 -1.253766 2.736085 4.096232 27.044856 12.857297 -31.536488 -8.579250 -12.907374 43.976143 -2.795649 3.805624 -35.883963 -1.416832 -4.193201 19.538951 9.346777 -2.931731 13.952370 0.661503 1.805594 -2.127214 -0.353757 -9.392204 9.533624 0.752789 -1.018934 10.123847 -100.938593 -6.024483 12.952475 32.259395 -37.288773 -8.115529 2.718068 1.606991 7.363035 5.898576 32.664853 0.801230 91.215108 13.124767 11.899075 -21.780128 27.344588 -1.382004 -2.984245 -0.016881 -2.660466 -23.488592 16.079558 -4.452882 
0.095871 15.672732 5.952000 -3.789724 2.052511 16.336556 -13.825242 -15.327155 -39.359188 13.284306 19.335313 67.230109 0.752350 -5.520385 -10.584682 -1.468208 3.287190 4.718285 27.635671 11.712815 -28.820203 -8.582289 -13.337772 44.775570 -3.023707 3.440669 -36.342501 -1.546023 -3.988806 19.154861 9.513405 -2.807963 14.106943 0.795457 1.831563 -1.998426 -0.467488 -9.218514 9.465590 0.867316 -1.023813 9.826520 -101.342113 -5.879215 12.049923 30.993288 -36.153500 -7.192939 2.630979 1.929646 8.102179 5.845739 32.501107 0.638418 91.020137 14.337303 12.506689 -21.921844 27.238046 -1.583144 -3.073435 -0.021621 -2.793326 -23.491326 15.489607 -4.530231 
0.092047 15.667918 6.746695 -3.727235 2.232179 16.093177 -12.833640 -15.779579 -41.887068 13.278750 19.148240 68.310231 1.241181 -5.022541 -11.774353 -1.448609 3.397911 4.670813 28.089469 10.637609 -25.755051 -8.482841 -13.598513 45.012553 -3.242719 2.807197 -36.290491 -1.398051 -3.861283 18.724434 9.454760 -2.499596 14.100450 0.987022 1.782375 -1.908643 -0.580063 -9.024982 9.304566 0.807578 -1.062435 9.841030 -101.736614 -5.552529 11.591001 29.882856 -35.205955 -6.222800 2.615971 2.214140 8.736775 5.534953 32.674512 0.526702 90.756589 15.299734 13.324455 -22.048033 27.233263 -1.675298 -3.203131 0.244983 -3.114483 -23.451644 14.992911 -4.591680 
0.097756 15.658505 7.565752 -3.502986 2.491996 15.983323 -12.200070 -16.375380 -43.646229 12.991067 18.869727 68.078122 1.858528 -4.761692 -13.319615 -1.589627 3.408119 4.287388 28.316631 9.456685 -22.650181 -8.228926 -13.736856 44.852256 -3.164533 1.973410 -35.715333 -1.597676 -3.642729 18.178307 9.187054 -2.186894 13.774679 1.244418 1.800523 -1.739741 -0.781843 -8.787390 9.110832 0.855244 -1.165647 9.833889 -101.915489 -4.911042 11.048949 28.785488 -34.238505 -5.324741 2.675805 2.429382 9.236855 5.361603 32.771188 0.610970 90.524737 16.271521 14.148632 -22.348053 27.578342 -1.935419 -3.285682 0.414520 -3.656127 -23.222247 14.543416 -4.735453 
0.095539 15.659201 8.427901 -3.171389 2.415042 16.002924 -11.698827 -16.931278 -45.103333 12.208110 18.553370 66.512024 2.321235 -4.316710 -14.574757 -1.517287 3.159425 3.580811 28.430694 8.270918 -19.266787 -7.950712 -13.709910 44.039472 -2.951507 1.095615 -34.148929 -1.344494 -3.666419 17.605853 8.566623 -1.631746 13.183093 1.513247 1.887124 -1.561373 -0.836772 -8.698131 8.886916 0.836856 -1.177836 9.937306 -101.892494 -4.057533 11.066867 28.049397 -33.463963 -4.514250 2.627500 2.389926 9.708014 5.063054 32.973206 0.649301 90.312359 16.935648 15.035476 -22.546748 28.096830 -2.294476 -3.527324 0.947677 -4.406325 -23.033108 14.431060 -4.771091 
0.107338 15.661300 9.325345 -2.624408 2.428092 16.257793 -11.431815 -17.726748 -46.268641 11.134264 18.158236 64.159075 2.895408 -3.803455 -15.793947 -1.643259 3.052597 3.117280 28.341716 7.024908 -16.094313 -7.784846 -13.443451 43.094559 -2.330759 -0.291746 -31.571282 -1.381879 -3.527272 17.080611 7.639896 -1.088061 12.148735 1.895939 2.017163 -1.292718 -1.005381 -8.546020 8.705775 0.780351 -1.276637 10.072463 -101.653586 -2.971675 10.898608 27.159036 -33.089010 -3.608592 2.673707 2.378449 9.929660 4.744431 33.330899 0.750129 90.024138 17.403034 15.855842 -22.895351 28.896601 -2.803249 -3.505552 1.149052 -5.313735 -22.723151 14.290345 -5.013131 
0.118840 15.667965 10.278122 -1.949892 2.075276 16.669842 -11.139644 -18.345354 -47.522041 9.763574 17.547750 60.618809 3.027041 -2.961745 -16.574844 -1.556820 2.834818 2.472461 27.953438 5.746059 -12.804473 -7.569594 -13.068031 41.675365 -1.569968 -1.786648 -27.611366 -1.121605 -3.828108 16.655111 6.232610 -0.221746 10.842537 2.285638 2.279222 -1.073691 -0.997409 -8.640143 8.548340 0.796743 -1.423356 10.213222 -101.316879 -1.676031 10.976432 26.647565 -32.836135 -2.818465 2.505391 2.170576 10.217016 4.680461 33.355327 1.035275 89.841117 17.500206 16.594044 -23.323408 29.787708 -3.459265 -3.686404 1.593784 -6.364681 -22.508567 14.383812 -5.173034 
0.140898 15.680221 11.279394 -1.317650 1.673196 17.057745 -10.877912 -18.855171 -48.343137 8.211211 16.739806 56.476434 3.278235 -2.044938 -17.234768 -1.509974 2.695846 2.207494 27.685997 4.515855 -10.361946 -8.246781 -13.115431 40.722263 -0.334393 -4.704578 -20.668384 -0.916402 -3.894277 16.551685 4.869731 0.664329 9.482277 2.611241 2.532349 -0.740378 -0.970698 -8.670990 8.397207 0.683122 -1.631049 10.460697 -100.897419 -0.334731 10.781834 25.984268 -32.949395 -2.090375 2.319898 1.982138 10.303563 4.437355 33.855082 0.931257 89.595076 17.386387 17.211395 -23.751532 30.721261 -4.164852 -3.554383 1.818841 -7.397520 -22.292212 14.407998 -5.265317 
0.166296 15.697873 12.343340 -0.804438 1.022321 17.397657 -10.605623 -19.241376 -48.845714 6.740666 15.423699 51.119366 2.741722 -0.981046 -17.603965 -1.074144 2.339866 1.748460 27.238040 3.173282 -8.401334 -8.917401 -13.195477 40.098418 1.486006 -8.910334 -10.526821 -0.737234 -4.327550 16.756637 3.314095 1.700729 8.139379 2.912441 3.031925 -0.528870 -0.882650 -9.004161 8.420771 0.813547 -1.759811 10.445823 -100.575263 1.145158 10.455210 25.612922 -33.297176 -1.492975 2.195704 1.907623 10.270378 4.345836 33.864228 1.321024 89.504030 17.027169 17.589942 -24.567203 31.851184 -4.880932 -3.548959 1.956627 -8.284999 -22.124839 14.488357 -5.371330 
0.191321 15.731007 13.449974 -0.371317 0.644259 17.573585 -10.563452 -19.575373 -48.538566 5.348349 13.443328 45.097026 2.317642 0.212234 -17.998020 -0.670847 1.868203 1.612894 26.796787 2.614058 -7.190482 -9.400013 -13.251743 39.658894 2.033423 -11.851355 -1.022081 -0.621606 -4.706265 17.738423 2.138847 2.467473 7.037276 3.020734 3.367934 -0.277749 -0.754313 -9.315238 8.417897 0.744817 -1.971683 10.671844 -100.311882 2.370457 9.569130 25.329759 -33.672309 -1.176903 1.934766 1.647347 10.231623 4.194908 34.195645 1.210884 89.168519 16.633972 17.966727 -25.171296 32.693832 -5.537252 -3.363759 2.013932 -8.939057 -22.083634 14.614413 -5.439030 
0.224496 15.774364 14.609751 -0.401604 0.696137 17.581863 -10.511686 -19.992193 -47.744840 4.227695 10.577364 36.684782 1.716875 1.197891 -16.879186 -0.496798 1.586165 0.861202 26.590673 2.459315 -6.537999 -9.080949 -12.890078 39.863298 2.475987 -14.570037 9.027708 -0.604999 -5.418427 19.062472 1.657060 3.188775 6.336542 2.960009 3.605207 -0.095685 -0.614548 -9.802664 8.464719 0.917421 -2.220607 10.517953 -100.360053 3.459851 8.398617 25.057913 -34.040826 -1.116413 1.971189 1.714872 10.006264 3.968953 34.276933 1.365121 88.986681 16.288106 18.020873 -26.004487 33.532088 -6.063644 -3.183676 1.736243 -9.479393 -21.871590 14.755036 -5.600594 
0.254394 15.827674 15.810192 -0.812886 0.694886 17.087842 -10.455239 -19.926058 -46.056312 3.151113 6.681617 26.141161 1.276798 3.249258 -11.905642 -0.468942 0.887862 -0.434166 26.986059 2.994317 -6.381478 -9.055996 -12.312464 41.114029 1.944233 -15.527805 17.813494 -0.549001 -5.968759 21.329064 2.064569 3.676155 6.518418 2.388807 3.843904 -0.148367 -0.372148 -10.122693 8.531262 0.914130 -2.395412 10.590070 -100.613342 4.476585 6.847316 25.152547 -34.604455 -1.143262 1.969147 2.075486 9.787483 3.926101 34.417600 1.279382 88.698520 15.963287 18.268971 -26.588985 34.289711 -6.410937 -3.019995 1.563180 -9.869260 -21.993496 15.083071 -5.582070 
0.298184 15.874873 17.041531 -1.969418 0.532092 16.178230 -9.951540 -19.175166 -43.753607 2.529139 3.260894 16.433394 0.824389 5.628729 -3.534591 -0.859801 0.363702 -1.320494 27.951576 4.471006 -6.548923 -8.342738 -11.356460 43.288936 1.651412 -15.264884 23.770708 -0.740769 -6.814928 23.521359 3.520664 4.396084 7.530488 1.481479 4.227099 -0.256543 -0.128239 -10.530099 8.385011 1.044143 -2.631181 10.405195 -100.989846 4.834998 5.227978 25.331132 -34.606286 -1.484457 1.865239 2.162722 9.628896 4.111998 34.434494 1.510675 88.564994 15.918325 18.104560 -27.047909 34.824319 -6.595003 -2.920195 1.208130 -10.092443 -21.766833 15.119837 -5.745226 
0.339378 15.913689 18.294266 -3.352200 0.282786 15.042078 -9.575991 -17.858961 -41.704459 2.181685 1.077412 9.787336 0.892639 7.248139 5.144695 -1.156008 -0.169451 -2.240273 29.534632 5.694253 -7.347556 -8.654332 -10.781923 46.104751 1.570703 -13.830276 26.243669 -0.962094 -7.360202 25.628482 5.519041 4.772970 9.023515 0.258410 4.613533 -0.534896 0.264992 -10.684519 8.258997 1.066219 -2.871107 10.413809 -101.637294 4.992074 3.569500 25.540676 -34.440792 -1.680985 1.861349 2.378659 9.243753 4.564546 33.963151 1.637032 88.566688 15.832711 18.285296 -27.507693 35.549948 -6.817638 -2.656107 0.785614 -10.349815 -21.940096 15.528154 -5.749840 
0.374301 15.936059 19.537834 -4.621321 0.518489 14.147015 -9.672202 -16.583620 -40.149947 1.735603 0.127192 6.366245 1.352851 7.742222 11.438665 -1.817579 -0.880965 -2.744402 31.030189 7.155314 -9.338132 -9.253399 -11.187528 49.450772 2.175178 -12.710655 25.003682 -1.763943 -7.780956 27.418543 7.470326 4.934056 10.206281 -0.793377 4.651925 -0.782104 0.458895 -10.810526 8.007018 1.145432 -3.113558 10.163248 -101.987445 5.069166 2.148862 25.637282 -34.392031 -1.726655 1.982235 3.018204 8.772674 4.454839 33.522323 1.638408 88.930078 15.665806 18.128794 -27.956762 36.025369 -6.933777 -2.639947 0.614661 -10.463931 -21.851550 15.517433 -5.934615 
0.409194 15.943171 20.765137 -5.389873 1.380841 13.594465 -10.372945 -15.775030 -39.057989 1.364460 -0.162612 5.782052 1.712949 6.978080 13.861179 -2.112904 -1.685316 -3.219555 31.882194 7.511373 -12.160236 -10.622456 -11.995286 52.636748 2.980906 -10.877411 19.584970 -2.086797 -7.865273 28.840737 8.800262 4.509800 10.577449 -1.674795 4.587013 -0.928215 0.784263 -10.930918 7.870990 1.135401 -3.214364 10.185726 -102.451407 4.957814 1.510140 26.109091 -34.168770 -1.906596 1.987904 3.639395 8.689479 4.667011 32.849498 1.447956 89.530580 15.253991 18.038226 -28.136403 36.505093 -6.982395 -2.515753 0.281517 -10.701727 -21.877518 15.724564 -5.964400 
0.427825 15.943433 21.953449 -5.514279 2.371297 13.584407 -11.862400 -15.231050 -38.474604 1.239933 0.092808 7.188432 1.668126 5.250860 12.560440 -1.954814 -2.387114 -3.119137 31.944838 7.617306 -15.397328 -12.176073 -13.426470 55.074557 3.381800 -8.445574 10.891786 -2.858544 -8.529994 30.079839 9.136164 4.244946 10.283515 -1.847461 4.144568 -1.137869 0.707371 -10.955529 7.634743 1.124844 -3.353637 10.130954 -102.572913 4.714193 1.638499 26.798287 -34.005091 -2.244289 1.826735 3.768642 8.609046 4.523752 32.504448 1.084024 90.105982 14.520107 17.745633 -28.048376 36.565222 -6.784384 -2.672141 0.381627 -10.855589 -21.607388 15.606307 -6.081406 
0.434198 15.941927 23.105776 -5.089343 3.875460 13.573176 -13.741014 -15.288299 -37.921852 1.410418 0.910238 10.462872 1.184151 2.712428 7.951924 -1.479328 -2.526039 -2.611644 31.140161 7.155185 -18.426862 -13.261434 -14.391771 57.059184 3.370176 -6.426633 2.426668 -2.970645 -8.572833 30.926050 8.688588 3.447997 9.535917 -1.800504 3.661847 -1.322428 0.827602 -10.947897 7.539428 0.957208 -3.420073 10.230481 -101.982408 4.026731 2.820732 27.168841 -33.381713 -2.654571 2.168025 3.155294 8.627933 4.107764 32.135606 0.933928 90.873010 13.446564 17.334341 -27.619906 36.546395 -6.405485 -2.694219 0.370642 -10.980452 -21.495588 15.540072 -5.919949 
0.417182 15.944028 24.224026 -4.298964 5.215793 13.611013 -15.745068 -15.447851 -37.489082 2.112756 2.040994 15.265495 1.063431 -0.257329 1.442472 -1.035167 -2.921418 -1.643643 29.835022 6.644109 -21.798781 -14.216572 -15.218413 59.791123 2.983357 -6.723308 -0.070444 -2.873485 -8.430024 31.580910 7.781766 2.667215 9.034060 -1.433803 3.029172 -1.749994 0.652005 -10.814775 7.461553 0.932625 -3.436629 10.269209 -101.334992 3.197719 4.382638 27.435118 -32.556045 -3.117991 2.395171 2.491434 8.696965 4.140981 31.869994 0.896578 91.460723 12.172498 17.158142 -27.070516 36.203443 -6.073174 -2.801250 0.515714 -10.625491 -21.443866 15.234538 -5.799604 
0.384301 15.959855 25.305912 -3.545664 6.484772 13.383222 -17.430664 -15.556732 -36.506136 3.019983 2.955324 20.515524 0.791909 -2.809050 -5.228840 -0.548400 -3.138577 -0.311149 28.326793 6.638723 -24.894399 -14.721991 -16.277321 63.536664 2.605313 -8.430144 1.013323 -2.674296 -8.576612 31.396405 6.578971 1.721981 8.876538 -1.111578 2.675878 -2.194859 0.676005 -10.734382 7.690182 0.954564 -3.384353 10.219820 -100.202383 2.303876 6.619240 27.353041 -32.397118 -3.378918 2.994659 1.856468 8.856573 4.014285 32.564921 1.060663 92.312136 10.848539 17.029378 -26.592530 35.684496 -5.692051 -2.899294 0.586250 -10.207864 -21.480459 14.924916 -5.658272 
0.357473 15.981506 26.367252 -2.842517 7.388140 13.025939 -18.897915 -15.098715 -35.383831 4.170173 4.360557 27.040670 1.040609 -5.689695 -11.707035 -0.945236 -2.423688 0.346408 26.554034 6.755123 -28.021308 -15.089526 -17.194858 67.094190 1.853086 -9.753953 1.981328 -2.123934 -7.987246 31.445341 5.502989 0.970989 9.057842 -0.749859 2.096966 -2.778323 0.583275 -10.447199 7.767467 1.056804 -3.178814 10.253921 -99.354368 1.646588 8.572131 27.877049 -32.903377 -3.680599 3.199241 1.235856 8.655068 4.849979 32.890452 1.639716 92.822439 9.454146 17.018822 -25.972897 35.110755 -5.372382 -2.918517 0.506917 -9.491298 -21.789894 14.454183 -5.591824 
0.342242 16.003312 27.392704 -2.405424 7.981727 12.562955 -19.970301 -14.159273 -33.819733 5.104014 5.263020 32.596310 1.252135 -7.643623 -16.346911 -1.091003 -2.120962 0.637769 25.015867 7.258499 -30.602431 -15.187973 -18.434584 70.642950 1.165441 -10.705769 1.735397 -2.089001 -7.529175 30.910026 4.562292 0.276598 9.290590 -0.452000 1.808747 -3.082988 0.549988 -10.161656 7.834866 1.124804 -3.027532 10.383851 -98.387250 0.427332 10.940060 28.668175 -33.717202 -4.370018 3.073779 0.803283 8.387530 4.913839 33.439871 1.858318 93.116180 8.231885 16.919545 -25.303133 34.462599 -4.979199 -3.135310 0.477714 -8.606343 -21.853829 14.240031 -5.575034 
0.340142 16.022151 28.387320 -2.200414 8.357818 12.209951 -20.587355 -13.109643 -32.019860 5.848260 5.949755 37.133100 1.623538 -8.879263 -19.559190 -1.345550 -1.831146 1.057012 23.720175 8.086373 -33.627550 -16.134196 -19.446737 74.242080 1.182513 -10.593098 0.466519 -2.810027 -7.643172 30.607888 4.037122 -0.296754 9.512207 -0.058457 1.526231 -3.543620 0.239084 -9.900396 7.806409 1.359714 -2.702886 10.832264 -97.777972 -0.581402 12.661722 29.432561 -34.666335 -5.257558 2.858142 0.436274 7.819680 5.121119 33.757348 1.725367 92.947689 6.874079 16.807119 -24.780164 33.695801 -4.914736 -3.135034 0.572643 -7.734376 -22.042098 13.967068 -5.549952 
0.338203 16.037814 29.343792 -2.149524 8.607998 11.876308 -21.042165 -11.916106 -29.840761 6.607384 6.275428 40.513500 2.043106 -9.582427 -21.594663 -1.456327 -1.832892 1.422096 22.537611 8.870408 -36.294481 -16.518636 -20.160312 76.733326 1.044700 -10.984958 -1.956007 -3.638117 -7.331077 30.532538 3.565283 -0.821228 9.528167 0.207032 1.493494 -3.718954 0.030571 -9.790595 8.107965 1.527185 -2.541048 10.906054 -97.066950 -1.180616 13.929130 30.156469 -35.685894 -6.206234 2.495119 0.395683 7.271912 5.299541 34.298026 1.555243 92.579364 5.652670 16.452476 -24.320201 33.083033 -4.794493 -3.240860 0.649109 -6.759398 -22.197317 13.923404 -5.833799 
0.325889 16.049229 30.280937 -2.179028 8.793742 11.770363 -21.143730 -10.838637 -27.537652 6.940917 6.320000 43.025334 2.482806 -9.532760 -22.863473 -1.888832 -1.807525 1.887765 21.904978 10.031787 -39.139025 -17.810482 -20.507167 78.868734 1.139318 -10.010026 -5.426054 -3.986806 -7.721164 29.966567 3.480649 -1.389460 9.288703 0.224781 1.281141 -3.929630 0.020031 -9.626506 8.228951 1.643256 -2.280931 11.304325 -96.442502 -1.764758 14.448494 30.270822 -36.360824 -6.681835 2.268189 0.478452 6.745325 5.138437 34.876350 1.204771 92.108476 4.541836 16.509857 -24.040800 32.480301 -4.833055 -3.117632 0.839838 -6.121502 -22.416071 13.670390 -6.087836 
0.301273 16.076747 31.210663 -2.302409 8.898437 11.852827 -21.183675 -9.638377 -24.989614 7.556639 6.229441 44.328566 2.617459 -9.427689 -22.967438 -1.652288 -1.463153 2.230946 21.374541 11.312372 -41.821404 -18.436681 -20.445737 79.465030 0.987488 -9.348925 -8.723739 -3.761503 -7.606253 29.703369 3.434937 -1.885595 8.768902 0.285028 1.267444 -3.881871 -0.127071 -9.604407 8.431647 1.776205 -2.196100 11.473321 -95.864124 -1.994881 14.601439 30.430141 -36.920097 -7.481669 1.646469 0.449923 6.766627 5.223501 35.627243 0.880843 91.372862 3.566224 16.442928 -23.861782 32.011294 -4.902668 -3.103705 0.982393 -5.424767 -22.779211 13.719148 -6.542678 
0.273613 16.119200 32.149323 -2.410129 9.105190 11.951598 -21.262120 -8.720400 -22.527418 8.128457 6.190703 45.078930 2.878312 -7.907464 -21.430564 -1.696334 -0.942414 3.251121 20.788455 12.662561 -43.896346 -18.711699 -20.111146 78.583390 0.144716 -8.252005 -11.283946 -2.904836 -7.399086 28.610559 3.626990 -2.587439 8.142658 0.186976 1.424178 -3.850134 0.007033 -9.914036 8.573769 1.725359 -1.950090 11.757184 -95.309909 -2.309692 14.591831 30.032983 -37.127191 -7.714644 1.152752 1.269341 6.746505 4.783549 36.304957 0.542180 90.648730 2.604362 16.523715 -23.643789 31.573402 -4.777229 -2.912967 1.040507 -5.065247 -23.068814 13.920530 -6.926638 
0.263164 16.187354 33.111084 -2.570903 9.384549 12.242096 -21.447701 -7.465773 -20.470830 9.184627 6.470163 45.155788 2.393283 -5.953321 -17.704438 -1.282969 0.190700 4.289033 20.066688 14.251605 -45.510071 -18.093663 -19.967037 75.962087 -0.543999 -7.062092 -13.293701 -2.082005 -7.439757 27.837172 3.903551 -3.207872 7.277920 0.275039 1.330105 -3.825038 -0.167695 -10.137089 8.842481 1.741906 -1.893880 11.793934 -95.112388 -2.154259 13.959774 29.885957 -37.120830 -7.939284 0.404558 1.787445 7.307763 4.744519 36.972362 0.354426 89.723800 1.472534 16.771945 -23.475152 31.281641 -4.650027 -2.825013 1.185879 -4.622158 -23.180199 14.134258 -7.269140 
0.266174 16.277592 34.108574 -2.622679 9.956288 12.438746 -21.763138 -6.299314 -18.879635 9.887063 6.686239 44.647552 2.128549 -3.643314 -13.660030 -0.799393 1.044078 6.155010 19.022004 15.828770 -46.981149 -16.562208 -19.515370 71.460273 -1.284311 -5.860009 -14.606140 -1.363626 -7.745022 27.129381 4.428991 -4.146691 6.402446 0.060294 1.349496 -3.607822 0.016332 -10.515183 9.094761 1.507134 -1.832817 11.854166 -94.916922 -2.096129 13.529141 29.092082 -36.491332 -7.855865 0.041093 2.800916 7.824224 4.242327 37.452480 0.023085 89.130016 0.535448 17.144319 -23.274787 30.874562 -4.380068 -2.707873 1.288658 -4.197643 -23.188099 14.563459 -7.389059 
0.299608 16.388480 35.142174 -2.591770 10.536423 12.754195 -22.507647 -4.822750 -18.278644 11.099767 7.286011 43.880634 1.230353 -0.520929 -8.962310 -0.221367 2.107145 7.579448 18.224546 16.431062 -47.004388 -13.922568 -18.252004 65.090829 -1.845035 -5.379831 -14.962837 -0.611644 -8.113789 26.995391 4.692707 -4.910549 5.600019 0.089116 1.062815 -3.540280 -0.036897 -10.809094 9.267972 1.439595 -1.962258 11.922449 -94.677414 -2.001864 12.754305 28.349652 -35.994569 -7.087309 -0.104003 3.564990 8.169314 4.077939 37.699444 0.022164 88.500223 -0.369161 17.630472 -22.724987 30.303144 -3.827420 -2.559120 1.424002 -3.998849 -23.121012 14.983881 -7.372399 
0.354583 16.505677 36.215408 -2.478585 11.466751 12.844574 -23.523796 -3.228194 -18.277443 12.400582 8.064766 42.748731 0.236179 2.996261 -5.602730 0.385048 2.842883 9.319127 17.149991 16.689244 -46.894022 -10.732736 -16.728286 57.371685 -2.549969 -5.183290 -14.946126 0.194185 -8.441301 26.784170 5.008665 -5.828012 4.876764 0.101808 0.766114 -3.285047 0.074703 -11.170971 9.407121 1.151539 -2.041842 11.900521 -94.509964 -1.729276 12.335255 28.193790 -35.554452 -6.923244 -0.476481 4.288103 8.818029 3.860907 37.689594 -0.202981 88.247777 -1.120699 17.881688 -22.288633 29.630409 -3.398682 -2.291660 1.383438 -3.581068 -22.979293 15.517790 -7.179588 
0.419334 16.633252 37.322021 -2.082665 12.367002 13.025367 -25.146206 -1.297774 -19.276531 13.855135 9.307148 41.164815 -1.157026 6.852244 -4.688106 1.180485 3.058913 11.068030 16.618703 16.527419 -46.160814 -8.317384 -14.385456 49.847068 -2.931969 -4.764621 -15.619730 0.582818 -9.080853 26.472563 4.977094 -6.730645 4.375967 0.260156 0.250207 -3.312862 -0.020774 -11.385063 9.541989 1.102467 -2.312759 11.883272 -94.416144 -1.498736 11.909704 27.997387 -35.530809 -6.125743 -0.273601 4.617548 8.671709 3.757397 37.875733 0.186119 87.953735 -1.926482 18.077736 -21.751876 28.973740 -2.779389 -2.140055 1.283015 -3.371255 -22.540393 15.738098 -6.825419 
0.487852 16.763852 38.443565 -1.670316 13.372222 13.109969 -26.827272 0.367686 -20.469818 14.720763 10.609183 39.169779 -2.090297 9.306874 -6.605560 1.754689 3.408792 12.326948 15.668684 15.998283 -45.280753 -6.234328 -12.111394 42.983219 -2.639673 -5.046999 -16.303048 0.603430 -9.470108 26.060744 4.904309 -7.542373 3.941810 0.500397 -0.296812 -3.143413 -0.096999 -11.592272 9.531405 0.886865 -2.592045 11.953745 -94.124441 -1.277402 11.653446 28.331237 -35.844375 -5.811956 -0.427798 4.802488 8.454622 3.731036 37.629087 0.361574 88.021842 -2.442837 17.885090 -21.380425 28.234794 -2.560757 -1.798862 0.901127 -2.838275 -22.255763 16.432852 -6.551993 
0.544731 16.893653 39.567513 -1.064302 14.071511 13.372841 -28.349369 1.272403 -21.347230 14.147320 11.200590 37.189750 -1.642532 8.735233 -9.691891 1.859368 3.392270 12.763952 15.279763 15.704248 -44.048472 -5.273644 -9.739594 36.846128 -2.323904 -4.838982 -16.892724 0.413702 -9.780677 24.780632 4.468160 -8.104214 3.494942 0.809537 -0.900688 -3.023463 -0.258309 -11.679763 9.571277 0.904124 -2.961304 11.877899 -93.976308 -1.063012 11.597023 28.589206 -36.144817 -5.605763 -0.254855 4.524701 8.004855 3.890087 37.492607 0.638974 88.190534 -2.882030 17.291746 -21.033986 27.715336 -2.256787 -1.685588 0.510780 -2.791146 -21.873185 16.583585 -6.156782 
0.579971 17.031254 40.681023 -0.554283 14.171481 13.451699 -29.141636 0.748745 -21.185676 11.967798 10.874523 36.087898 -0.495995 5.354177 -12.816722 1.391933 3.473200 12.654874 15.119653 15.626431 -42.958956 -4.896698 -7.418915 32.084937 -1.145360 -5.279858 -17.176899 0.230609 -9.703014 23.378325 4.107859 -8.117369 3.035828 1.031866 -1.299324 -2.867435 -0.470501 -11.783423 9.603555 0.819289 -3.318785 11.982513 -93.599900 -0.625920 11.533489 29.059172 -36.884966 -5.597392 -0.256130 4.418698 7.120090 3.892217 37.304007 0.597909 88.505563 -3.106256 16.450176 -20.812389 27.127067 -2.626700 -1.554058 0.099116 -2.448316 -21.621368 16.974775 -6.197769 
0.582775 17.153029 41.785667 -0.114682 13.684832 13.561499 -28.925558 -0.850649 -19.716992 9.050984 8.990665 35.901891 0.767415 -0.911026 -14.914193 1.027030 2.905060 11.456290 15.401401 15.938197 -41.648906 -4.779497 -5.726227 28.270309 -0.595607 -5.237769 -17.348697 -0.324597 -9.840713 22.383867 3.658258 -7.740227 2.597542 1.273927 -1.482814 -2.663267 -0.609228 -11.809916 9.603196 0.738536 -3.784998 12.037135 -93.364596 -0.250376 11.501557 29.482065 -37.259561 -5.947984 0.013297 4.074539 6.422809 4.046074 36.962104 0.693858 88.773473 -3.198288 15.251032 -20.683907 26.770700 -3.065571 -1.464764 -0.183115 -2.450831 -21.748963 16.836702 -6.149858 
0.569889 17.277808 42.892380 0.067966 13.199824 13.370944 -28.418030 -2.189721 -18.245255 7.097479 8.057115 36.562676 1.024529 -5.765581 -15.597159 0.677916 1.687992 10.219188 16.059760 16.040688 -40.479575 -5.067237 -4.179395 25.998620 0.579684 -5.501891 -17.596910 -0.954831 -10.043896 21.933180 3.610504 -7.295946 2.328623 1.386696 -1.552211 -2.550199 -0.908422 -11.981037 9.738481 0.718551 -4.112171 12.139717 -93.213990 0.347396 11.565443 30.052029 -37.928562 -6.495449 0.031636 4.085207 5.723820 4.089726 36.648463 0.425888 88.975039 -3.156783 13.812720 -20.745474 26.449226 -3.914640 -1.403583 -0.489768 -2.513368 -22.147023 16.873179 -6.611337 
0.548232 17.377303 43.992245 0.331910 12.808902 13.042401 -28.084871 -2.509036 -17.148619 6.732423 8.280013 38.229783 1.479756 -8.624499 -14.272097 -0.400977 0.785412 8.560933 16.478345 16.316667 -39.536008 -5.222552 -3.515554 24.501825 1.159991 -5.753606 -17.954657 -1.854047 -10.128012 21.841187 3.599378 -6.820114 2.173889 1.393320 -1.725238 -2.373046 -1.047552 -12.062276 9.934793 0.713897 -4.565448 12.206033 -93.175310 1.024641 11.551790 30.761795 -38.428092 -7.153368 0.262354 3.890536 5.116722 4.317042 36.444467 0.560105 89.156710 -3.141515 12.347109 -20.933176 26.360306 -4.913329 -1.425414 -0.588810 -2.675157 -22.490393 16.424557 -6.868788 
0.527032 17.468348 45.105080 0.224435 12.545849 12.459077 -27.616740 -2.546006 -16.624617 7.044852 9.363111 40.802479 1.479196 -9.897544 -10.965049 -0.708437 0.782730 7.133427 17.331889 16.248138 -38.533826 -5.522278 -3.128471 23.948290 2.028845 -6.193973 -18.451743 -2.594585 -10.096384 22.204738 3.956397 -6.292415 2.092053 1.214579 -1.944099 -2.203521 -1.164530 -12.142944 10.223011 0.655557 -4.872596 12.326256 -92.995625 1.846363 11.575870 31.304144 -38.815550 -7.766751 0.348231 3.630754 4.764155 4.585323 36.295819 0.542397 89.404112 -3.244330 10.913017 -21.248353 26.401466 -5.843106 -1.512764 -0.833953 -3.059972 -23.014137 15.998857 -7.246432 
0.501853 17.533358 46.221340 0.146190 12.452638 12.023542 -27.133644 -2.679343 -16.414312 7.634444 10.512279 43.351754 1.552284 -11.020142 -8.144299 -1.131619 1.098991 5.825372 17.796376 16.319314 -37.973439 -5.507232 -3.380050 23.954933 2.452512 -6.420155 -18.969617 -3.334968 -10.199278 22.630957 4.305867 -5.818807 1.873966 1.190363 -2.159767 -2.040813 -1.225417 -12.261947 10.420204 0.547569 -5.270374 12.445871 -92.982487 2.612031 11.620016 31.905565 -39.046506 -8.186393 0.482631 3.519402 4.412962 4.669205 36.115185 0.717513 89.434013 -3.358874 9.695883 -21.450866 26.339291 -6.835860 -1.557358 -0.936064 -3.501290 -23.427570 15.565215 -7.478107 
0.477752 17.596385 47.355549 0.045632 12.708683 11.595774 -26.755153 -3.033080 -16.323682 8.504248 11.165823 45.705119 1.033564 -11.574055 -5.623755 -0.602014 1.350804 4.964072 18.379489 15.886593 -37.465946 -5.607370 -3.542237 24.256741 3.083394 -6.881909 -19.381746 -3.728126 -9.978560 22.958880 4.675242 -5.563769 1.570342 1.081421 -2.403068 -1.880684 -1.347277 -12.434493 10.798353 0.498095 -5.487831 12.541785 -92.890816 3.467139 11.688378 32.238693 -39.050925 -8.583541 0.534778 3.228192 4.393835 4.898617 35.965253 0.843806 89.507528 -3.807754 8.370971 -21.832325 26.452507 -7.539882 -1.750420 -1.181818 -3.843242 -23.998233 15.382383 -7.772794 
0.456919 17.642146 48.498596 -0.055367 12.940469 11.204240 -26.410318 -3.286095 -16.649979 9.597264 11.774035 47.913913 0.134299 -11.440147 -3.930030 -0.190861 1.091385 5.182218 18.812841 15.615250 -36.922184 -5.511696 -3.947900 24.759595 3.422861 -7.138922 -19.699849 -4.046813 -9.841128 22.957944 4.982246 -5.325025 1.212702 1.057030 -2.536178 -1.803393 -1.375933 -12.546071 11.164888 0.387003 -5.760416 12.657271 -92.894546 4.366236 11.678398 32.636352 -39.058388 -8.653756 0.573154 3.167108 4.438604 5.039364 35.760084 1.055991 89.456088 -4.252002 7.380923 -22.091051 26.429227 -8.285971 -1.878104 -1.342939 -4.158759 -24.336331 14.984719 -7.871235 
0.436659 17.676863 49.651634 -0.169550 13.230903 10.838660 -26.027225 -3.589487 -16.718914 10.392470 12.182526 49.893634 -0.174311 -11.330834 -2.746882 0.064757 1.284474 5.321077 19.355008 15.212971 -36.417440 -5.594834 -4.286113 25.269573 3.772657 -7.553609 -19.804454 -4.143490 -9.598462 22.960123 5.211598 -5.174630 0.804890 0.934929 -2.647729 -1.686870 -1.415498 -12.647300 11.560891 0.300880 -5.905671 12.834244 -92.794820 5.187713 11.544468 32.671952 -38.886110 -8.662024 0.667002 3.076693 4.763902 5.202953 35.518623 1.401201 89.521838 -4.877124 6.429472 -22.375522 26.609687 -8.589669 -2.121865 -1.490245 -4.384907 -24.676062 14.920923 -7.906485 
0.411571 17.691023 50.809456 -0.315864 13.524560 10.475979 -25.606864 -3.837828 -17.200927 11.192886 12.541688 51.764177 -0.834091 -11.381243 -1.607420 0.003597 1.592150 6.031876 19.852061 15.021658 -35.940312 -5.645213 -4.744409 25.950215 3.873575 -7.837872 -19.727349 -4.354749 -9.453627 23.017407 5.486581 -5.051850 0.324371 0.921217 -2.641823 -1.635048 -1.373984 -12.774767 11.830879 0.136787 -6.025086 13.049547 -92.850345 6.044957 11.424473 32.661845 -38.550347 -8.395381 0.607857 3.014030 5.103730 5.423502 35.374641 1.740520 89.386384 -5.475859 5.671272 -22.502100 26.504887 -8.956971 -2.250096 -1.568243 -4.539990 -24.777384 14.689151 -7.766986 
0.381631 17.686984 51.970596 -0.445106 13.791276 10.104788 -25.184491 -4.169420 -17.331194 11.720682 12.621721 53.237335 -1.353579 -11.054685 -0.923354 0.269765 1.894372 6.589162 20.360198 14.817047 -35.293475 -5.663348 -4.973380 26.330923 3.737625 -8.132688 -19.197572 -4.314500 -9.399803 23.251844 5.608990 -4.893316 -0.147392 0.931945 -2.662023 -1.540674 -1.521829 -12.861778 12.105955 0.098041 -6.075069 13.218753 -92.934964 6.829452 11.124318 32.500439 -38.213932 -8.144275 0.659449 3.071985 5.620598 5.557149 35.194749 2.172577 89.344312 -6.156583 5.019410 -22.606218 26.731553 -8.856704 -2.449164 -1.560357 -4.559896 -24.825789 14.673459 -7.736696 
0.345284 17.666640 53.125793 -0.584821 14.038140 9.600023 -24.545474 -4.565415 -17.733317 12.138564 12.948135 54.864055 -1.759708 -11.145220 -0.258417 0.312085 2.258261 7.350957 20.711512 14.754986 -34.689730 -5.659166 -5.144254 26.856899 3.501566 -8.407269 -18.643331 -4.213755 -9.221494 23.528430 5.743353 -4.766335 -0.498037 0.957009 -2.583248 -1.478793 -1.551212 -12.962035 12.328142 -0.054083 -6.084647 13.413040 -92.995429 7.510521 10.774964 32.230608 -37.770101 -7.687461 0.578665 3.152379 6.041388 5.755023 35.001603 2.524622 89.183478 -6.698854 4.627179 -22.662035 26.695808 -8.923673 -2.429184 -1.486324 -4.425374 -24.764836 14.578769 -7.636719 
0.307014 17.628401 54.280914 -0.757352 14.287300 9.211724 -23.908942 -5.038634 -17.928796 12.416521 13.147123 56.181928 -1.962700 -10.717677 0.004150 0.362321 2.472670 7.752917 20.967673 14.678405 -33.972967 -5.526724 -5.099419 27.136848 3.063298 -8.493505 -17.851825 -4.079723 -9.152142 24.095232 5.741004 -4.729713 -0.882207 0.997467 -2.512045 -1.393365 -1.715168 -13.008176 12.558034 -0.060470 -6.072178 13.563790 -93.041533 8.090763 10.242892 31.934335 -37.254164 -7.270476 0.652699 3.221303 6.457716 5.871941 34.767143 3.055781 89.131117 -7.301438 4.268471 -22.644651 26.899809 -8.553576 -2.534394 -1.363982 -4.342053 -24.727390 14.403290 -7.551588 
0.268507 17.576556 55.430569 -0.923202 14.587751 8.653193 -23.157543 -5.537505 -18.260374 12.549639 13.167847 57.378878 -2.093045 -10.793537 0.143312 0.320944 2.508877 7.932623 21.266801 14.519961 -33.256442 -5.332931 -4.962751 27.421638 2.625255 -8.474897 -17.038102 -3.654635 -8.932824 24.453467 5.789631 -4.711233 -1.169286 1.030452 -2.383605 -1.327940 -1.707495 -13.155097 12.725364 -0.338865 -6.000793 13.822888 -93.009415 8.563869 9.837946 31.524209 -36.699675 -6.802392 0.586498 3.317506 6.799539 6.084988 34.581727 3.403489 88.962575 -7.763651 4.000490 -22.652073 26.820388 -8.398774 -2.512646 -1.248227 -4.130274 -24.655251 14.396267 -7.382483 
0.231233 17.512852 56.575478 -1.064451 14.892578 8.176274 -22.223474 -6.078718 -18.500382 12.413674 12.972467 58.321715 -2.309028 -10.215252 -0.156259 0.386554 2.299422 8.119159 21.420576 14.390080 -32.574417 -5.073141 -4.890984 27.725476 2.031487 -8.153755 -16.372036 -3.328888 -8.719907 25.019119 5.626400 -4.703410 -1.484541 1.075431 -2.300690 -1.175693 -1.957545 -13.301875 12.924427 -0.175810 -5.909703 13.975334 -92.954328 9.029340 9.336313 31.238575 -36.349192 -6.397960 0.633019 3.327165 7.130031 6.264212 34.423597 3.835525 88.925657 -8.297451 3.678428 -22.666580 26.893604 -8.069358 -2.632157 -1.065672 -3.900257 -24.600983 14.126278 -7.384921 
0.201744 17.438801 57.724236 -1.308196 15.360770 7.564462 -21.113917 -6.843971 -18.784877 12.042945 12.796583 58.752416 -2.106870 -9.926716 -0.690730 0.014824 2.175845 7.944912 21.797062 13.882374 -31.937102 -4.818470 -4.924133 27.911389 1.675877 -7.939396 -15.706704 -2.959008 -8.373979 25.270419 5.655807 -4.885994 -1.733140 1.152925 -2.185537 -1.082042 -2.026213 -13.489212 13.058715 -0.408852 -5.747141 14.190195 -92.778646 9.400747 8.780286 30.742778 -35.982234 -5.969415 0.558380 3.401977 7.307696 6.453870 34.257579 4.183295 88.723023 -8.777948 3.564680 -22.681870 26.754461 -7.949548 -2.641975 -0.744549 -3.581447 -24.531353 13.861817 -7.200961 
0.173942 17.356297 58.853859 -1.331319 15.606881 7.103193 -19.823820 -7.224212 -18.827476 11.446511 11.855420 58.941548 -2.011430 -9.472028 -1.478274 -0.190921 1.582594 7.836157 22.144191 13.600820 -31.280527 -4.669510 -5.116911 28.090309 1.325702 -7.553471 -15.353106 -2.932029 -8.323251 25.975482 5.402443 -4.943812 -1.847073 1.212920 -2.029926 -1.003121 -2.253175 -13.660880 13.197728 -0.213760 -5.709926 14.210133 -92.699245 9.744690 8.269351 30.580246 -35.758554 -5.653282 0.513782 3.317246 7.519851 6.614074 34.079109 4.602784 88.514594 -9.225221 3.309121 -22.678538 26.883092 -7.638377 -2.761097 -0.645523 -3.496533 -24.504608 13.689515 -7.141839 
0.162891 17.267680 59.986237 -1.721261 16.031504 6.514339 -18.426601 -8.161761 -18.909615 10.866846 11.773654 58.596725 -1.371849 -8.819455 -2.583383 -1.133313 1.562722 7.476248 23.038995 12.740821 -31.033362 -4.891937 -5.540206 27.550257 1.493387 -8.114089 -14.274286 -2.984904 -8.398504 26.610605 5.505328 -5.090867 -1.994046 1.243797 -1.967397 -0.819089 -2.298935 -13.791901 13.230214 -0.393985 -5.487568 14.343122 -92.410891 9.938727 7.828762 30.147822 -35.666910 -5.369149 0.422260 3.352015 7.708731 6.742187 33.919418 4.838967 88.416949 -9.499233 3.268760 -22.744040 26.723057 -7.615438 -2.705072 -0.396730 -3.202515 -24.446719 13.545789 -7.019555 
0.150022 17.168105 61.088055 -1.426619 16.178310 6.220421 -17.628565 -8.598808 -18.495846 10.635005 10.711975 57.898821 -1.718154 -8.011436 -2.929094 -0.797268 0.758650 6.412099 23.239472 12.148940 -30.659427 -5.538165 -5.298736 25.084620 2.190614 -9.643312 -11.559079 -3.488017 -8.780350 28.105711 4.835010 -5.060078 -2.076462 1.330273 -1.838500 -0.716115 -2.562716 -13.923211 13.328060 -0.087410 -5.387243 14.254663 -92.151841 10.177343 7.423139 30.065949 -35.627462 -4.992776 0.447524 3.333152 7.833794 6.905384 33.670268 5.317507 88.314007 -9.754569 3.270336 -22.660031 26.938418 -7.177594 -2.764829 -0.392319 -3.122099 -24.395197 13.440949 -6.924588 
0.163147 17.052214 62.211727 -1.872536 17.323767 5.791025 -16.651238 -10.050186 -18.778784 10.666427 11.239954 57.690808 -0.934289 -7.100661 -3.710395 -1.767382 1.715831 5.754795 23.531263 11.158189 -30.601216 -6.311536 -4.444671 21.663319 3.089819 -11.946679 -7.214444 -3.823465 -9.102744 29.553311 4.914545 -5.580819 -2.240470 1.528455 -1.959748 -0.584955 -2.553635 -14.082915 13.184643 -0.344311 -5.179156 14.367723 -91.793092 10.456141 7.165448 29.858138 -35.697018 -4.832160 0.358409 3.318719 7.858743 6.996954 33.516928 5.615090 88.269938 -9.821906 3.353347 -22.588747 26.926338 -6.958310 -2.833314 -0.246503 -2.779481 -24.318022 13.486484 -6.977475 
0.182747 16.907181 63.301407 -1.379877 18.214782 5.826931 -15.893234 -10.939204 -19.402850 11.293150 10.676689 57.690015 -1.029714 -6.883648 -4.303768 -1.356121 2.140639 4.525238 22.887060 10.736782 -30.213084 -7.500079 -3.286871 18.163277 4.017923 -14.117683 -2.971570 -4.451036 -9.437636 31.611523 4.065858 -5.889717 -2.218697 1.686955 -1.981064 -0.619135 -2.597258 -14.178496 13.104484 -0.100045 -5.127518 14.190052 -91.483687 10.613230 7.054071 29.838881 -35.747866 -4.553641 0.320679 3.266001 7.978175 7.128083 33.309912 5.992039 88.264150 -9.973555 3.255007 -22.559643 27.234796 -6.306396 -2.800752 0.008898 -2.541491 -24.366283 13.498825 -6.802458 
0.204290 16.790053 64.390823 -1.840766 19.453884 5.292274 -14.510203 -12.581019 -20.759617 11.242281 11.571593 58.977421 -0.620429 -5.363701 -5.052806 -1.371735 2.779497 4.413259 22.496788 10.169761 -29.739599 -8.205005 -2.416610 15.754161 4.304559 -15.905894 0.730762 -4.201025 -9.375591 33.286451 4.175799 -6.245928 -1.983127 1.851056 -2.163969 -0.442988 -2.583922 -14.220006 12.860342 -0.245143 -4.927921 14.213594 -91.142899 10.824739 7.004986 29.799891 -35.882056 -4.405297 0.335199 3.279228 7.942641 7.239955 33.214811 6.333956 88.363772 -9.723575 3.131749 -22.463788 27.332331 -5.573712 -2.808807 0.442891 -1.948311 -24.289861 13.421264 -6.963839 
0.219367 16.642436 65.452522 -1.668702 20.002747 5.590250 -13.975511 -13.444858 -22.471541 12.283805 11.929700 60.428716 -0.794675 -3.865937 -6.283114 -0.914603 2.894606 3.904931 21.719037 10.809494 -29.225913 -9.464061 -1.894382 14.397460 4.099549 -16.367612 2.164837 -4.223327 -9.326130 34.905669 3.948733 -6.031583 -1.874449 1.674333 -2.112852 -0.540072 -2.392411 -14.235883 12.542605 -0.036653 -4.875675 13.995325 -91.097434 10.796720 6.881202 30.019001 -35.873226 -4.218875 0.441796 3.251097 8.044597 7.373616 33.002823 6.705334 88.500870 -9.403755 3.000800 -22.414501 27.791908 -4.806683 -2.676446 0.300717 -1.910180 -24.340040 13.612723 -6.943752 
0.219611 16.514945 66.487808 -2.407544 20.560297 5.215797 -12.234473 -14.009409 -24.884381 11.708674 12.341013 62.019661 0.138242 -2.977972 -7.535032 -0.685694 3.142609 4.159242 21.616669 11.433209 -28.441376 -10.122133 -1.986923 14.521116 3.384097 -15.747491 1.849645 -2.980468 -8.824801 35.301473 4.650956 -5.847439 -1.446704 1.607025 -1.990645 -0.552060 -2.155707 -14.273380 12.059512 -0.145476 -4.620638 14.038922 -91.145867 10.821535 6.906741 29.987963 -36.090411 -3.984856 0.513921 3.231051 7.911466 7.350602 33.187212 6.947676 88.538297 -8.951194 2.741559 -22.368694 27.909992 -4.285497 -2.384466 0.351910 -1.818268 -24.409584 14.040514 -7.271692 
0.211138 16.398730 67.478516 -2.787338 20.777089 5.263310 -11.779151 -14.292647 -27.294088 12.730564 12.638240 64.070548 -0.495914 -2.171699 -8.727478 -0.284491 2.690104 4.098953 21.645147 12.229563 -27.719231 -10.661928 -2.446583 15.675604 2.443010 -14.054319 -1.105235 -2.259183 -8.279467 35.282955 5.176097 -5.448402 -0.851426 1.378271 -1.819268 -0.775994 -2.037210 -14.109392 11.698164 0.098040 -4.618041 13.774202 -91.525723 10.409219 6.723006 30.028283 -36.022076 -3.806776 0.601922 3.292204 7.749296 7.484739 33.065715 7.216596 88.398254 -7.931548 2.569531 -22.037567 27.870308 -3.902397 -2.461295 0.545866 -1.885779 -24.297971 13.813431 -7.412931 
0.202504 16.282210 68.391479 -3.559995 20.611583 5.112986 -10.753067 -14.630025 -29.870326 12.810538 13.369918 64.852398 -0.289396 -1.961574 -9.291502 0.093628 3.034196 3.602127 22.250448 13.459733 -27.053935 -10.949798 -3.882103 17.957421 1.053050 -11.711778 -5.423739 -1.083651 -7.864022 34.299647 6.064862 -4.795136 -0.124273 1.049285 -1.426830 -0.823012 -1.688624 -14.070078 11.174545 0.220653 -4.365449 13.708134 -91.808399 9.836381 6.584207 29.814859 -36.054243 -3.774645 0.536127 3.295669 7.417855 7.473136 33.318311 7.335862 88.609400 -6.564004 2.427640 -21.982583 27.676969 -3.850854 -2.305868 0.371728 -2.328590 -24.263259 14.485259 -7.800416 
0.206708 16.172314 69.200592 -4.174057 20.458843 5.049177 -10.763669 -14.909660 -32.188210 13.653448 13.521452 65.673385 -0.339395 -2.434561 -10.196868 0.257555 2.431738 3.635343 22.810596 14.272388 -27.009262 -10.866745 -5.662208 21.252346 -0.209616 -9.656082 -10.519217 -0.433785 -7.100847 32.622839 6.809789 -4.178986 0.728567 0.873036 -1.122286 -0.959534 -1.581367 -13.872027 10.659112 0.452598 -4.416107 13.653106 -92.386416 8.823095 6.088859 29.268890 -35.799301 -3.795675 0.377893 3.355742 6.807548 7.652994 33.601516 7.411580 88.391001 -4.843840 2.733009 -21.330841 27.284525 -3.553753 -2.620500 0.482465 -2.938176 -23.747089 14.124213 -7.881538 
0.226279 16.055934 69.908737 -4.620249 20.046010 5.186552 -10.371945 -15.472981 -34.500692 13.652532 14.040311 65.510191 -0.150306 -2.829924 -11.288983 0.008233 2.635660 3.603483 23.268461 15.110417 -27.112203 -10.534806 -7.538482 25.420494 -1.477917 -6.920891 -16.099965 0.007553 -6.807840 30.336550 7.344468 -3.568399 1.607655 0.579188 -0.528729 -1.245042 -1.368681 -13.806578 10.380652 0.801275 -4.152088 13.393440 -93.154917 7.944530 5.470625 29.048449 -35.445002 -4.387564 0.191252 3.520056 6.381042 7.727017 33.681805 7.123737 88.355974 -3.112000 3.196447 -20.988507 26.832773 -3.679211 -2.970916 0.286830 -3.474626 -23.467501 14.726016 -7.935500 
0.243853 15.957394 70.537979 -4.893201 19.539238 5.428289 -10.538348 -15.916517 -36.419512 12.734633 13.978191 63.710213 0.490613 -3.225461 -12.511159 -0.353706 2.117525 3.598451 23.586132 15.556460 -27.639741 -9.930712 -9.564245 30.051036 -2.503337 -5.219578 -21.007193 0.100249 -5.950042 28.056094 7.723226 -2.784990 2.316312 0.430520 0.020269 -1.439451 -1.162330 -13.700579 10.092026 0.954537 -4.189344 13.174374 -94.154980 6.861847 4.523036 28.461707 -34.853063 -4.788865 0.232089 3.673682 5.825304 7.335542 33.774795 6.379023 87.962850 -1.459608 4.310264 -20.787752 26.542298 -3.553479 -3.344851 0.358194 -3.672066 -22.905211 14.355995 -7.868617 
0.260456 15.879307 71.132217 -4.999854 18.803188 5.786314 -10.482688 -16.411311 -38.208665 11.089109 13.850440 60.606308 0.945817 -2.915356 -13.787806 -0.962380 2.015819 3.396026 23.786852 15.757929 -28.208947 -9.494209 -11.507368 34.293597 -3.056613 -3.376643 -24.570598 -0.201552 -5.811683 25.463332 7.760431 -1.948940 2.943315 0.206500 0.555338 -1.741613 -0.942360 -13.577167 10.088607 1.291747 -3.947897 12.846699 -95.187599 5.998050 3.594279 28.154871 -34.001407 -5.536707 0.456892 3.861180 5.812137 7.130157 33.414902 5.544691 87.658962 -0.335045 5.726505 -20.912519 26.435329 -3.551902 -3.851509 0.342272 -3.869804 -22.658026 14.370443 -7.791186 
0.286144 15.828093 71.717545 -4.997757 17.937246 6.202065 -10.713273 -17.209587 -39.171103 8.923374 12.852883 55.424395 0.832344 -2.261697 -14.951363 -0.470955 1.316172 3.215931 24.043033 15.499902 -28.518040 -8.933765 -12.738334 37.953825 -3.370793 -1.842978 -27.155222 -0.297418 -5.349508 22.997568 7.586133 -1.114482 3.450127 0.116446 1.002879 -2.059763 -0.701470 -13.349748 10.324181 1.381540 -3.824033 12.594408 -96.194109 5.262638 3.012871 27.849315 -33.583491 -6.081864 0.708627 4.254596 5.847348 6.627767 33.028031 4.481817 87.401709 0.430766 7.816933 -21.530209 26.763419 -3.599084 -3.919039 0.383622 -4.018621 -22.277827 14.330123 -7.226762 
0.333419 15.801498 72.300339 -4.854296 17.150409 6.441460 -10.419544 -18.286157 -39.638151 6.109720 11.022278 48.151857 0.540710 -1.657519 -16.163524 -0.147264 0.659983 3.511965 24.149476 15.058898 -28.461288 -8.549977 -13.878636 41.388274 -3.464278 -0.561923 -28.749140 -0.326309 -4.982042 20.984045 7.355638 -0.416211 3.870097 -0.029738 1.389097 -2.049001 -0.695606 -13.167464 10.437602 1.607610 -3.568188 12.450458 -97.193918 4.479094 2.901179 27.547393 -32.622750 -6.675563 0.834359 4.045336 6.299897 6.457079 32.619049 3.681765 87.142627 1.075358 9.749640 -21.988888 27.440372 -3.267342 -4.064997 0.621126 -3.988745 -22.033522 14.263870 -6.864515 
0.391688 15.793908 72.901100 -4.763905 16.286920 6.560255 -9.918190 -19.507523 -39.196230 3.142571 7.657619 37.102348 0.203148 -0.208576 -13.214218 -0.263389 0.502823 2.935107 24.427445 14.090404 -27.955411 -7.934674 -14.517252 44.195031 -3.374273 0.701564 -29.676761 -0.509235 -4.646356 19.158702 7.110345 0.156192 4.230324 -0.071371 1.640399 -2.166434 -0.456436 -12.872417 10.615031 1.600960 -3.461308 12.320441 -98.080084 4.278003 3.474890 27.463154 -32.451329 -6.966568 0.903700 4.161788 6.579899 6.373938 32.288420 2.834347 86.762889 1.644966 12.459428 -22.512647 28.542386 -3.198685 -3.678623 0.311693 -4.204909 -22.020198 14.824631 -6.169801 
0.443577 15.799718 73.509323 -4.959980 14.455146 6.281579 -8.934048 -19.534053 -37.785869 1.179037 3.189914 24.272139 0.130969 3.306289 -4.197796 -0.620960 0.446467 1.212468 25.549286 13.603678 -26.306529 -7.765026 -14.467968 46.198247 -3.152739 1.850668 -29.874495 -0.415398 -4.150730 17.087290 7.303921 1.104730 4.725386 -0.376975 2.144191 -1.918054 -0.518848 -12.394035 10.694249 1.691062 -3.256691 12.252062 -98.779627 4.138378 4.492878 27.582236 -32.196433 -7.037489 1.054975 3.961581 6.929140 6.126770 32.249011 2.410096 86.578529 2.024085 14.815526 -23.086762 29.866020 -2.834268 -3.738939 0.764150 -4.275246 -21.689569 14.682585 -5.907939 
0.504764 15.802947 74.140678 -5.544461 11.696636 5.538108 -7.136071 -18.860918 -35.815886 0.558484 -0.348149 12.700331 0.013188 7.916830 8.595965 -1.419867 0.357139 0.051462 27.163169 13.529799 -23.599966 -7.415436 -14.105832 47.744559 -3.003275 2.752394 -29.611749 -0.508018 -3.679330 15.244406 7.963859 2.280010 5.698209 -0.791554 3.159582 -1.815950 -0.391216 -12.021156 10.670483 1.708292 -3.053018 12.220449 -99.138132 4.542588 6.095468 27.905164 -32.422253 -7.045264 1.075210 3.803426 7.296734 6.073780 32.208954 1.886378 86.234994 2.293673 16.969965 -23.878144 31.431185 -2.888285 -3.457909 0.919671 -4.829345 -21.842654 15.206919 -5.609325 
0.575058 15.784026 74.800789 -6.296879 8.438094 4.708253 -5.473130 -17.548401 -34.291151 1.135646 -2.490435 4.765421 0.383627 11.831799 21.230481 -1.930142 0.090703 -0.910840 29.289367 13.804348 -20.233698 -7.573864 -13.280338 49.097820 -2.640262 3.389824 -29.286232 -0.635309 -3.001211 13.758044 8.896949 3.703029 6.797930 -1.315883 4.247741 -1.584657 -0.328708 -11.518916 10.572953 1.670026 -2.999110 12.217734 -99.193199 4.624367 8.017557 28.059541 -32.377497 -6.754972 1.247918 3.514604 7.640042 5.867466 32.488879 1.549907 86.429998 2.520484 18.578210 -24.862133 32.917744 -3.187112 -3.248069 0.975283 -5.409748 -21.936823 15.174702 -5.803008 
0.656244 15.754025 75.484451 -6.914079 5.314240 4.021286 -4.115583 -16.056237 -33.611931 1.513745 -3.191951 0.257178 1.269196 14.475066 31.040041 -2.624293 -0.593395 -1.582610 30.888362 14.182018 -17.260560 -7.462419 -12.369738 50.800304 -2.815144 3.576681 -27.977773 -0.589038 -2.986656 12.690937 9.696841 5.074439 7.614169 -1.733720 5.148350 -1.443872 -0.174221 -11.143772 10.396327 1.612633 -2.926029 12.412141 -98.950118 5.068740 9.659972 28.012430 -32.559125 -6.295712 1.294701 3.085841 7.935452 5.913951 32.734751 1.124338 86.630216 2.644952 19.638129 -25.611574 34.316631 -3.712403 -3.256569 1.130704 -6.307567 -22.125230 15.542628 -6.177109 
0.753929 15.720250 76.173508 -7.169140 3.091714 3.457476 -3.598111 -14.978877 -33.195141 1.981785 -3.636965 -1.876703 2.241345 15.564379 37.576393 -2.665190 -1.347725 -2.415907 31.931594 14.717486 -14.874045 -7.963453 -12.078327 52.970020 -2.917003 3.204537 -25.416707 -0.554973 -2.254630 11.284155 10.218801 5.896399 8.242538 -2.039078 5.736954 -1.351285 -0.051469 -10.741865 10.195288 1.521340 -3.067235 12.491101 -98.634947 5.335637 11.316568 28.152031 -33.036587 -5.986631 1.239745 3.189480 8.026998 5.855522 33.082265 0.870808 87.127416 2.672922 20.132563 -26.639987 35.587261 -4.729524 -2.966516 0.642406 -7.432442 -22.197730 15.662109 -6.226835 
0.864857 15.678422 76.850754 -7.311499 1.445879 3.399283 -3.526679 -14.039579 -33.392024 2.379548 -3.879939 -2.705520 3.347847 15.273207 41.469962 -2.820829 -2.231905 -3.040573 32.421530 15.635814 -13.726270 -8.504006 -12.113092 55.844415 -2.246299 2.823539 -21.198712 -1.062633 -1.781967 10.849801 10.613299 6.510065 8.200211 -2.248260 5.992838 -1.289392 0.053999 -10.532778 9.966210 1.490711 -3.102463 12.660580 -98.251147 5.538301 12.522821 28.210618 -33.511683 -5.558849 1.173083 3.217995 8.132909 5.820059 33.576724 0.828163 87.667198 2.378725 20.170472 -27.316931 36.289808 -5.696092 -2.858778 0.551658 -8.337981 -22.317583 15.987607 -6.544577 
0.988037 15.653879 77.508377 -7.274138 0.664606 3.064557 -3.971382 -13.665177 -33.339353 2.767310 -4.034088 -2.438377 4.018359 14.317392 42.932649 -2.637093 -2.578764 -3.442811 32.587476 16.385884 -12.975564 -9.349543 -12.489287 58.892568 -2.192584 2.251671 -14.230001 -1.388625 -1.861415 10.779676 10.830731 6.637056 8.197235 -2.255846 5.903892 -1.246464 0.111978 -10.335119 9.801071 1.429687 -3.265961 12.690371 -97.797503 5.685427 13.441224 28.228265 -33.855693 -5.294784 1.012292 3.179525 8.141911 5.656226 33.799085 0.983998 88.146375 2.242883 20.254671 -27.985693 36.925513 -6.780545 -2.641854 -0.005044 -9.137221 -22.234798 16.199646 -6.589600 
1.123172 15.638909 78.143318 -7.355208 0.303782 2.926904 -4.498823 -13.494583 -33.637083 3.133298 -3.787370 -1.504702 4.492957 13.073345 42.772711 -2.173603 -2.951631 -3.519461 32.715288 17.545170 -13.071978 -10.046479 -13.082286 62.461231 -2.000303 0.649169 -4.539423 -0.736488 -1.143704 11.005011 11.081597 6.606285 8.004674 -2.226238 5.634065 -1.284764 0.106927 -10.343311 9.674987 1.450403 -3.314810 12.766645 -97.380909 5.642885 13.930999 28.265813 -34.097748 -5.118157 0.859815 3.256937 8.293551 5.469443 34.020504 1.077403 88.812718 1.776257 20.119651 -28.533305 37.095228 -7.381538 -2.423061 -0.119973 -9.457690 -22.241078 16.107581 -6.778644 
1.252698 15.630051 78.743889 -6.962873 0.832746 2.855936 -5.318101 -14.112604 -33.618501 3.039934 -4.001275 0.721355 3.541747 11.973896 40.131198 -1.121530 -3.639640 -3.354164 31.593596 18.590463 -13.902450 -9.329454 -13.699688 65.795957 -2.310905 -0.044641 7.293720 -0.545284 -1.014198 13.396935 10.860895 6.085383 7.537816 -2.056639 5.033199 -1.342728 0.103239 -10.365977 9.593895 1.434515 -3.460649 12.768746 -96.991627 5.779353 14.107802 28.418372 -34.352776 -5.028977 0.595709 3.241571 8.346478 5.370708 34.131867 1.344388 89.214261 1.309536 20.221698 -28.789588 37.256268 -7.686037 -2.268208 -0.183401 -9.848544 -22.321092 16.036645 -6.612191 
1.382528 15.644466 79.321762 -6.613104 2.057462 3.042713 -6.907460 -14.667278 -33.788283 3.015278 -3.445845 3.915451 3.476531 9.336373 34.658425 -1.058737 -3.658712 -3.155239 30.084943 18.780836 -15.485941 -6.893415 -13.659378 68.123339 -1.814280 -1.895563 20.952220 0.041205 -1.393016 15.923179 10.596109 5.268957 6.861297 -1.860033 4.107366 -1.535119 0.117293 -10.459929 9.615744 1.419112 -3.534238 12.756401 -96.620290 5.741827 13.963865 28.381119 -34.420594 -4.987641 0.508699 3.396492 8.520363 5.372060 34.321352 1.559747 89.584354 0.649914 20.363848 -28.880053 37.223313 -7.547238 -2.274773 -0.301980 -9.869028 -22.193424 15.784848 -6.752389 
1.508815 15.660241 79.857651 -5.905116 2.839222 3.397077 -8.714556 -14.756462 -34.013915 2.870116 -2.788612 6.791732 3.437771 6.955050 29.427542 -0.958112 -3.487073 -3.568540 28.670599 18.908119 -17.061179 -6.376539 -13.760350 69.538470 -1.073768 -3.854577 29.704570 0.687327 -1.761426 20.110794 10.170106 4.574006 6.072304 -1.825849 3.411054 -1.669291 0.101445 -10.647789 9.534373 1.367202 -3.673260 12.790205 -96.402143 5.722944 13.620144 28.263674 -34.535970 -4.803147 0.354056 3.503277 8.511265 5.444211 34.269901 1.887712 89.583080 0.025640 20.635915 -28.805657 37.258091 -7.266067 -2.125026 -0.321768 -9.832664 -22.346346 15.732275 -6.509970 
1.634454 15.696215 80.354599 -5.402008 3.506742 3.736642 -10.231184 -15.031570 -33.943679 3.078182 -1.917845 9.169150 3.428516 4.860941 24.868448 -0.721657 -3.058028 -3.992139 26.612659 18.068250 -19.340654 -4.785781 -13.568292 70.578613 0.436259 -5.777949 37.098464 0.279035 -2.664203 24.928339 9.904537 3.887426 5.470497 -1.745826 2.913859 -1.792245 -0.076130 -10.965138 9.499174 1.475577 -3.611848 12.723662 -96.345227 5.620737 13.118063 28.206905 -34.589993 -4.830485 0.299820 3.584700 8.529261 5.504202 34.432550 2.077337 89.455080 -0.554377 20.699225 -28.727218 37.080927 -7.004700 -2.322751 -0.091503 -9.693344 -22.034044 15.271098 -6.482319 
1.765172 15.728850 80.808685 -4.768292 3.797723 4.214289 -11.781557 -14.907690 -33.761436 3.141995 -1.390482 10.916340 3.078892 3.463894 20.688059 -0.460439 -2.972390 -4.564247 26.192659 16.786200 -20.911078 -8.557867 -14.146572 70.936405 1.287072 -10.370005 37.391477 -0.294906 -2.569231 28.400448 9.396140 3.385538 4.755352 -1.539199 2.563011 -1.878698 -0.190700 -11.251750 9.475926 1.521867 -3.686144 12.682561 -96.484788 5.478200 12.425311 28.063465 -34.598196 -4.720786 0.232518 3.621906 8.419775 5.627842 34.367869 2.336815 89.127782 -1.087024 21.131858 -28.566899 36.887730 -6.821766 -2.336234 0.039835 -9.502751 -22.154665 15.270857 -6.392387 
1.888188 15.775546 81.226250 -4.232857 3.937695 4.487385 -13.061244 -14.681122 -33.502842 3.062418 -0.739662 12.715388 2.711176 2.356156 17.099514 -0.304305 -2.749578 -4.567320 25.183017 14.972453 -23.150109 -12.329411 -15.999542 71.007144 1.956720 -15.120410 33.364873 -1.521539 -3.667775 29.679487 8.985020 2.895740 4.240902 -1.401596 2.252886 -1.840756 -0.360751 -11.471713 9.413164 1.580708 -3.630249 12.777490 -96.579792 5.378527 11.623570 27.964040 -34.538522 -4.788004 0.204985 3.573080 8.309059 5.712766 34.408035 2.366742 88.737409 -1.468225 21.361795 -28.342994 36.607228 -6.436042 -2.504680 0.295313 -9.529618 -22.005731 14.709854 -6.378405 
2.002426 15.822894 81.619133 -3.842281 3.840253 4.755485 -14.100224 -14.294732 -33.119769 3.044706 -0.169996 14.131618 2.296450 1.432058 13.899856 -0.234574 -2.639686 -4.776362 25.009592 13.203246 -24.818776 -15.438860 -16.999668 70.671718 2.279430 -16.099078 24.054824 -2.166404 -4.627984 30.296388 8.688918 2.470044 3.802948 -1.227652 2.203390 -1.830746 -0.477981 -11.790776 9.422161 1.628097 -3.683327 12.669233 -96.755600 5.301880 10.912631 27.869135 -34.551617 -4.877207 0.141805 3.603546 8.100682 5.852249 34.368091 2.474342 88.158984 -1.835390 21.634366 -28.003750 36.299800 -6.167127 -2.815951 0.619949 -9.155652 -21.992853 14.355813 -6.453063 
2.102659 15.880723 81.983345 -3.698786 3.370918 5.068069 -14.641580 -13.797678 -32.909077 3.047551 0.425830 15.551729 2.051398 0.748723 11.118327 -0.286365 -2.434078 -4.564316 25.275913 12.700162 -26.393951 -15.831925 -17.267435 68.290485 1.387669 -10.426305 4.496508 -2.035776 -5.422441 29.010376 8.721201 2.221464 3.352944 -1.146286 2.291583 -1.785898 -0.640687 -12.013416 9.426474 1.635907 -3.612538 12.669595 -96.996992 5.409385 10.341606 27.964334 -34.620082 -5.123316 0.108018 3.600267 7.957544 5.950691 34.299063 2.373143 87.541019 -2.334881 21.841663 -27.796705 35.970680 -5.792325 -2.996405 0.796545 -8.836837 -21.984484 13.828260 -6.512788 
2.193988 15.945814 82.319000 -3.550972 2.802477 5.304335 -15.156798 -13.370301 -32.595279 3.183985 1.012685 16.807839 1.924776 0.261218 8.913818 -0.443524 -2.238267 -4.451441 25.433122 12.011789 -27.400019 -15.273682 -16.739932 65.383801 0.344336 -7.674749 -4.567901 -0.925301 -5.954937 28.000870 8.592461 2.143843 3.025554 -0.959314 2.368976 -1.721902 -0.726926 -12.290916 9.441552 1.679262 -3.671383 12.611869 -97.129760 5.517365 9.784562 27.925901 -34.608839 -5.189803 0.187075 3.574254 7.805705 5.977457 34.239234 2.337891 86.918267 -2.685608 21.976012 -27.442361 35.466936 -5.374355 -3.280437 1.040307 -8.205178 -21.980672 13.404142 -6.644204 
2.278564 16.012604 82.629395 -3.468107 2.051354 5.658291 -15.419990 -13.008884 -32.559325 3.318601 1.735912 18.131391 1.814895 -0.046904 7.086515 -0.508331 -2.001827 -4.145879 26.500628 12.204834 -28.412989 -15.436434 -15.151570 60.697312 0.054208 -4.818620 -11.292644 -1.049398 -6.154177 27.014284 8.579163 2.270675 2.583889 -0.896064 2.265256 -1.596430 -0.781163 -12.323606 9.485312 1.634069 -3.641157 12.570633 -97.211017 5.718995 9.415675 28.055361 -34.632997 -5.376881 0.112715 3.543183 7.705108 6.037002 34.142377 2.127483 86.418502 -2.921666 21.988337 -27.159151 34.877560 -5.024398 -3.172998 0.949497 -7.739958 -22.152789 13.285733 -6.665354 
2.350482 16.076674 82.921997 -3.477246 1.287482 5.960365 -15.598854 -12.795711 -32.366989 3.650972 2.340751 19.267000 1.712923 -0.167428 5.443458 -0.510499 -1.673979 -3.846692 26.791273 12.364056 -28.950026 -13.922111 -13.707161 54.550790 -0.750204 -2.775392 -15.735567 -0.520405 -6.630466 26.316974 8.578557 2.373451 2.178737 -0.762712 2.286037 -1.423124 -0.865480 -12.348811 9.500377 1.643848 -3.689457 12.561366 -97.260374 5.848704 9.149107 28.128124 -34.528181 -5.420770 0.207107 3.504932 7.633380 5.990800 34.075951 1.967150 86.008617 -3.140239 21.788970 -26.832480 34.310692 -4.699079 -3.266817 1.082296 -7.112692 -22.076980 12.918613 -6.781068 
2.415116 16.132544 83.203880 -3.404829 0.665186 6.373034 -15.849181 -12.753863 -32.276290 3.972602 2.818557 20.366472 1.534230 -0.148047 3.900760 -0.472420 -1.289800 -3.360280 26.644967 13.136331 -29.073695 -12.305032 -12.349406 47.502472 -1.374506 -0.923832 -17.453140 -0.681940 -6.546278 25.480269 8.501356 2.399747 1.701949 -0.698830 2.165671 -1.343766 -0.912826 -12.221661 9.566500 1.624100 -3.656974 12.549579 -97.195626 6.148904 9.067469 28.272100 -34.493742 -5.601675 0.151534 3.476572 7.603031 6.078082 33.999374 1.760361 85.808028 -3.329461 21.183153 -26.556695 33.780124 -4.588402 -2.940051 0.865055 -6.749578 -22.374297 12.949361 -6.852018 
2.463687 16.189421 83.479149 -3.408090 0.222082 6.698706 -16.016141 -12.755519 -32.090839 4.331277 3.388449 21.372442 1.559674 -0.326381 2.616635 -0.494876 -0.861956 -2.863847 25.846324 14.120672 -28.576513 -9.199680 -10.242180 39.840150 -2.300111 1.193253 -18.443079 -0.471075 -6.949629 24.179628 8.429822 2.411315 1.233836 -0.526481 2.014853 -1.206380 -1.059466 -12.135258 9.599588 1.648746 -3.674660 12.556508 -97.127445 6.350673 9.025732 28.351506 -34.386212 -5.632682 0.251334 3.484214 7.604875 6.074303 33.935841 1.626671 85.794140 -3.460851 20.342493 -26.263973 33.268690 -4.543423 -2.790934 0.795070 -6.390127 -22.414724 12.771497 -7.052416 
2.498819 16.240157 83.749313 -3.199731 0.152216 6.954759 -16.483189 -12.976472 -31.677820 4.673138 3.719150 22.205229 1.490174 -0.401896 1.460354 -0.455612 -0.298545 -2.396290 25.032040 14.679332 -28.197043 -7.445429 -8.662841 34.880118 -2.712554 1.110345 -17.118891 0.123783 -6.420771 23.611203 8.115035 2.151634 0.933266 -0.296198 1.723839 -1.169597 -1.167905 -11.945694 9.596189 1.596235 -3.679024 12.625613 -96.977012 6.550753 9.122407 28.444195 -34.286000 -5.726732 0.195312 3.539665 7.569204 6.069649 33.881541 1.480967 85.906059 -3.499876 19.256201 -25.939175 32.683058 -4.650989 -2.424589 0.701668 -6.152401 -22.714260 12.808489 -7.302640 
2.522775 16.284381 84.018768 -3.122076 0.125665 7.214802 -16.782094 -13.089117 -31.251686 4.953928 4.010000 22.939051 1.481547 -0.604847 0.210250 -0.521484 0.189560 -1.766925 24.393549 14.724320 -27.417060 -5.832551 -7.081720 31.153064 -2.724721 0.989265 -15.977281 0.344060 -5.821629 22.895480 7.917299 2.013298 0.610324 -0.148289 1.392801 -1.187620 -1.247315 -11.673452 9.703275 1.603165 -3.738657 12.636054 -96.756283 6.750603 9.165250 28.495029 -34.231077 -5.706750 0.274530 3.564561 7.635602 6.044448 33.850331 1.441087 86.217523 -3.610979 18.062225 -25.559941 32.162280 -4.817069 -2.222021 0.474704 -6.107669 -22.843561 12.964062 -7.529974 
2.528126 16.328141 84.282036 -2.937199 0.229836 7.361930 -17.115636 -13.015928 -30.809336 4.991150 4.301942 23.693267 1.590272 -0.936166 -0.797828 -0.512363 0.681580 -1.194258 23.798893 14.772898 -26.823122 -4.615359 -5.916211 28.976102 -1.926268 0.506067 -14.989861 0.096779 -5.421194 22.299252 7.657238 1.730617 0.381701 0.016973 1.153157 -1.173109 -1.306311 -11.458810 9.665238 1.551653 -3.763364 12.712184 -96.561705 6.931447 9.316698 28.539444 -34.107903 -5.673715 0.250327 3.558221 7.638402 6.017496 33.836779 1.401517 86.545396 -3.734459 16.899050 -25.247335 31.608094 -4.960795 -2.013237 0.500510 -5.952064 -23.069420 12.999797 -7.809827 
2.526587 16.363341 84.546051 -2.847418 0.572975 7.491452 -17.378105 -13.102150 -30.217124 5.092879 4.492658 24.307039 1.651429 -1.319500 -1.930800 -0.541185 1.061748 -0.736785 23.514531 14.803292 -26.396846 -4.076954 -5.744987 28.039039 -1.467667 0.351834 -14.462273 -0.312645 -5.047692 21.974773 7.497751 1.321681 0.197389 0.110086 0.931234 -1.234978 -1.349878 -11.232805 9.748715 1.520582 -3.845626 12.751748 -96.259909 7.137746 9.450816 28.526308 -34.099122 -5.612478 0.243763 3.556696 7.719625 6.015046 33.840513 1.395206 86.879617 -3.935620 15.776538 -24.856148 31.107721 -5.111385 -1.835880 0.315274 -5.992587 -23.238420 13.222215 -7.943127 
2.515449 16.392014 84.805557 -2.663814 0.970381 7.596276 -17.665322 -12.941187 -29.811148 4.946508 4.652950 25.117968 1.807972 -1.833222 -2.952638 -0.563850 1.383664 -0.213318 23.270675 15.012397 -25.880627 -3.853400 -5.860943 27.564910 -0.716643 0.140570 -14.427725 -0.669368 -4.921986 22.397435 7.245242 0.885194 -0.034326 0.203950 0.742240 -1.222664 -1.419316 -10.989239 9.853585 1.453076 -3.854912 12.779370 -95.994455 7.296791 9.645145 28.560151 -34.045233 -5.547349 0.217895 3.552062 7.791265 5.968302 33.875763 1.423838 87.258419 -4.196079 14.881100 -24.627804 30.689818 -5.184774 -1.773645 0.190982 -5.773628 -23.348017 13.304907 -8.104087 
2.498579 16.418019 85.060219 -2.612172 1.509285 7.602920 -17.800154 -12.812730 -29.292251 4.801253 4.784857 25.901563 1.900742 -2.379960 -3.941655 -0.624446 1.516329 0.141113 23.331117 15.084165 -25.528376 -4.298922 -6.733671 28.651251 -0.303020 0.232686 -15.059072 -1.007751 -4.899176 22.940576 7.184715 0.457819 -0.201043 0.169512 0.573808 -1.204823 -1.409944 -10.776354 9.982765 1.426962 -3.868400 12.858549 -95.630294 7.468455 9.826652 28.498155 -34.055662 -5.405684 0.192520 3.521161 7.903860 5.973330 33.891682 1.485005 87.541553 -4.526568 14.005768 -24.319717 30.176460 -5.198880 -1.703277 0.110471 -5.757330 -23.493301 13.489188 -8.077043 
2.478674 16.439307 85.307205 -2.552161 2.023882 7.651012 -17.888111 -12.579030 -28.943515 4.595539 4.937595 26.768317 2.071691 -3.005997 -4.820304 -0.649470 1.667179 0.414191 23.504048 15.107659 -24.989393 -4.803587 -7.379116 29.307192 0.019756 0.359550 -15.788326 -1.320783 -5.119536 24.009579 7.065692 0.080652 -0.420860 0.154988 0.412818 -1.163759 -1.358797 -10.554794 10.115999 1.357117 -3.866067 12.917268 -95.263885 7.537281 10.012202 28.397376 -33.989946 -5.267764 0.175958 3.500956 8.038453 5.911741 33.907158 1.566791 87.831404 -4.875735 13.224091 -24.081648 29.841242 -5.187917 -1.700672 -0.130689 -5.455252 -23.373410 13.622941 -8.151498 
2.460396 16.458396 85.542343 -2.487229 2.641874 7.617082 -17.998535 -12.420333 -28.487998 4.408652 5.051136 27.570612 2.145959 -3.598435 -5.584517 -0.702880 1.634485 0.687599 23.826798 15.357280 -24.117264 -5.768090 -8.189370 29.564341 0.122993 0.485166 -16.418322 -1.455565 -5.450329 25.017577 6.985669 -0.370303 -0.578133 0.110366 0.343185 -1.118305 -1.438970 -10.374037 10.287878 1.361872 -3.824213 13.058968 -94.945362 7.637477 10.207927 28.250513 -33.902317 -5.083054 0.149533 3.463969 8.187150 5.896346 33.902639 1.625532 88.078291 -5.233849 12.388302 -23.799559 29.368313 -5.073071 -1.658874 -0.149226 -5.278491 -23.384648 13.713310 -8.118772 
2.443892 16.473681 85.765259 -2.453941 3.224472 7.629585 -18.040879 -12.262140 -28.136838 4.241715 5.204223 28.353009 2.343439 -4.227528 -6.261805 -0.783107 1.717331 0.912328 24.100263 15.336532 -23.302003 -6.238085 -8.630467 29.661270 0.151832 0.459304 -17.172257 -1.537896 -5.574064 26.069269 6.908659 -0.729493 -0.817073 0.088162 0.222539 -1.034522 -1.439371 -10.207192 10.516284 1.325288 -3.776726 13.165481 -94.725117 7.670501 10.297144 28.147498 -33.841221 -4.936586 0.139383 3.500829 8.392431 5.857376 33.906590 1.732197 88.388265 -5.556843 11.611395 -23.648393 29.186335 -5.016278 -1.589444 -0.409079 -5.054438 -23.306097 13.888402 -8.154774 
2.430190 16.490216 85.972473 -2.419873 3.729708 7.593114 -18.106109 -12.084065 -27.730249 4.125997 5.331588 29.032084 2.459140 -4.774294 -6.802429 -0.843900 1.602635 1.106873 24.529058 15.380785 -22.365359 -6.901427 -8.876690 29.652141 0.264654 0.294432 -17.791216 -1.548604 -5.911886 26.783883 6.824856 -1.036851 -0.991692 0.021358 0.127359 -0.954907 -1.471753 -9.974688 10.728498 1.265109 -3.727085 13.364801 -94.514056 7.686491 10.280528 27.950025 -33.714836 -4.736134 0.112370 3.500830 8.551837 5.830658 33.897188 1.807527 88.741280 -5.808210 10.730228 -23.418424 28.802970 -4.949136 -1.569625 -0.421506 -4.900531 -23.362831 13.999566 -8.210661 
2.420626 16.507144 86.165390 -2.414174 4.235230 7.604863 -18.145807 -12.049937 -27.338126 4.120475 5.491146 29.593525 2.699093 -5.286070 -7.228788 -0.940906 1.629141 1.348070 24.915342 15.275223 -21.474794 -7.279703 -8.914779 29.458648 0.111998 -0.003779 -18.437558 -1.520626 -6.162171 27.550612 6.761596 -1.353186 -1.223158 -0.005052 0.082779 -0.844410 -1.473786 -9.846667 10.987947 1.226188 -3.636374 13.498863 -94.419295 7.580179 10.154144 27.738628 -33.522371 -4.573271 0.120083 3.561818 8.741642 5.796309 33.895303 1.929713 89.098366 -5.890954 9.851241 -23.146891 28.605717 -4.933206 -1.592203 -0.652916 -4.782570 -23.374956 14.148278 -8.302354 
2.416475 16.525550 86.347954 -2.383902 4.619240 7.615230 -18.223381 -11.973571 -26.895502 4.084270 5.572618 30.017125 2.732670 -5.638385 -7.603969 -1.013579 1.533592 1.520704 25.327591 15.209342 -20.633726 -7.739873 -8.828828 29.354675 0.176508 -0.354720 -18.892639 -1.622172 -6.469836 28.155143 6.646229 -1.550957 -1.346848 -0.038775 0.031698 -0.805231 -1.527346 -9.699666 11.263735 1.163846 -3.580101 13.721273 -94.343547 7.499593 9.897641 27.470569 -33.265102 -4.390655 0.092178 3.590240 8.857179 5.804104 33.866740 2.024785 89.502632 -6.020847 8.862730 -22.957635 28.370774 -4.995949 -1.572509 -0.699576 -4.711811 -23.426127 14.303212 -8.400384 
2.410957 16.543177 86.522232 -2.365541 4.992215 7.656806 -18.288341 -11.963529 -26.457065 4.107002 5.633749 30.363349 2.908829 -5.952761 -7.956339 -1.110550 1.504823 1.830366 25.720603 15.178029 -19.850151 -8.163558 -8.798327 29.215506 0.076362 -0.728625 -19.272890 -1.673086 -6.856596 28.640450 6.561943 -1.735524 -1.523546 -0.053365 0.014218 -0.756120 -1.544991 -9.598505 11.569201 1.114419 -3.535185 13.867601 -94.425665 7.386093 9.472952 27.221863 -32.966956 -4.269520 0.109241 3.665365 8.998952 5.781504 33.856962 2.128452 89.940356 -6.083656 7.871459 -22.798223 28.162305 -5.153691 -1.604820 -0.726957 -4.608912 -23.536451 14.334633 -8.556196 
2.404362 16.559210 86.692398 -2.325330 5.217235 7.713056 -18.353845 -11.917747 -26.040841 4.149436 5.730836 30.682604 2.998427 -6.197211 -8.308455 -1.177242 1.444678 1.967906 25.957889 15.019049 -19.277801 -8.300365 -8.779145 29.275432 0.087522 -0.935198 -19.567169 -1.821504 -7.089260 29.286080 6.434795 -1.804634 -1.621818 -0.074273 -0.010343 -0.745633 -1.584463 -9.472780 11.866808 1.035808 -3.496638 14.056194 -94.544279 7.289274 8.920302 26.973197 -32.676358 -4.199594 0.092682 3.732552 9.031632 5.804574 33.815656 2.208656 90.397776 -6.143163 6.826861 -22.700000 28.029861 -5.273791 -1.613722 -0.793815 -4.693203 -23.643417 14.441025 -8.591733 
2.393978 16.573142 86.854416 -2.272118 5.436153 7.823805 -18.393759 -11.904031 -25.703708 4.172827 5.810845 30.988289 3.129161 -6.411748 -8.643966 -1.208252 1.442369 2.121012 26.301574 14.912989 -18.698244 -8.707308 -8.784033 29.186197 0.034762 -1.036792 -19.788743 -1.887827 -7.442446 29.687671 6.323595 -1.848488 -1.746270 -0.099033 -0.014735 -0.751503 -1.574702 -9.369483 12.200444 0.994598 -3.513437 14.194260 -94.748943 7.149675 8.234643 26.687027 -32.303000 -4.144575 0.136178 3.771762 9.079931 5.826990 33.806655 2.290908 90.820235 -6.140499 5.939513 -22.576632 27.848015 -5.467393 -1.695774 -0.823873 -4.683665 -23.762420 14.449544 -8.709833 
2.380863 16.586285 87.010712 -2.248212 5.565231 7.901111 -18.380099 -11.851108 -25.333651 4.160859 5.863244 31.259417 3.160137 -6.520286 -9.001195 -1.258965 1.380791 2.174120 26.586946 14.739676 -18.190421 -8.876034 -8.764440 29.185178 0.014947 -1.112504 -19.951786 -1.893126 -7.664176 30.118716 6.250847 -1.850102 -1.804653 -0.130497 0.001268 -0.753024 -1.604663 -9.300912 12.499711 0.899325 -3.494758 14.395636 -94.989805 7.031130 7.482833 26.442298 -31.961366 -4.116779 0.145207 3.826281 9.047498 5.878461 33.749104 2.358316 91.204556 -6.137041 5.045725 -22.493860 27.728214 -5.595725 -1.747175 -0.890770 -4.759945 -23.911195 14.423531 -8.717987 
2.368480 16.597027 87.160049 -2.199234 5.702504 8.014183 -18.394589 -11.845313 -25.025801 4.196786 5.954815 31.529787 3.284841 -6.660404 -9.325069 -1.300199 1.380226 2.222412 26.850330 14.645882 -17.737905 -9.139396 -8.806235 29.198166 0.061630 -1.164111 -20.115530 -2.054811 -7.885051 30.330541 6.134874 -1.841976 -1.881914 -0.139546 -0.002815 -0.754763 -1.612731 -9.195322 12.798401 0.851789 -3.518637 14.521642 -95.272120 6.917861 6.692134 26.228714 -31.627030 -4.136950 0.151718 3.885857 9.030331 5.908341 33.714934 2.395908 91.579537 -6.082138 4.333876 -22.436161 27.552431 -5.773275 -1.838093 -0.916185 -4.784399 -24.048589 14.453031 -8.783264 
2.354728 16.605561 87.303802 -2.175283 5.764000 8.106266 -18.367613 -11.777504 -24.723347 4.187312 6.011398 31.796655 3.351231 -6.731333 -9.679942 -1.317430 1.338067 2.134240 27.067101 14.417994 -17.372266 -9.212647 -8.807802 29.264121 0.080734 -1.115196 -20.235501 -2.074528 -8.044153 30.446535 6.043802 -1.789984 -1.894775 -0.159187 0.017497 -0.769874 -1.637458 -9.091139 13.065933 0.793590 -3.518521 14.706062 -95.526438 6.853509 5.931315 26.028348 -31.331872 -4.153940 0.214600 3.948259 8.980431 5.931220 33.657056 2.427223 91.952273 -6.023700 3.709406 -22.423880 27.456355 -5.885934 -1.894788 -0.970135 -4.884895 -24.163309 14.465953 -8.747454 
2.343265 16.612929 87.442749 -2.127250 5.820883 8.241352 -18.353547 -11.748173 -24.466208 4.144565 6.049945 32.051538 3.367621 -6.745438 -10.024206 -1.326078 1.292133 2.069511 27.194545 14.369664 -17.080081 -9.331224 -8.994495 29.402638 0.127136 -1.042615 -20.340729 -2.135768 -8.184629 30.401906 5.934799 -1.725968 -1.937491 -0.154973 -0.000621 -0.759478 -1.667780 -8.976621 13.350691 0.764695 -3.565640 14.824846 -95.807651 6.836156 5.262408 25.913909 -31.095957 -4.228160 0.221013 4.005233 8.982991 5.985526 33.626098 2.427559 92.225439 -5.903387 3.336383 -22.370273 27.312102 -6.042255 -1.963585 -0.988770 -4.972170 -24.279977 14.470590 -8.723435 
2.334516 16.617751 87.578133 -2.119214 5.811082 8.367113 -18.334553 -11.722324 -24.201049 4.176916 6.098332 32.296936 3.359642 -6.734203 -10.415045 -1.313156 1.237852 2.016344 27.339469 14.308097 -16.820804 -9.373740 -9.089189 29.606535 0.228173 -0.991633 -20.453615 -2.186981 -8.343435 30.203496 5.819523 -1.666382 -1.953351 -0.153193 0.033708 -0.737513 -1.713568 -8.867166 13.597962 0.713461 -3.537346 14.979246 -96.003104 6.823020 4.702593 25.809815 -30.874436 -4.239336 0.272991 4.000947 8.987652 5.981624 33.605527 2.413653 92.505030 -5.777602 3.099722 -22.364900 27.240986 -6.117554 -2.002788 -1.018704 -5.069837 -24.303830 14.495105 -8.678289 
2.326469 16.623019 87.707733 -2.075503 5.797742 8.497668 -18.380476 -11.714226 -23.951129 4.240026 6.115978 32.543368 3.386366 -6.678181 -10.743144 -1.288283 1.238242 2.011489 27.351908 14.228574 -16.659585 -9.284487 -9.235320 29.893485 0.220581 -0.949782 -20.529200 -2.186715 -8.315908 29.981579 5.689553 -1.595090 -1.956936 -0.142950 0.034506 -0.709047 -1.724367 -8.721025 13.829066 0.688272 -3.545490 15.049096 -96.157745 6.848657 4.323662 25.732814 -30.732888 -4.266590 0.264944 4.051016 9.010884 5.989780 33.552736 2.387419 92.685076 -5.632074 3.079112 -22.337401 27.134200 -6.183569 -2.047187 -0.996738 -5.112144 -24.331871 14.554750 -8.636551 
2.319937 16.627255 87.834915 -2.073004 5.739405 8.669244 -18.409990 -11.728950 -23.711538 4.367600 6.120641 32.726946 3.314420 -6.598937 -11.111130 -1.244130 1.204409 1.948199 27.382690 14.108834 -16.544046 -9.141450 -9.316340 30.134020 0.303443 -0.836247 -20.598617 -2.194683 -8.321820 29.709129 5.564468 -1.504513 -1.954585 -0.141645 0.088869 -0.690633 -1.730261 -8.581059 14.025061 0.671238 -3.486743 15.165294 -96.231195 6.901519 4.074493 25.708173 -30.625781 -4.283232 0.318639 4.052630 9.099143 5.914242 33.529425 2.315089 92.877217 -5.483671 3.189075 -22.342567 27.111602 -6.182973 -2.071272 -1.014292 -5.170045 -24.295127 14.645769 -8.553001 
2.313765 16.630362 87.957367 -2.046942 5.634401 8.851870 -18.477591 -11.756267 -23.479743 4.523187 6.128508 32.888240 3.353091 -6.486556 -11.484256 -1.248308 1.262099 1.948739 27.347713 14.044147 -16.454930 -8.947445 -9.403442 30.402501 0.318818 -0.747060 -20.681647 -2.179683 -8.220897 29.471375 5.428872 -1.403314 -1.965622 -0.111439 0.140378 -0.662876 -1.745412 -8.432400 14.230808 0.661974 -3.454900 15.221057 -96.292657 6.957617 3.974210 25.648028 -30.535045 -4.262794 0.326951 4.074911 9.183041 5.866485 33.500609 2.252290 92.916516 -5.331126 3.559404 -22.291971 27.077495 -6.145109 -2.066221 -1.001849 -5.174482 -24.255385 14.773893 -8.422782 
2.310659 16.632954 88.076492 -2.046251 5.486211 9.050732 -18.557164 -11.803430 -23.272160 4.760452 6.155551 33.047086 3.319456 -6.363843 -11.837587 -1.201221 1.272814 1.904407 27.348258 13.950404 -16.386645 -8.780531 -9.427416 30.647299 0.350518 -0.620090 -20.733809 -2.098746 -8.186462 29.178939 5.290267 -1.300373 -1.980381 -0.094032 0.229263 -0.628747 -1.773450 -8.304358 14.408526 0.669584 -3.347621 15.304718 -96.302270 7.002110 3.948492 25.642898 -30.485602 -4.231230 0.352612 4.108058 9.313324 5.812387 33.485325 2.163444 92.971734 -5.144428 4.013826 -22.304680 27.090066 -6.034831 -2.099374 -1.002312 -5.113737 -24.150363 14.901292 -8.312360 
2.311368 16.634024 88.192886 -2.022274 5.362801 9.250635 -18.652070 -11.882704 -23.069758 4.942003 6.183522 33.214951 3.270150 -6.217176 -12.194372 -1.143829 1.278978 1.937907 27.269479 13.877391 -16.376291 -8.577406 -9.497045 30.977307 0.362495 -0.520547 -20.807753 -2.038999 -8.061309 28.869946 5.164771 -1.224959 -2.002664 -0.060927 0.289980 -0.602754 -1.782024 -8.158592 14.573437 0.667452 -3.273681 15.328729 -96.304473 7.040608 3.982155 25.579565 -30.446719 -4.158563 0.370058 4.136971 9.409719 5.758984 33.461822 2.136233 92.903627 -4.963581 4.650298 -22.286610 27.107429 -5.907117 -2.088115 -0.994717 -5.057766 -24.019795 15.064981 -8.148937 
2.315068 16.633540 88.307251 -2.025264 5.189720 9.478934 -18.749115 -11.934837 -22.891936 5.162572 6.201880 33.347854 3.219749 -6.077227 -12.578681 -1.097779 1.265782 1.912854 27.201568 13.817627 -16.371298 -8.379340 -9.559843 31.250147 0.389373 -0.350274 -20.880967 -2.015231 -8.018677 28.548824 5.025237 -1.106580 -2.015137 -0.046707 0.372453 -0.576537 -1.766324 -8.028217 14.685459 0.676947 -3.172389 15.385844 -96.237085 7.042986 4.032630 25.547072 -30.444170 -4.093837 0.395518 4.169951 9.550143 5.699679 33.454706 2.084819 92.881478 -4.744675 5.326114 -22.292791 27.146399 -5.726724 -2.103417 -0.955234 -4.933088 -23.825593 15.181142 -8.029702 
2.321645 16.632912 88.421951 -2.022285 5.042768 9.695946 -18.848986 -11.994582 -22.704978 5.349913 6.235689 33.486650 3.179663 -5.944572 -12.944768 -1.037801 1.278436 1.967175 27.103714 13.738186 -16.389766 -8.170733 -9.645779 31.570078 0.394105 -0.194509 -20.944202 -1.965091 -7.894056 28.246876 4.903172 -1.018004 -2.060273 0.007612 0.453964 -0.544226 -1.775151 -7.920784 14.831826 0.660530 -3.091722 15.415893 -96.219607 7.048899 4.116995 25.456984 -30.407198 -4.014403 0.429256 4.174649 9.651577 5.619891 33.496091 2.051866 92.745713 -4.501355 6.106769 -22.260129 27.190791 -5.554383 -2.067393 -0.878560 -4.893841 -23.688496 15.254997 -7.799945 
2.331991 16.631323 88.534821 -2.026013 4.868531 9.945285 -18.957232 -12.045340 -22.540700 5.547284 6.273638 33.583154 3.114515 -5.828970 -13.312654 -0.936017 1.287124 1.984458 26.994774 13.739679 -16.403457 -7.963584 -9.712728 31.864457 0.418150 -0.083798 -21.047108 -1.935927 -7.838418 27.931422 4.775242 -0.915841 -2.099262 0.019712 0.545045 -0.514566 -1.762803 -7.825366 14.935237 0.661514 -2.978166 15.463998 -96.170838 7.020593 4.176673 25.408900 -30.407047 -3.955234 0.441287 4.207881 9.782952 5.597133 33.499821 2.004045 92.679764 -4.227393 6.914498 -22.304899 27.329299 -5.357254 -2.109979 -0.869224 -4.857234 -23.473427 15.345746 -7.650639 
2.345883 16.629378 88.649918 -2.036588 4.701081 10.171857 -19.074182 -12.110899 -22.338258 5.729404 6.306163 33.689582 3.042104 -5.678774 -13.687923 -0.883486 1.310108 2.062908 26.863545 13.656867 -16.423645 -7.711067 -9.773567 32.174280 0.404464 0.058261 -21.129340 -1.874021 -7.687114 27.600463 4.654809 -0.831412 -2.161326 0.067147 0.647023 -0.506027 -1.747118 -7.753648 15.062896 0.650784 -2.897227 15.479792 -96.132128 7.009889 4.241062 25.307241 -30.360749 -3.877007 0.466575 4.218633 9.867440 5.543116 33.527648 1.984614 92.529260 -3.959266 7.785005 -22.267687 27.419081 -5.202886 -2.087506 -0.756508 -4.865888 -23.310741 15.371292 -7.433141 
2.362452 16.627959 88.767204 -2.038250 4.534376 10.438594 -19.202305 -12.168476 -22.139427 5.916550 6.369778 33.715327 3.042179 -5.589992 -14.034722 -0.810191 1.355647 2.082387 26.693291 13.621755 -16.434342 -7.425719 -9.828243 32.429317 0.397314 0.164277 -21.239818 -1.808005 -7.629512 27.334654 4.525685 -0.724686 -2.231608 0.096426 0.736729 -0.485952 -1.730992 -7.699464 15.151276 0.659367 -2.801821 15.497412 -96.077960 6.961569 4.292548 25.228651 -30.339810 -3.822275 0.472143 4.250042 9.967844 5.516555 33.528278 1.932782 92.415051 -3.656294 8.661342 -22.292950 27.595408 -5.044760 -2.126298 -0.726058 -4.889133 -23.098046 15.377064 -7.303003 
2.384090 16.626879 88.886810 -2.037562 4.369041 10.683597 -19.351592 -12.212283 -21.914955 6.073132 6.424207 33.754061 2.969367 -5.480151 -14.362336 -0.734927 1.380453 2.134375 26.516737 13.532702 -16.444091 -7.176405 -9.893012 32.707748 0.408515 0.313012 -21.300692 -1.740108 -7.501639 27.099537 4.437016 -0.619259 -2.327840 0.113936 0.843905 -0.452412 -1.707665 -7.667844 15.250693 0.633878 -2.743672 15.520298 -96.045509 6.909832 4.372760 25.125042 -30.293448 -3.755974 0.494456 4.257338 10.045806 5.448874 33.569844 1.882943 92.225949 -3.355067 9.551499 -22.279363 27.750183 -4.910193 -2.125747 -0.568379 -4.955737 -22.989675 15.366989 -7.129870 
2.405923 16.624655 89.008545 -2.029995 4.200079 10.961175 -19.492115 -12.241051 -21.719939 6.208916 6.497461 33.774154 2.945519 -5.408385 -14.685817 -0.666863 1.396876 2.140661 26.298312 13.484679 -16.457459 -6.857320 -9.942376 32.967520 0.410929 0.410748 -21.407509 -1.665879 -7.453797 26.883761 4.338330 -0.509008 -2.430480 0.127205 0.928711 -0.426663 -1.695237 -7.627689 15.327651 0.612488 -2.667023 15.553210 -96.022395 6.844129 4.444601 25.037504 -30.258689 -3.693318 0.522553 4.274914 10.125357 5.410232 33.561684 1.823613 92.080632 -3.067449 10.471264 -22.352084 27.985050 -4.764180 -2.192599 -0.506586 -5.049684 -22.855026 15.336470 -6.991968 
2.431460 16.624079 89.134422 -2.026542 4.080826 11.213738 -19.663417 -12.267984 -21.481711 6.369022 6.563761 33.789401 2.899781 -5.362495 -14.944656 -0.602113 1.424462 2.128665 26.070223 13.390911 -16.448791 -6.546541 -10.042023 33.215427 0.424309 0.520316 -21.441968 -1.571272 -7.341763 26.677381 4.264261 -0.424840 -2.542750 0.144718 1.024114 -0.415555 -1.656126 -7.620790 15.427388 0.595864 -2.622030 15.554850 -95.989356 6.809544 4.561074 24.953169 -30.222984 -3.615843 0.537325 4.261483 10.198917 5.369338 33.577981 1.776204 91.876686 -2.814850 11.408089 -22.398200 28.253529 -4.664011 -2.220275 -0.380873 -5.147196 -22.779938 15.322647 -6.813166 
2.458866 16.622893 89.262115 -2.018893 3.967197 11.487368 -19.815112 -12.286341 -21.270732 6.486843 6.661879 33.799967 2.883469 -5.353672 -15.178630 -0.551950 1.427462 2.121573 25.862349 13.316342 -16.413859 -6.275631 -10.096130 33.417225 0.418465 0.580230 -21.506626 -1.517789 -7.269579 26.473756 4.220840 -0.330002 -2.650933 0.146470 1.095629 -0.395764 -1.648811 -7.591208 15.488873 0.585852 -2.560854 15.553889 -95.985017 6.752079 4.687447 24.883675 -30.206119 -3.554600 0.564916 4.269378 10.255286 5.327473 33.567410 1.713038 91.670201 -2.583344 12.315228 -22.472992 28.522080 -4.567632 -2.282321 -0.288610 -5.195782 -22.705111 15.233779 -6.744170 
2.492103 16.621560 89.396385 -2.003486 3.869245 11.743230 -19.992507 -12.248839 -21.076973 6.569109 6.749728 33.888605 2.802900 -5.370265 -15.353782 -0.478225 1.422747 2.160040 25.622211 13.208329 -16.352055 -5.994339 -10.169990 33.626897 0.442809 0.652376 -21.554668 -1.409830 -7.173688 26.294617 4.187418 -0.236653 -2.766464 0.142294 1.162427 -0.364436 -1.619324 -7.552253 15.566230 0.554111 -2.538518 15.558935 -95.961167 6.706458 4.858335 24.822689 -30.221219 -3.470625 0.587282 4.249843 10.293973 5.284901 33.578925 1.661621 91.417039 -2.362873 13.225585 -22.568069 28.804734 -4.541453 -2.278466 -0.146786 -5.302196 -22.726746 15.184777 -6.628590 
2.525622 16.620791 89.534790 -2.006630 3.799677 11.989637 -20.119211 -12.228447 -20.906692 6.634526 6.905632 34.041379 2.783314 -5.419049 -15.448470 -0.459424 1.428769 2.218725 25.432889 13.090980 -16.269342 -5.737580 -10.205766 33.849818 0.465840 0.633754 -21.553657 -1.359890 -7.068301 26.029205 4.207554 -0.159082 -2.855370 0.137292 1.190489 -0.331120 -1.617475 -7.490043 15.577532 0.512987 -2.486176 15.571759 -95.972695 6.640341 5.041013 24.794645 -30.252402 -3.404666 0.621958 4.232522 10.307225 5.243443 33.574095 1.617376 91.152279 -2.202630 14.072195 -22.701350 29.160897 -4.509784 -2.366213 -0.079053 -5.399014 -22.716201 15.099923 -6.579324 
2.563977 16.618415 89.676971 -1.985053 3.781840 12.220105 -20.310019 -12.165713 -20.723697 6.693786 7.003050 34.219863 2.759398 -5.498932 -15.519975 -0.424794 1.446334 2.275436 25.188579 12.975223 -16.155898 -5.451632 -10.277458 34.071638 0.471739 0.569917 -21.585259 -1.223203 -6.949096 25.762424 4.210322 -0.112129 -2.913585 0.136812 1.232858 -0.320173 -1.593150 -7.428422 15.620580 0.499956 -2.467260 15.527591 -95.953627 6.591104 5.298026 24.797635 -30.329493 -3.363827 0.627039 4.206007 10.281035 5.219789 33.539001 1.574082 90.878927 -2.063871 14.832457 -22.890411 29.523989 -4.578408 -2.361223 0.035133 -5.567558 -22.776263 15.057808 -6.472123 
2.604646 16.613043 89.824776 -1.964427 3.797093 12.443930 -20.442652 -12.087412 -20.595948 6.672062 7.173431 34.506283 2.775275 -5.648494 -15.546846 -0.425157 1.460875 2.327328 24.995104 12.788211 -16.054206 -5.232657 -10.283788 34.355749 0.489495 0.468418 -21.620305 -1.189288 -6.759964 25.499834 4.258762 -0.088536 -2.948146 0.124904 1.240636 -0.279795 -1.581268 -7.364391 15.586008 0.464690 -2.414687 15.520138 -95.968285 6.506346 5.572559 24.830131 -30.424340 -3.359550 0.660238 4.151971 10.227936 5.202754 33.512970 1.531670 90.595227 -1.923162 15.523252 -23.081544 29.943756 -4.650049 -2.433163 0.108327 -5.680809 -22.787738 14.974873 -6.484784 
2.647933 16.607386 89.976387 -1.915094 3.878236 12.667177 -20.637602 -11.981657 -20.448304 6.660031 7.276474 34.781188 2.754005 -5.829984 -15.531761 -0.405263 1.503363 2.421443 24.766486 12.562597 -15.938032 -4.965356 -10.246379 34.632248 0.485409 0.265263 -21.670144 -1.049731 -6.636207 25.264602 4.281841 -0.142869 -2.954055 0.116056 1.274783 -0.265285 -1.571037 -7.286878 15.582789 0.429394 -2.390494 15.472552 -95.960479 6.447848 5.895300 24.900201 -30.562907 -3.360116 0.687318 4.062569 10.114289 5.179959 33.476954 1.505688 90.328876 -1.774385 16.072202 -23.333741 30.333812 -4.787793 -2.464277 0.248559 -5.925966 -22.825212 14.904619 -6.457000 
2.690973 16.598736 90.133797 -1.877974 3.991920 12.875565 -20.783185 -11.865000 -20.352645 6.598853 7.395072 35.201635 2.757280 -6.010872 -15.485824 -0.411798 1.525835 2.510564 24.590239 12.275823 -15.882321 -4.769894 -10.211533 35.055589 0.503707 0.049568 -21.647320 -0.964449 -6.490022 25.079328 4.347259 -0.198447 -2.933532 0.111132 1.251265 -0.261938 -1.560392 -7.223749 15.530483 0.367986 -2.317741 15.448101 -95.992072 6.376747 6.243125 25.008037 -30.750581 -3.398680 0.724213 3.972664 9.983949 5.161969 33.460220 1.481026 90.088319 -1.662846 16.546095 -23.603629 30.812108 -4.936122 -2.525034 0.286417 -6.149385 -22.841264 14.856280 -6.487280 
2.735535 16.590369 90.294525 -1.809893 4.185225 13.066622 -20.988343 -11.693924 -20.204049 6.536655 7.430606 35.569040 2.763375 -6.241130 -15.384378 -0.397159 1.518743 2.554474 24.425411 11.960024 -15.839240 -4.664696 -10.206264 35.539666 0.500223 -0.243004 -21.515240 -0.922754 -6.428230 24.921824 4.352073 -0.320410 -2.852826 0.138750 1.231546 -0.272431 -1.549256 -7.139917 15.473195 0.360152 -2.322571 15.379181 -95.978323 6.281776 6.636383 25.141885 -30.973825 -3.448541 0.749621 3.872727 9.786556 5.172057 33.398814 1.462000 89.880727 -1.505272 16.893744 -23.873880 31.196795 -5.088375 -2.582428 0.447893 -6.408730 -22.857668 14.775915 -6.483574 
2.780747 16.578364 90.459503 -1.755443 4.383575 13.255554 -21.136920 -11.508600 -20.125218 6.406085 7.474304 36.081658 2.766041 -6.444667 -15.261319 -0.446422 1.484559 2.604003 24.270635 11.531570 -15.867745 -4.542009 -10.170676 36.123403 0.598733 -0.478940 -21.351051 -0.892384 -6.346088 24.823665 4.408461 -0.447005 -2.772295 0.143914 1.179661 -0.275951 -1.515386 -7.100299 15.371357 0.308912 -2.264118 15.331802 -96.005441 6.183517 7.031753 25.318287 -31.215436 -3.550661 0.767696 3.752335 9.606748 5.186203 33.386401 1.433101 89.731688 -1.339391 17.174331 -24.168220 31.657156 -5.224010 -2.617500 0.465416 -6.639064 -22.897717 14.739650 -6.528075 
2.825456 16.565041 90.627449 -1.692666 4.618260 13.457535 -21.301069 -11.334457 -20.005429 6.299915 7.494262 36.529490 2.747056 -6.675604 -15.147751 -0.463564 1.454159 2.622522 24.186328 11.150006 -15.931318 -4.603137 -10.178631 36.787349 0.672191 -0.772495 -21.058496 -0.993578 -6.213696 24.749468 4.408269 -0.588156 -2.640045 0.177860 1.099226 -0.308611 -1.507798 -7.031068 15.268404 0.285155 -2.251647 15.274191 -95.967503 6.060568 7.434876 25.475889 -31.495763 -3.602841 0.817148 3.614063 9.358977 5.187214 33.353848 1.430637 89.655550 -1.147822 17.331564 -24.441358 31.990038 -5.344318 -2.653642 0.592061 -6.871717 -22.903595 14.660993 -6.536483 
2.865936 16.550261 90.798370 -1.617601 4.844342 13.655548 -21.459717 -11.164276 -19.907958 6.208454 7.524978 37.044492 2.753234 -6.880090 -14.976508 -0.491807 1.370373 2.596965 24.105644 10.753241 -16.098148 -4.725214 -10.245745 37.626675 0.806005 -1.065543 -20.599955 -1.070860 -6.192563 24.698114 4.449129 -0.751951 -2.524026 0.195763 1.021913 -0.359323 -1.497193 -7.046657 15.166970 0.255663 -2.182571 15.189897 -95.972703 5.933415 7.869160 25.676930 -31.752671 -3.736913 0.835398 3.486540 9.180158 5.193043 33.346523 1.391497 89.609871 -0.943613 17.406902 -24.676361 32.366113 -5.409332 -2.673730 0.601547 -7.100429 -22.921702 14.624698 -6.516209 
2.905336 16.534194 90.973053 -1.549470 5.086785 13.856851 -21.606921 -11.048909 -19.751980 6.117428 7.539444 37.518021 2.789876 -7.028371 -14.843113 -0.577201 1.279896 2.592878 24.047282 10.438008 -16.356312 -4.971962 -10.450892 38.640601 1.014419 -1.380978 -19.924560 -1.297850 -6.035814 24.722247 4.436065 -0.918359 -2.370575 0.252591 0.901425 -0.416306 -1.464112 -7.000775 15.024062 0.244319 -2.162421 15.121159 -95.932555 5.779864 8.270231 25.867674 -32.038960 -3.814931 0.882091 3.368528 8.954617 5.210486 33.299086 1.387497 89.636077 -0.721159 17.404967 -24.845181 32.596074 -5.486265 -2.698721 0.624411 -7.295812 -22.908574 14.623591 -6.522736 
2.941264 16.517285 91.152985 -1.447527 5.269760 14.049315 -21.762470 -10.896374 -19.573887 6.001814 7.588363 37.977916 2.823627 -7.170242 -14.651206 -0.607092 1.170705 2.540360 23.960485 10.094747 -16.653764 -5.225389 -10.628937 39.753626 1.296672 -1.717690 -19.103486 -1.459926 -5.910728 24.541328 4.449252 -1.109079 -2.198039 0.281708 0.797018 -0.496243 -1.465334 -7.070347 14.849385 0.224740 -2.089708 15.023093 -95.938859 5.591770 8.708542 26.072253 -32.251036 -3.946223 0.907017 3.242245 8.798963 5.213339 33.325169 1.349610 89.686772 -0.477107 17.330100 -24.989290 32.841122 -5.525456 -2.701458 0.591241 -7.497081 -22.928010 14.629929 -6.466094 
2.976386 16.501530 91.335892 -1.358302 5.415348 14.269590 -21.935753 -10.803508 -19.350975 5.950005 7.626980 38.362902 2.887175 -7.223133 -14.457344 -0.710419 1.035912 2.537892 23.869754 9.761969 -17.002632 -5.503010 -10.835213 40.882093 1.680188 -2.016713 -18.114944 -1.770471 -5.732296 24.560601 4.427094 -1.310517 -1.991567 0.327216 0.691261 -0.615141 -1.441032 -7.102871 14.638462 0.178600 -2.064842 14.948121 -95.907052 5.388980 9.117303 26.259033 -32.488955 -4.015737 0.972769 3.144555 8.622863 5.223792 33.329039 1.348378 89.797793 -0.273489 17.179368 -25.105463 32.981367 -5.616923 -2.683667 0.602294 -7.678126 -22.902610 14.608699 -6.469780 
3.008885 16.484992 91.527039 -1.442949 5.528193 14.356529 -21.900992 -10.567100 -19.017256 5.870477 7.714942 38.750959 2.942859 -7.316290 -14.244246 -0.736922 0.952280 2.438837 23.957531 9.735897 -17.761857 -6.023794 -11.291913 42.491845 2.298752 -2.946692 -15.901566 -1.995425 -5.679414 24.460040 4.714397 -1.480375 -1.597161 0.257038 0.575207 -0.799745 -1.407585 -7.224197 14.441717 0.188857 -2.006763 14.793713 -95.918059 5.154617 9.525818 26.456236 -32.672971 -4.156361 0.996974 3.035253 8.537382 5.210122 33.380546 1.309689 89.879751 -0.031732 16.997786 -25.158258 33.151164 -5.664834 -2.649540 0.531972 -7.900090 -22.929704 14.651219 -6.419096 
3.040411 16.472407 91.728745 -1.616322 5.631647 14.417802 -21.781389 -10.349475 -18.566674 5.798413 7.791051 39.046534 3.047938 -7.304612 -13.987527 -0.841813 0.865662 2.437795 24.193026 9.569842 -18.743109 -6.717211 -11.597640 43.488638 2.717831 -3.381367 -15.378319 -2.220757 -5.534302 24.346285 5.129226 -1.671912 -1.155525 0.148164 0.495911 -0.971324 -1.318081 -7.299241 14.169555 0.142256 -2.002290 14.702911 -95.949912 4.875078 9.887471 26.647080 -32.853920 -4.239947 1.045683 2.936991 8.420756 5.237325 33.399586 1.298662 89.972717 0.216852 16.790159 -25.145331 33.190168 -5.680192 -2.616870 0.489343 -8.086364 -22.942865 14.663334 -6.408570 
3.070951 16.456076 91.944199 -1.820967 5.654812 14.451964 -21.621390 -10.033094 -18.097429 5.707824 7.896522 39.386195 3.048206 -7.289345 -13.675444 -0.837688 0.769051 2.395720 24.423736 9.699770 -20.016815 -7.563350 -12.093055 44.602510 3.074252 -3.919323 -14.817110 -2.397215 -5.530717 24.266606 5.616582 -1.823588 -0.626631 0.028901 0.419288 -1.163181 -1.284429 -7.460415 13.877185 0.170869 -1.978183 14.545473 -96.046797 4.526387 10.258470 26.862874 -32.990033 -4.367134 1.064122 2.866904 8.358596 5.256644 33.446303 1.280741 90.018289 0.433337 16.582555 -25.114806 33.242684 -5.658203 -2.619674 0.430036 -8.232640 -22.944416 14.743339 -6.335387 
3.098714 16.441762 92.173080 -2.150903 5.683830 14.433763 -21.352940 -9.720668 -17.514059 5.672194 7.989101 39.696441 3.102172 -7.178098 -13.306041 -0.894544 0.704726 2.417395 24.856726 9.741293 -21.467805 -8.403120 -12.336839 45.366565 3.257383 -4.268387 -14.839915 -2.456779 -5.443473 24.168873 6.222421 -2.003576 -0.043249 -0.158221 0.385688 -1.317042 -1.137439 -7.551719 13.535778 0.122646 -1.944975 14.428773 -96.081322 4.088195 10.574712 27.038010 -33.158282 -4.445412 1.114831 2.803686 8.242163 5.264302 33.479713 1.297451 90.121057 0.655501 16.361825 -25.060220 33.225625 -5.619061 -2.592291 0.368474 -8.277832 -22.942771 14.782025 -6.331600 
3.122539 16.423144 92.415985 -2.473153 5.604163 14.449347 -21.067456 -9.308379 -16.958892 5.574519 8.069577 40.027296 3.062473 -7.022794 -12.885515 -0.879686 0.696407 2.430860 25.223915 10.144787 -23.251664 -9.283790 -12.632383 45.969308 3.209070 -4.366690 -15.308808 -2.526811 -5.507216 24.201310 6.848377 -2.097465 0.511050 -0.352521 0.357694 -1.491145 -1.045704 -7.763547 13.198072 0.191728 -1.943920 14.215546 -96.185607 3.660455 10.896157 27.237243 -33.297837 -4.592907 1.142186 2.762058 8.167939 5.288339 33.517470 1.298492 90.154932 0.837549 16.110487 -24.941957 33.168095 -5.481772 -2.553780 0.276802 -8.283583 -22.966080 14.898348 -6.281031 
3.145150 16.406035 92.673615 -2.859263 5.566112 14.496655 -20.730387 -8.984636 -16.319219 5.565985 8.184684 40.255458 3.034413 -6.838350 -12.377532 -0.869858 0.675549 2.531666 25.680586 10.589815 -25.079290 -9.926704 -12.741510 45.962920 2.949655 -4.230326 -16.236596 -2.338686 -5.545874 24.141809 7.515332 -2.272903 1.029037 -0.564742 0.404732 -1.605690 -0.878583 -7.922772 12.820949 0.213481 -1.954581 14.082671 -96.258154 3.220967 11.146441 27.435160 -33.481016 -4.690150 1.213294 2.691330 8.058346 5.299154 33.527951 1.295623 90.231640 1.021909 15.821860 -24.809730 33.061661 -5.331565 -2.481402 0.158037 -8.227725 -23.048214 14.967100 -6.259793 
3.165587 16.386382 92.942581 -3.210637 5.352254 14.628133 -20.422467 -8.545734 -15.755332 5.511054 8.310156 40.454107 2.993805 -6.619483 -11.779676 -0.839600 0.670242 2.611060 26.025799 11.304265 -27.039546 -10.367874 -12.667466 45.561712 2.478647 -3.745046 -17.618390 -2.220556 -5.767174 24.411533 8.107891 -2.343003 1.443601 -0.736712 0.486295 -1.723222 -0.794629 -8.194519 12.509124 0.309033 -1.949936 13.872573 -96.387253 2.811185 11.373945 27.647458 -33.640574 -4.846136 1.244496 2.602753 7.977895 5.327973 33.564987 1.278783 90.240753 1.087717 15.406298 -24.673070 32.900456 -5.141237 -2.417210 0.050021 -8.121569 -23.106045 15.096835 -6.188155 
3.183504 16.366078 93.226349 -3.580079 5.197844 14.815383 -20.108323 -8.225460 -15.112637 5.526439 8.450234 40.544619 3.004708 -6.355337 -11.110602 -0.878501 0.706898 2.709855 26.356723 12.024126 -28.874320 -10.429624 -12.398966 44.531700 1.844358 -3.117839 -18.880900 -1.951001 -5.902447 24.471083 8.650446 -2.519910 1.763446 -0.883925 0.598430 -1.807716 -0.652824 -8.390050 12.211775 0.313076 -1.917490 13.685327 -96.475750 2.398833 11.582088 27.855413 -33.831873 -4.971635 1.307864 2.536304 7.849490 5.364420 33.551784 1.264842 90.283454 1.111061 14.921459 -24.478762 32.812318 -4.961163 -2.311626 -0.107541 -7.917159 -23.196752 15.145855 -6.202796 
3.199115 16.341834 93.522057 -3.861430 4.972098 15.100257 -19.870151 -7.865823 -14.557182 5.477748 8.557313 40.654309 2.978106 -6.028782 -10.322679 -0.891667 0.751198 2.795704 26.480400 12.832667 -30.442288 -10.146348 -11.997876 43.274726 1.179919 -2.376663 -20.281450 -1.676280 -6.180582 24.785612 9.078403 -2.585401 1.933205 -0.990927 0.642575 -1.910471 -0.521060 -8.655207 11.963137 0.436716 -1.912993 13.414791 -96.577092 2.056083 11.757513 28.084287 -34.025710 -5.156361 1.328793 2.464814 7.754814 5.399458 33.575613 1.229729 90.328138 1.066867 14.377163 -24.288894 32.624876 -4.767016 -2.199297 -0.288361 -7.719022 -23.266011 15.298294 -6.174954 
3.213640 16.317343 93.832703 -4.109906 4.979118 15.344255 -19.704582 -7.662179 -13.845713 5.563169 8.617076 40.723443 2.943673 -5.658146 -9.339627 -0.899464 0.765353 2.913633 26.416240 13.475479 -31.750498 -9.580090 -11.410453 42.020149 0.455070 -1.563505 -21.410483 -1.515107 -6.426548 24.913847 9.432778 -2.811557 2.088347 -1.030205 0.633706 -1.956134 -0.417115 -8.843385 11.740612 0.505964 -1.927497 13.188650 -96.633493 1.678305 11.917856 28.253798 -34.243128 -5.275042 1.372652 2.389677 7.612191 5.452713 33.581767 1.204210 90.408832 1.032280 13.830267 -24.053154 32.477372 -4.610779 -2.065235 -0.426100 -7.542052 -23.408074 15.360662 -6.196652 
3.226697 16.287699 94.153145 -4.278541 4.949134 15.638584 -19.583223 -7.439723 -13.162818 5.589382 8.711550 40.771026 2.953949 -5.303803 -8.241098 -0.927830 0.781249 3.014922 26.326444 13.865315 -33.059568 -9.344784 -11.144640 41.258870 0.129769 -1.325641 -21.938154 -1.175656 -6.746386 25.245934 9.687661 -2.997532 2.177170 -1.052618 0.589628 -2.027000 -0.333624 -9.101940 11.534430 0.648065 -1.905050 12.887373 -96.705380 1.342852 12.059713 28.457909 -34.462496 -5.468873 1.371345 2.300987 7.474848 5.505383 33.634977 1.150080 90.522504 0.987796 13.232130 -23.847142 32.235751 -4.425689 -1.983419 -0.552945 -7.408427 -23.477672 15.512524 -6.179175 
3.237307 16.256920 94.485527 -4.559543 4.887563 15.944825 -19.328114 -7.183125 -12.446705 5.590539 8.814830 40.749674 2.973810 -4.908477 -7.030393 -0.970546 0.787896 3.057093 26.269922 14.579153 -34.754230 -8.953490 -10.408652 38.243821 -0.248460 -1.254527 -21.803884 -1.196500 -6.879540 25.187043 10.061053 -3.209956 2.204817 -1.087417 0.669613 -2.027157 -0.192911 -9.275375 11.322024 0.679179 -1.866133 12.635641 -96.775387 1.014332 12.221477 28.698587 -34.733149 -5.680500 1.401630 2.215342 7.282893 5.560710 33.663693 1.108503 90.571054 0.915811 12.653279 -23.648827 32.108361 -4.271965 -1.891865 -0.590731 -7.231523 -23.555244 15.505043 -6.234598 
3.239423 16.225785 94.831207 -4.794154 4.813260 16.320528 -19.070891 -6.905754 -11.779621 5.566149 8.917611 40.694096 3.046257 -4.498431 -5.582692 -1.018586 0.804521 3.045211 25.898963 15.116567 -36.541007 -8.198533 -9.470385 34.310546 -0.229730 -1.532972 -20.939491 -0.921649 -7.073925 25.232254 10.414809 -3.343177 2.121849 -1.148254 0.650292 -2.055051 -0.060634 -9.464190 11.095571 0.791493 -1.841405 12.303359 -96.816354 0.804802 12.323773 29.021695 -35.070722 -5.994178 1.387946 2.124914 7.091500 5.595704 33.748508 1.055318 90.621514 0.819444 12.178648 -23.536756 32.012412 -4.172458 -1.833921 -0.697283 -7.173037 -23.569640 15.683412 -6.185488 
3.239289 16.193690 95.195259 -4.954703 5.036895 16.640056 -18.916333 -6.762875 -10.981374 5.684916 8.898653 40.655403 3.083421 -3.989940 -3.820795 -0.996443 0.704577 2.916826 25.499625 15.487281 -38.216486 -7.399105 -8.530139 29.659639 -0.048298 -2.421941 -18.317955 -0.793792 -6.862175 24.880862 10.672090 -3.654086 2.102344 -1.120518 0.579765 -2.088033 0.096705 -9.618734 10.859983 0.826203 -1.826272 12.030162 -96.825865 0.526043 12.493462 29.321352 -35.482775 -6.263185 1.417071 2.088971 6.823234 5.631249 33.815473 1.006976 90.677315 0.726208 11.787174 -23.440406 31.970586 -4.085424 -1.803513 -0.661304 -7.102958 -23.571750 15.762386 -6.172328 
3.234443 16.157809 95.580078 -4.993044 5.504539 16.906256 -18.806439 -6.651402 -10.088074 5.815165 8.814693 40.620929 3.226316 -3.536074 -1.726040 -1.079682 0.609155 2.639292 24.802830 15.427063 -39.775335 -6.201239 -7.754783 25.463164 0.147479 -3.701454 -15.088494 -0.567401 -6.637068 24.421451 10.907685 -4.028562 2.113921 -1.099301 0.337837 -2.139954 0.214616 -9.832136 10.614770 0.950285 -1.770045 11.770054 -96.796834 0.312813 12.654312 29.706746 -35.928153 -6.655827 1.391046 1.988954 6.574776 5.642517 33.942232 0.947686 90.714060 0.729779 11.464790 -23.431756 31.953111 -4.028343 -1.832010 -0.662968 -7.147497 -23.573995 15.903598 -6.062398 
3.232107 16.123629 95.986618 -5.077078 6.301426 17.040031 -18.671922 -6.672844 -8.997086 6.127203 8.651602 40.587751 3.403732 -2.972189 0.763625 -1.089792 0.420660 2.367055 24.157955 15.224013 -41.144122 -5.226779 -7.441740 22.311032 0.595335 -5.111660 -11.723632 -0.473192 -6.322385 23.822962 11.269031 -4.593152 2.294770 -1.085120 -0.030959 -2.208425 0.398194 -9.986032 10.233401 0.938889 -1.738440 11.535952 -96.758409 0.012878 12.773921 30.123747 -36.390522 -7.040883 1.418576 1.892873 6.280420 5.683532 33.998940 0.937749 90.755843 0.778401 11.364984 -23.504588 32.035663 -4.006889 -1.860939 -0.437774 -7.163643 -23.529643 15.916947 -6.007183 
3.228527 16.082846 96.412384 -5.153936 7.096696 17.194612 -18.472869 -6.644251 -7.903528 6.398728 8.526313 40.500117 3.596782 -2.435529 3.521645 -1.214501 0.279197 1.879403 23.602034 14.962526 -42.620976 -4.437701 -7.527906 20.983646 0.653957 -6.199026 -9.353095 -0.436471 -5.930751 23.095542 11.762614 -5.067841 2.406541 -1.141738 -0.426837 -2.276021 0.582474 -10.213536 9.868532 1.013652 -1.737156 11.251993 -96.752381 -0.201266 12.961104 30.592628 -36.912157 -7.535274 1.375509 1.774428 6.007124 5.700648 34.135701 0.882097 90.722304 0.873876 11.183031 -23.617714 32.211645 -3.947456 -1.935375 -0.372095 -7.239291 -23.459199 16.014634 -5.865736 
3.225222 16.045653 96.857895 -5.435141 7.939153 17.362705 -18.026897 -6.602016 -6.788695 6.644711 8.343950 40.306648 4.000579 -1.828847 6.577757 -1.363142 0.072892 1.450244 23.302790 14.829648 -43.915254 -4.002827 -8.237293 21.175624 0.913893 -6.712507 -8.548076 -0.588897 -5.647175 22.576471 12.571154 -5.580606 2.428137 -1.288310 -0.730196 -2.331166 0.801888 -10.426964 9.441721 1.017100 -1.745053 11.077628 -96.830813 -0.397664 13.085112 31.079192 -37.331982 -7.998580 1.363888 1.698118 5.709597 5.726553 34.273256 0.896206 90.687932 1.030235 11.204626 -23.702887 32.387065 -3.922270 -2.031378 -0.181010 -7.315026 -23.435527 16.146331 -5.795706 
3.226339 16.006751 97.326523 -5.845526 8.420757 17.755140 -17.467934 -6.456984 -5.863153 6.858043 8.368274 39.923099 4.538295 -1.285476 10.020572 -1.619051 0.051935 0.795374 23.297878 14.951793 -45.052027 -3.815074 -9.119033 22.602602 0.802133 -6.540800 -9.296464 -0.632903 -5.378316 21.770661 13.543628 -5.753071 2.137327 -1.549301 -0.940946 -2.340562 0.997335 -10.717781 9.084147 1.082045 -1.745670 10.847123 -96.922575 -0.481554 13.258944 31.586495 -37.798964 -8.591868 1.255526 1.673135 5.565951 5.739329 34.450478 0.840806 90.615571 1.105932 11.090184 -23.855556 32.665006 -3.840067 -2.172488 -0.068793 -7.389348 -23.353069 16.198145 -5.633543 
3.223722 15.974959 97.826645 -6.383728 9.014764 18.222515 -16.701178 -6.462939 -4.856511 7.020269 8.427937 39.283741 5.105410 -0.628988 13.962788 -1.815747 -0.171216 0.327119 23.565407 15.105582 -46.136770 -4.012144 -10.390770 24.787381 0.768615 -5.891221 -10.828053 -1.121855 -5.262031 21.412769 14.766369 -5.915660 1.624650 -1.868050 -1.144850 -2.186555 1.239895 -10.974496 8.667401 1.028618 -1.722824 10.614681 -97.122744 -0.565989 13.312149 32.010727 -38.219713 -9.020691 1.194847 1.711665 5.353020 5.757446 34.684159 0.806467 90.589868 1.323582 11.071376 -24.011549 32.797263 -3.847222 -2.287009 0.174863 -7.394460 -23.363793 16.212983 -5.566074 
3.225579 15.943085 98.347267 -6.586919 8.480036 18.525672 -16.591674 -6.566340 -4.800990 6.857396 8.776864 39.528438 6.042356 0.711576 21.962716 -1.828361 -0.209908 -0.334349 23.764367 15.941599 -46.242610 -4.869249 -11.700384 28.434667 0.495845 -4.592920 -14.180258 -1.254646 -5.242423 20.846597 15.089998 -5.587050 1.734195 -2.074271 -0.985309 -2.153453 1.393706 -11.181861 8.255127 1.108174 -1.734313 10.348935 -97.219574 -0.686847 13.448431 32.512651 -38.693610 -9.549787 1.010591 1.840221 5.297195 5.772552 34.917434 0.748575 90.672955 1.663678 10.967842 -24.126741 32.908407 -3.787124 -2.356022 0.326059 -7.425767 -23.287336 16.140590 -5.434705 
3.213433 15.925610 98.900871 -6.812047 7.919090 18.686142 -16.492813 -7.108209 -4.676548 6.641622 9.293672 39.772927 7.193139 2.017595 31.862671 -1.792261 -0.151431 -0.790208 24.215104 16.335761 -46.006367 -5.536349 -12.954368 31.893272 0.205061 -3.183663 -17.019763 -1.509394 -5.141238 20.825315 15.347420 -5.269184 1.908856 -2.187974 -0.802027 -1.976738 1.476005 -11.333662 7.886949 1.116948 -1.662321 10.078029 -97.389065 -0.803693 13.526974 32.889808 -39.030691 -9.965141 0.935388 1.938828 5.240621 5.731514 35.158601 0.656176 90.842711 2.158450 11.002672 -24.118237 32.828157 -3.714174 -2.493960 0.508048 -7.401827 -23.290940 16.150785 -5.291343 
3.210115 15.903081 99.477646 -6.876786 7.012950 18.891719 -16.535300 -8.027790 -4.894491 5.573723 9.342008 40.322360 8.701854 2.379960 43.930908 -1.470780 -0.227449 -0.848941 24.725327 17.218807 -45.073772 -6.763754 -13.721737 34.698110 -0.059953 -2.039009 -19.837020 -1.564509 -5.181621 20.661254 15.191289 -4.760080 2.287388 -2.195400 -0.496481 -2.008663 1.556437 -11.435986 7.562650 1.208049 -1.593429 9.768105 -97.479295 -0.897307 13.716467 33.167470 -39.249084 -10.249706 0.897091 2.024488 5.236317 5.689185 35.270410 0.680987 91.063039 2.634091 10.904216 -24.123912 32.775532 -3.657062 -2.531928 0.475168 -7.258002 -23.239141 16.099352 -5.264527 
3.195820 15.888035 100.073997 -6.510412 5.386169 18.532600 -17.074091 -9.290525 -5.456516 3.951691 9.613388 41.769137 9.859564 -0.299054 48.307533 -1.477248 -0.098857 -0.522977 25.113040 17.516955 -43.214860 -7.450429 -14.086105 37.282798 -0.253923 -0.778669 -22.516396 -1.657078 -4.952829 20.585630 14.095268 -4.051146 3.429793 -1.958453 -0.081275 -1.976907 1.468550 -11.324194 7.230282 1.256490 -1.496488 9.486480 -97.513183 -1.091849 13.811596 33.378403 -39.443451 -10.491143 0.818180 2.133912 5.337419 5.710555 35.375143 0.593707 91.379391 3.369438 11.009168 -24.002041 32.456691 -3.519759 -2.601029 0.544561 -7.113873 -23.304769 16.138538 -5.115245 
3.196996 15.870009 100.684181 -6.178484 3.580369 18.111429 -17.561328 -10.903068 -6.840950 1.883880 9.689397 44.179835 10.386020 -3.359677 52.398784 -1.779033 -0.117426 0.355644 25.722023 17.952566 -40.797346 -8.435946 -14.067248 39.354898 -0.512754 0.260836 -25.022363 -1.751710 -4.972096 20.577478 12.756588 -3.266901 4.797563 -1.510641 0.502926 -2.034812 1.313164 -11.135483 6.903152 1.382810 -1.411320 9.202210 -97.524047 -1.300045 14.056619 33.516649 -39.506068 -10.557787 0.975406 2.177081 5.368903 5.553596 35.211818 0.682277 91.654943 4.214883 10.971356 -23.917975 32.137732 -3.367073 -2.682178 0.348529 -6.796994 -23.274585 16.240768 -5.128940 
3.198682 15.842504 101.316284 -5.434870 1.615531 17.394453 -17.934969 -12.623468 -9.063506 -1.033971 9.429862 47.654646 10.539527 -8.609021 54.017921 -2.388712 0.326645 1.552371 26.028178 17.593333 -37.895864 -8.747388 -13.515952 41.159794 -1.003029 1.120403 -27.829019 -1.511166 -4.714107 20.417927 10.868668 -2.469212 6.471206 -0.933188 1.105169 -2.167748 1.100833 -10.855898 6.543772 1.449309 -1.335686 9.016610 -97.513701 -1.581924 14.154618 33.368019 -39.504720 -10.428424 1.042997 2.157338 5.628042 5.629537 35.072150 0.657623 91.873587 5.035172 10.950442 -23.808401 31.735664 -3.272142 -2.673037 0.124594 -6.577768 -23.389641 16.299078 -4.964963 
3.201322 15.835250 101.943176 -4.900078 0.181135 16.642059 -17.878423 -14.143704 -12.740914 -2.447353 10.184779 51.880242 9.596925 -11.458438 53.192520 -2.483855 0.718464 3.082852 26.466459 16.907782 -34.848066 -9.081579 -13.162938 42.312240 -1.311625 1.903106 -29.857241 -1.567469 -4.736773 20.302365 9.333799 -1.805261 8.019801 -0.294144 1.515906 -2.313967 0.819595 -10.444649 6.348620 1.564154 -1.285645 8.651604 -97.609061 -1.794552 14.188973 33.201469 -39.293316 -10.081119 1.264056 2.083216 5.790243 5.549464 34.650871 0.709648 92.007680 5.956858 10.988633 -23.706232 31.278947 -3.179622 -2.806104 -0.081244 -6.342055 -23.292329 16.367687 -4.821156 
3.206492 15.811215 102.584610 -4.122039 -0.581660 15.875801 -17.492578 -15.357953 -17.274177 -2.356414 11.702324 56.497465 8.384964 -13.559688 49.639246 -3.025502 1.627289 3.457547 26.562128 15.837290 -31.846503 -9.346915 -12.770980 43.319365 -1.883064 2.153812 -32.072985 -1.324189 -4.701943 20.099207 7.911375 -1.558602 9.264041 0.228079 1.706137 -2.378866 0.594239 -10.052023 5.993361 1.586029 -1.206446 8.582998 -97.678760 -2.059553 14.127455 32.747526 -38.981667 -9.676603 1.462273 2.024323 6.029975 5.565462 34.371157 0.748098 92.058745 6.859003 10.931643 -23.660061 30.749792 -3.121308 -2.782855 -0.210632 -5.981330 -23.411213 16.165405 -4.771304 
3.211852 15.810916 103.220810 -3.633328 -0.375788 15.318533 -17.160137 -15.879847 -22.361543 0.640259 13.223332 60.964751 6.750915 -13.424730 42.756748 -2.679475 2.276109 3.813676 26.759192 14.080256 -29.231975 -9.249396 -12.594345 43.783349 -2.210933 2.239129 -33.363408 -1.347680 -4.440354 19.887351 7.201813 -1.744773 10.061420 0.642323 1.596162 -2.556075 0.425462 -9.540473 5.786485 1.644575 -1.235247 8.407101 -97.878779 -2.182084 13.830923 32.142248 -38.363253 -9.006629 1.570480 2.049051 6.366288 5.660856 33.895736 0.751052 92.053447 7.670613 11.042929 -23.654317 30.515674 -3.297266 -2.937367 -0.261727 -6.017051 -23.228357 16.066204 -4.618653 
3.219935 15.817377 103.871300 -3.472037 0.017971 15.013833 -16.458018 -15.403625 -27.460371 5.659212 15.863247 64.677627 4.316833 -10.973487 30.606909 -1.870847 2.836461 3.393449 27.134463 12.853970 -26.361295 -9.077346 -12.582599 43.491504 -2.634622 1.781876 -34.291425 -1.132877 -4.468232 19.779834 7.060392 -1.882708 10.267989 0.821103 1.417682 -2.491082 0.354977 -9.145877 5.544616 1.593484 -1.153460 8.378132 -98.065783 -2.227269 13.581277 31.448603 -37.692916 -8.423629 1.784903 1.950418 6.697439 5.504537 33.687031 0.724869 91.983024 8.424172 11.206055 -23.739300 30.323605 -3.502676 -2.927622 0.161277 -5.795594 -23.132166 15.357860 -4.752428 
3.230940 15.832350 104.539886 -3.493708 0.873845 14.907435 -15.801563 -14.952118 -31.566876 10.420071 17.696701 67.248351 1.759332 -9.324176 14.254168 -1.740103 2.978667 3.186546 27.743460 11.143614 -23.676556 -8.796066 -12.454053 42.754825 -2.825505 1.268204 -34.549531 -1.272884 -4.301561 19.538699 7.272249 -2.235465 10.174325 1.035906 1.160279 -2.539976 0.211546 -8.782232 5.376014 1.588365 -1.108442 8.236877 -98.274604 -2.088446 13.234782 30.742812 -36.848393 -7.879384 1.865712 1.906791 7.071251 5.528057 33.354971 0.747675 91.847991 9.137973 11.646038 -23.829416 30.611557 -3.785749 -3.021004 0.234781 -6.028614 -22.941800 15.028783 -4.878011 
3.231997 15.860373 105.224762 -3.604562 1.621194 14.963070 -15.033051 -14.885980 -35.593443 12.948785 18.048413 69.117253 0.546391 -8.925449 0.699270 -1.283394 2.792102 3.883263 28.265458 9.801122 -20.874392 -8.080586 -12.334013 41.605375 -2.931251 0.279283 -34.149524 -1.222913 -4.423518 19.550217 7.484089 -2.419597 9.805107 1.208406 0.967746 -2.458700 0.237164 -8.463913 5.161068 1.500334 -1.067637 8.247037 -98.425142 -1.849018 13.078792 30.174806 -36.257482 -7.462579 1.916850 1.938497 7.530355 5.393306 33.336483 0.654960 91.798704 9.994738 12.356901 -24.051223 31.007354 -3.956964 -3.100805 0.603703 -6.561150 -22.676242 14.767819 -4.907615 
3.230232 15.894677 105.937286 -3.510517 2.000149 14.988269 -14.496755 -15.323421 -38.639357 13.873548 18.148723 70.626668 0.884073 -7.976695 -6.506160 -1.255877 2.692508 4.408517 28.497658 8.349134 -17.985814 -7.351963 -12.132152 40.354027 -2.614232 -0.495577 -32.891767 -1.367495 -4.383844 19.460816 7.227667 -2.508250 9.410406 1.543578 0.887921 -2.274597 0.121885 -8.162656 4.937048 1.462074 -0.956276 8.274368 -98.526122 -1.475911 12.823937 29.677990 -35.793305 -7.123253 2.068493 1.929317 7.869374 5.294368 33.376014 0.759616 91.762227 10.611083 13.179087 -24.249052 31.601518 -4.277409 -3.206551 0.754086 -7.087140 -22.380883 14.657258 -5.002681 
3.219745 15.923098 106.683090 -3.298358 2.110046 15.165073 -14.427338 -15.851421 -40.988677 14.372002 18.107269 71.341764 1.753055 -7.201692 -8.809901 -1.705761 2.649137 4.320170 28.504471 7.044634 -15.306111 -6.437244 -11.659673 39.416942 -2.117521 -1.767783 -30.902276 -1.440524 -4.464166 19.521140 6.728253 -2.415856 8.902626 1.940075 0.968439 -2.119258 0.033912 -7.953611 4.805838 1.382913 -0.860151 8.316340 -98.554274 -1.177077 12.880379 29.283004 -35.538363 -6.720394 2.083501 2.022987 8.167905 5.224064 33.361507 0.789793 91.527988 11.057157 13.653464 -24.509492 32.188115 -4.588814 -3.454435 1.215594 -7.612541 -21.949487 14.809469 -5.037356 
3.208408 15.941519 107.467499 -2.898691 2.001298 15.331929 -14.588817 -16.461695 -42.538112 14.884811 18.014206 71.223589 2.169671 -7.007317 -10.189786 -1.369114 2.520379 3.859148 28.284016 5.801906 -12.789336 -5.963423 -11.405949 38.868112 -1.285043 -3.034579 -27.818765 -1.481252 -4.571517 19.623349 5.839282 -2.367055 8.286911 2.405724 1.091685 -1.868682 -0.033918 -7.817133 4.727614 1.261282 -0.727028 8.270892 -98.379898 -0.676325 12.687000 29.001068 -35.346048 -6.351978 2.046350 2.021537 8.411702 5.194599 33.418375 0.952529 91.282376 11.121714 14.085184 -24.813452 32.911432 -5.014322 -3.277840 1.588483 -7.747907 -21.914868 14.759112 -5.276259 
3.199864 15.953788 108.268814 -2.525767 1.554364 15.509737 -14.551761 -16.683377 -43.818487 14.816498 18.476901 70.598711 2.617016 -7.209036 -10.683844 -1.421005 2.382362 3.524648 28.086853 4.563001 -11.142633 -6.051417 -11.220481 38.985836 -0.099057 -5.303440 -23.030161 -1.385639 -4.639789 19.866581 5.011412 -2.170534 7.758741 2.705109 1.405598 -1.732705 -0.067342 -7.792345 4.775969 1.125605 -0.690009 8.224143 -98.298856 -0.393730 12.812905 28.667818 -34.982003 -5.985849 2.061095 1.997064 8.531814 5.054821 33.341209 0.995417 91.209690 11.194976 14.289674 -25.054478 33.341230 -5.193608 -3.276098 1.950921 -7.923781 -21.839879 14.778976 -5.538919 
3.195738 15.955186 109.077164 -2.208796 1.084279 15.641110 -15.050634 -16.894225 -43.792623 15.252867 18.722724 69.838453 2.623245 -7.402756 -10.306358 -1.269174 2.497331 3.368062 27.901770 3.627428 -10.220988 -6.803176 -11.786730 39.816936 1.540274 -8.664982 -16.341044 -0.956997 -4.516171 20.074839 4.142529 -1.954046 7.343746 3.065298 1.536912 -1.636858 -0.192216 -7.814273 4.841420 1.163713 -0.668800 8.222361 -98.305034 -0.091500 12.778989 28.509465 -34.901614 -5.713320 2.001340 1.911457 8.564989 5.039662 33.373321 0.844197 91.329419 11.016234 14.597833 -25.250499 33.525684 -5.182598 -3.282492 2.182665 -8.065512 -22.150291 14.667261 -5.712836 
